CGPA,Internship_Experience,Projects,Certifications,AptitudeTestScore,Communication_Skills,Placement_Status,Technical_Skills,Placement_Label,Internship_Flag
0.10165739941179809,0.050554537486061424,-1.0852784214895703,-1.0318557299675197,-1.2006232629660154,-0.6823984345920682,NotPlaced,-1.121576165093496,0,1
-0.057044612920247185,1.611519271292134,1.2717988986409308,0.09119891761650768,0.2136556397706218,0.06229544063683744,NotPlaced,1.3540388776493464,0,1
-1.0092566869125132,0.050554537486061424,-1.0852784214895703,0.09119891761650768,-1.843477309664487,-0.4341671428491004,NotPlaced,-0.5910872273628871,0,1
0.4190614240758872,0.050554537486061424,1.2717988986409308,1.2142535652005348,1.4993637331675649,1.3034518993516808,Placed,1.3540388776493464,1,1
-1.4853627239086462,-1.5104101963200112,0.09326023857568026,0.09119891761650768,-0.943481644286627,-1.4270923098209738,NotPlaced,-0.41425758145268365,0,0
0.8951674610720188,1.611519271292134,1.2717988986409308,1.2142535652005348,1.4993637331675649,1.3034518993516808,Placed,1.8845278153799556,1,1
1.2125714857361094,1.611519271292134,1.2717988986409308,1.2142535652005348,1.3707929238278704,0.5587580241227753,Placed,1.8845278153799556,1,1
-0.3744486375843349,-1.5104101963200112,-1.0852784214895703,-1.0318557299675197,0.0850848304309275,-2.4200174767928493,NotPlaced,-1.6520651028241051,0,0
-0.691852662248424,0.050554537486061424,0.09326023857568026,1.2142535652005348,-0.4291984069278497,0.06229544063683744,NotPlaced,0.6467202940085341,0,1
-0.3744486375843349,0.050554537486061424,-1.0852784214895703,2.337308212784562,-1.0720524536263212,0.5587580241227753,NotPlaced,0.46989064809833114,0,1
-0.5331506499163802,0.050554537486061424,1.2717988986409308,-1.0318557299675197,1.4993637331675649,1.0552206076087132,NotPlaced,0.2930610021881282,0,1
0.8951674610720188,-1.5104101963200112,-1.0852784214895703,0.09119891761650768,0.2136556397706218,1.3034518993516808,Placed,-1.121576165093496,1,0
-0.3744486375843349,-1.5104101963200112,-1.0852784214895703,0.09119891761650768,0.4707972584500104,0.5587580241227753,NotPlaced,-1.121576165093496,0,0
1.0538694734040654,0.050554537486061424,-1.0852784214895703,-1.0318557299675197,0.2136556397706218,0.31052673237980744,NotPlaced,-1.121576165093496,0,1
0.577763436407931,0.050554537486061424,-1.0852784214895703,0.09119891761650768,-0.1720567882484611,-1.4270923098209738,NotPlaced,-0.5910872273628871,0,1
-0.691852662248424,-1.5104101963200112,0.09326023857568026,0.09119891761650768,-0.1720567882484611,0.8069893158657431,NotPlaced,-0.41425758145268365,0,0
0.577763436407931,0.050554537486061424,1.2717988986409308,-1.0318557299675197,1.113651305148482,0.06229544063683744,NotPlaced,0.2930610021881282,0,1
0.10165739941179809,0.050554537486061424,1.2717988986409308,1.2142535652005348,1.4993637331675649,1.0552206076087132,Placed,1.3540388776493464,1,1
1.688677522732241,-1.5104101963200112,1.2717988986409308,1.2142535652005348,1.2422221144881762,1.0552206076087132,Placed,0.8235499399187379,1,0
-0.21574662525229105,0.050554537486061424,-1.0852784214895703,0.09119891761650768,1.113651305148482,1.0552206076087132,Placed,-0.5910872273628871,1,1
-1.8027667485727352,-1.5104101963200112,-1.0852784214895703,0.09119891761650768,-0.6863400256072383,-1.1788610180780061,NotPlaced,-1.121576165093496,0,0
1.3712734980681531,1.611519271292134,1.2717988986409308,1.2142535652005348,1.4993637331675649,0.8069893158657431,Placed,1.8845278153799556,1,1
1.688677522732241,0.050554537486061424,0.09326023857568026,0.09119891761650768,-0.3006275975881554,-0.18593585110613037,Placed,0.11623135627792522,1,1
-1.167958699244557,-1.5104101963200112,-1.0852784214895703,1.2142535652005348,-0.3006275975881554,1.3034518993516808,Placed,-0.5910872273628871,1,0
0.10165739941179809,-1.5104101963200112,-1.0852784214895703,-1.0318557299675197,-0.1720567882484611,-0.4341671428491004,Placed,-1.6520651028241051,1,0
0.577763436407931,0.050554537486061424,-1.0852784214895703,-1.0318557299675197,-0.557769216267544,0.5587580241227753,NotPlaced,-1.121576165093496,0,1
-1.8027667485727352,0.050554537486061424,-1.0852784214895703,0.09119891761650768,-1.457764881645404,-1.6753236015639428,NotPlaced,-0.5910872273628871,0,1
-0.057044612920247185,-1.5104101963200112,-1.0852784214895703,-1.0318557299675197,0.8565096864690933,-0.4341671428491004,NotPlaced,-1.6520651028241051,0,0
-0.057044612920247185,0.050554537486061424,-1.0852784214895703,0.09119891761650768,-0.6863400256072383,-0.4341671428491004,NotPlaced,-0.5910872273628871,0,1
-0.3744486375843349,0.050554537486061424,-1.0852784214895703,-1.0318557299675197,-0.3006275975881554,-2.1717861850498807,NotPlaced,-1.121576165093496,0,1
0.736465448739975,1.611519271292134,1.2717988986409308,1.2142535652005348,0.34222644911031613,0.5587580241227753,Placed,1.8845278153799556,1,1
-0.5331506499163802,-1.5104101963200112,-1.0852784214895703,0.09119891761650768,-0.3006275975881554,-0.18593585110613037,NotPlaced,-1.121576165093496,0,0
1.2125714857361094,1.611519271292134,1.2717988986409308,1.2142535652005348,1.4993637331675649,0.5587580241227753,Placed,1.8845278153799556,1,1
-1.6440647362406915,-1.5104101963200112,-1.0852784214895703,2.337308212784562,-0.4291984069278497,-0.9306297263350372,NotPlaced,-0.06059828963227817,0,0
-0.21574662525229105,-1.5104101963200112,-1.0852784214895703,0.09119891761650768,0.0850848304309275,0.31052673237980744,NotPlaced,-1.121576165093496,0,0
-1.8027667485727352,0.050554537486061424,-1.0852784214895703,-1.0318557299675197,-1.3291940723057099,-0.4341671428491004,NotPlaced,-1.121576165093496,0,1
-0.21574662525229105,0.050554537486061424,-1.0852784214895703,-1.0318557299675197,-2.3577605470232643,-0.9306297263350372,NotPlaced,-1.121576165093496,0,1
0.736465448739975,0.050554537486061424,0.09326023857568026,0.09119891761650768,0.9850804958087876,1.3034518993516808,Placed,0.11623135627792522,1,1
1.529975510400197,1.611519271292134,0.09326023857568026,1.2142535652005348,0.34222644911031613,1.3034518993516808,Placed,1.177209231739143,1,1
-1.0092566869125132,-1.5104101963200112,-1.0852784214895703,0.09119891761650768,0.8565096864690933,1.3034518993516808,NotPlaced,-1.121576165093496,0,0
0.10165739941179809,1.611519271292134,-1.0852784214895703,0.09119891761650768,-1.0720524536263212,-1.9235548933069118,Placed,-0.06059828963227817,1,1
0.8951674610720188,-1.5104101963200112,0.09326023857568026,1.2142535652005348,1.4993637331675649,1.3034518993516808,Placed,0.11623135627792522,1,0
-0.21574662525229105,0.050554537486061424,-1.0852784214895703,-1.0318557299675197,-0.3006275975881554,0.06229544063683744,NotPlaced,-1.121576165093496,0,1
1.0538694734040654,0.050554537486061424,1.2717988986409308,0.09119891761650768,0.34222644911031613,1.3034518993516808,NotPlaced,0.8235499399187379,0,1
-0.21574662525229105,0.050554537486061424,-1.0852784214895703,-1.0318557299675197,0.727938877129399,0.06229544063683744,NotPlaced,-1.121576165093496,0,1
0.260359411743842,0.050554537486061424,0.09326023857568026,-1.0318557299675197,0.5993680677897048,1.3034518993516808,Placed,-0.41425758145268365,1,1
0.577763436407931,-1.5104101963200112,1.2717988986409308,0.09119891761650768,1.4993637331675649,1.3034518993516808,NotPlaced,0.2930610021881282,0,0
-0.21574662525229105,-1.5104101963200112,1.2717988986409308,-1.0318557299675197,-0.0434859789087668,1.0552206076087132,NotPlaced,-0.2374279355424807,0,0
-0.3744486375843349,0.050554537486061424,-1.0852784214895703,0.09119891761650768,-0.3006275975881554,0.8069893158657431,NotPlaced,-0.5910872273628871,0,1
1.3712734980681531,-1.5104101963200112,-1.0852784214895703,-1.0318557299675197,-0.557769216267544,0.06229544063683744,NotPlaced,-1.6520651028241051,0,0
-1.8027667485727352,0.050554537486061424,1.2717988986409308,0.09119891761650768,-0.3006275975881554,0.8069893158657431,Placed,0.8235499399187379,1,1
0.8951674610720188,0.050554537486061424,1.2717988986409308,-1.0318557299675197,1.4993637331675649,1.0552206076087132,Placed,0.2930610021881282,1,1
-0.21574662525229105,0.050554537486061424,-1.0852784214895703,-1.0318557299675197,0.8565096864690933,-0.18593585110613037,NotPlaced,-1.121576165093496,0,1
-0.5331506499163802,0.050554537486061424,-1.0852784214895703,0.09119891761650768,-0.4291984069278497,-1.4270923098209738,NotPlaced,-0.5910872273628871,0,1
0.8951674610720188,1.611519271292134,1.2717988986409308,1.2142535652005348,1.113651305148482,1.3034518993516808,Placed,1.8845278153799556,1,1
-0.3744486375843349,0.050554537486061424,-1.0852784214895703,-1.0318557299675197,-0.557769216267544,0.31052673237980744,Placed,-1.121576165093496,1,1
0.10165739941179809,1.611519271292134,-1.0852784214895703,0.09119891761650768,0.2136556397706218,1.0552206076087132,Placed,-0.06059828963227817,1,1
-0.21574662525229105,-1.5104101963200112,0.09326023857568026,-1.0318557299675197,-1.2006232629660154,-1.4270923098209738,NotPlaced,-0.944746519183293,0,0
-0.057044612920247185,0.050554537486061424,0.09326023857568026,0.09119891761650768,-0.8149108349469326,0.31052673237980744,NotPlaced,0.11623135627792522,0,1
0.260359411743842,-1.5104101963200112,0.09326023857568026,-1.0318557299675197,0.0850848304309275,0.5587580241227753,NotPlaced,-0.944746519183293,0,0
0.4190614240758872,0.050554537486061424,0.09326023857568026,2.337308212784562,0.2136556397706218,1.0552206076087132,NotPlaced,1.177209231739143,0,1
0.577763436407931,1.611519271292134,-1.0852784214895703,-1.0318557299675197,0.5993680677897048,0.31052673237980744,Placed,-0.5910872273628871,1,1
0.736465448739975,-1.5104101963200112,1.2717988986409308,1.2142535652005348,0.8565096864690933,1.0552206076087132,NotPlaced,0.8235499399187379,0,0
-0.3744486375843349,0.050554537486061424,-1.0852784214895703,0.09119891761650768,-1.5863356909850983,-1.9235548933069118,NotPlaced,-0.5910872273628871,0,1
0.260359411743842,1.611519271292134,1.2717988986409308,1.2142535652005348,0.8565096864690933,0.8069893158657431,NotPlaced,1.8845278153799556,0,1
0.8951674610720188,-1.5104101963200112,1.2717988986409308,1.2142535652005348,0.34222644911031613,0.5587580241227753,NotPlaced,0.8235499399187379,0,0
1.2125714857361094,1.611519271292134,1.2717988986409308,0.09119891761650768,1.3707929238278704,0.8069893158657431,NotPlaced,1.3540388776493464,0,1
-0.3744486375843349,-1.5104101963200112,0.09326023857568026,-1.0318557299675197,-0.943481644286627,-0.6823984345920682,Placed,-0.944746519183293,1,0
-1.8027667485727352,-1.5104101963200112,0.09326023857568026,1.2142535652005348,-0.0434859789087668,-0.18593585110613037,NotPlaced,0.11623135627792522,0,0
1.0538694734040654,1.611519271292134,-1.0852784214895703,-1.0318557299675197,0.9850804958087876,1.3034518993516808,NotPlaced,-0.5910872273628871,0,1
1.0538694734040654,0.050554537486061424,1.2717988986409308,-1.0318557299675197,0.727938877129399,0.31052673237980744,NotPlaced,0.2930610021881282,0,1
-1.3266607115766023,0.050554537486061424,0.09326023857568026,-1.0318557299675197,-0.6863400256072383,0.06229544063683744,Placed,-0.41425758145268365,1,1
1.3712734980681531,1.611519271292134,1.2717988986409308,1.2142535652005348,1.4993637331675649,1.3034518993516808,Placed,1.8845278153799556,1,1
-1.8027667485727352,0.050554537486061424,-1.0852784214895703,-1.0318557299675197,0.0850848304309275,-0.6823984345920682,NotPlaced,-1.121576165093496,0,1
0.10165739941179809,0.050554537486061424,-1.0852784214895703,-1.0318557299675197,0.4707972584500104,0.5587580241227753,NotPlaced,-1.121576165093496,0,1
-1.8027667485727352,1.611519271292134,-1.0852784214895703,-1.0318557299675197,-0.4291984069278497,-0.6823984345920682,NotPlaced,-0.5910872273628871,0,1
-1.6440647362406915,-1.5104101963200112,0.09326023857568026,-1.0318557299675197,-1.843477309664487,-2.4200174767928493,NotPlaced,-0.944746519183293,0,0
0.4190614240758872,0.050554537486061424,0.09326023857568026,1.2142535652005348,0.9850804958087876,1.3034518993516808,NotPlaced,0.6467202940085341,0,1
-1.6440647362406915,-1.5104101963200112,-1.0852784214895703,-1.0318557299675197,-0.943481644286627,-1.1788610180780061,NotPlaced,-1.6520651028241051,0,0
0.10165739941179809,0.050554537486061424,-1.0852784214895703,0.09119891761650768,-1.2006232629660154,0.5587580241227753,NotPlaced,-0.5910872273628871,0,1
-0.8505546745804693,1.611519271292134,-1.0852784214895703,2.337308212784562,-0.943481644286627,1.3034518993516808,NotPlaced,1.00037958582894,0,1
-1.8027667485727352,-1.5104101963200112,-1.0852784214895703,-1.0318557299675197,0.9850804958087876,-0.9306297263350372,NotPlaced,-1.6520651028241051,0,0
-0.3744486375843349,-1.5104101963200112,-1.0852784214895703,-1.0318557299675197,0.0850848304309275,-0.6823984345920682,NotPlaced,-1.6520651028241051,0,0
1.0538694734040654,0.050554537486061424,1.2717988986409308,-1.0318557299675197,0.727938877129399,0.8069893158657431,NotPlaced,0.2930610021881282,0,1
0.8951674610720188,1.611519271292134,1.2717988986409308,1.2142535652005348,0.4707972584500104,1.3034518993516808,Placed,1.8845278153799556,1,1
0.260359411743842,0.050554537486061424,0.09326023857568026,-1.0318557299675197,-0.0434859789087668,1.3034518993516808,Placed,-0.41425758145268365,1,1
1.8473795350642876,-1.5104101963200112,-1.0852784214895703,1.2142535652005348,1.4993637331675649,1.3034518993516808,NotPlaced,-0.5910872273628871,0,0
-0.057044612920247185,1.611519271292134,0.09326023857568026,-1.0318557299675197,-0.6863400256072383,0.31052673237980744,Placed,0.11623135627792522,1,1
1.0538694734040654,-1.5104101963200112,0.09326023857568026,-1.0318557299675197,-1.457764881645404,0.31052673237980744,NotPlaced,-0.944746519183293,0,0
-1.8027667485727352,-1.5104101963200112,-1.0852784214895703,-1.0318557299675197,0.8565096864690933,-0.9306297263350372,NotPlaced,-1.6520651028241051,0,0
1.529975510400197,1.611519271292134,1.2717988986409308,1.2142535652005348,1.4993637331675649,1.3034518993516808,Placed,1.8845278153799556,1,1
1.0538694734040654,-1.5104101963200112,1.2717988986409308,1.2142535652005348,1.3707929238278704,1.3034518993516808,Placed,0.8235499399187379,1,0
1.3712734980681531,-1.5104101963200112,-1.0852784214895703,0.09119891761650768,-1.843477309664487,-1.1788610180780061,NotPlaced,-1.121576165093496,0,0
-0.21574662525229105,0.050554537486061424,-1.0852784214895703,1.2142535652005348,-0.0434859789087668,0.31052673237980744,NotPlaced,-0.060598289632277744,0,1
0.260359411743842,0.050554537486061424,-1.0852784214895703,-1.0318557299675197,-0.1720567882484611,-0.4341671428491004,NotPlaced,-1.121576165093496,0,1
-0.691852662248424,0.050554537486061424,-1.0852784214895703,-1.0318557299675197,-1.0720524536263212,-1.4270923098209738,NotPlaced,-1.121576165093496,0,1
1.2125714857361094,0.050554537486061424,1.2717988986409308,-1.0318557299675197,0.4707972584500104,0.06229544063683744,Placed,0.2930610021881282,1,1
-0.691852662248424,0.050554537486061424,0.09326023857568026,-1.0318557299675197,0.2136556397706218,0.8069893158657431,NotPlaced,-0.41425758145268365,0,1
-1.8027667485727352,0.050554537486061424,0.09326023857568026,-1.0318557299675197,0.5993680677897048,0.5587580241227753,NotPlaced,-0.41425758145268365,0,1
0.10165739941179809,1.611519271292134,0.09326023857568026,1.2142535652005348,1.4993637331675649,1.0552206076087132,Placed,1.177209231739143,1,1
1.3712734980681531,0.050554537486061424,0.09326023857568026,-1.0318557299675197,1.113651305148482,1.0552206076087132,Placed,-0.41425758145268365,1,1
0.260359411743842,-1.5104101963200112,-1.0852784214895703,0.09119891761650768,-0.6863400256072383,1.3034518993516808,Placed,-1.121576165093496,1,0
1.0538694734040654,1.611519271292134,-1.0852784214895703,0.09119891761650768,0.5993680677897048,0.5587580241227753,NotPlaced,-0.06059828963227817,0,1
0.8951674610720188,0.050554537486061424,0.09326023857568026,0.09119891761650768,-0.1720567882484611,-1.4270923098209738,Placed,0.11623135627792522,1,1
-0.21574662525229105,0.050554537486061424,0.09326023857568026,1.2142535652005348,0.0850848304309275,-0.18593585110613037,Placed,0.6467202940085341,1,1
1.3712734980681531,0.050554537486061424,0.09326023857568026,1.2142535652005348,0.0850848304309275,0.06229544063683744,Placed,0.6467202940085341,1,1
-1.8027667485727352,0.050554537486061424,-1.0852784214895703,-1.0318557299675197,-1.457764881645404,-0.6823984345920682,NotPlaced,-1.121576165093496,0,1
1.8473795350642876,0.050554537486061424,0.09326023857568026,1.2142535652005348,1.4993637331675649,1.3034518993516808,Placed,0.6467202940085341,1,1
-0.8505546745804693,-1.5104101963200112,-1.0852784214895703,-1.0318557299675197,1.113651305148482,0.31052673237980744,Placed,-1.6520651028241051,1,0
-0.057044612920247185,0.050554537486061424,-1.0852784214895703,1.2142535652005348,0.8565096864690933,0.06229544063683744,Placed,-0.060598289632277744,1,1
-0.691852662248424,1.611519271292134,1.2717988986409308,1.2142535652005348,1.4993637331675649,1.0552206076087132,Placed,1.8845278153799556,1,1
-0.057044612920247185,0.050554537486061424,-1.0852784214895703,-1.0318557299675197,-0.6863400256072383,-0.18593585110613037,NotPlaced,-1.121576165093496,0,1
1.2125714857361094,1.611519271292134,1.2717988986409308,1.2142535652005348,1.4993637331675649,1.0552206076087132,Placed,1.8845278153799556,1,1
0.10165739941179809,-1.5104101963200112,-1.0852784214895703,0.09119891761650768,-2.3577605470232643,1.0552206076087132,NotPlaced,-1.121576165093496,0,0
-1.6440647362406915,0.050554537486061424,-1.0852784214895703,0.09119891761650768,-0.8149108349469326,0.06229544063683744,NotPlaced,-0.5910872273628871,0,1
-1.4853627239086462,-1.5104101963200112,-1.0852784214895703,0.09119891761650768,-1.0720524536263212,0.5587580241227753,NotPlaced,-1.121576165093496,0,0
0.260359411743842,0.050554537486061424,-1.0852784214895703,0.09119891761650768,-0.1720567882484611,-0.6823984345920682,NotPlaced,-0.5910872273628871,0,1
-0.3744486375843349,0.050554537486061424,1.2717988986409308,-1.0318557299675197,-1.0720524536263212,-1.1788610180780061,NotPlaced,0.2930610021881282,0,1
-0.057044612920247185,0.050554537486061424,0.09326023857568026,1.2142535652005348,-0.6863400256072383,1.0552206076087132,NotPlaced,0.6467202940085341,0,1
1.3712734980681531,0.050554537486061424,1.2717988986409308,1.2142535652005348,-0.4291984069278497,-0.4341671428491004,Placed,1.3540388776493464,1,1
-0.057044612920247185,0.050554537486061424,-1.0852784214895703,-1.0318557299675197,0.2136556397706218,-0.9306297263350372,NotPlaced,-1.121576165093496,0,1
-0.5331506499163802,1.611519271292134,1.2717988986409308,1.2142535652005348,1.4993637331675649,0.8069893158657431,Placed,1.8845278153799556,1,1
-1.8027667485727352,0.050554537486061424,-1.0852784214895703,0.09119891761650768,-2.22918973768357,-2.916480060278785,NotPlaced,-0.5910872273628871,0,1
-0.5331506499163802,0.050554537486061424,1.2717988986409308,-1.0318557299675197,-0.943481644286627,0.5587580241227753,NotPlaced,0.2930610021881282,0,1
-0.3744486375843349,0.050554537486061424,-1.0852784214895703,0.09119891761650768,-0.943481644286627,0.06229544063683744,NotPlaced,-0.5910872273628871,0,1
0.736465448739975,1.611519271292134,1.2717988986409308,-1.0318557299675197,0.34222644911031613,1.3034518993516808,NotPlaced,0.8235499399187379,0,1
-0.057044612920247185,-1.5104101963200112,-1.0852784214895703,0.09119891761650768,-1.7149065003247927,-0.4341671428491004,NotPlaced,-1.121576165093496,0,0
0.4190614240758872,0.050554537486061424,0.09326023857568026,0.09119891761650768,0.8565096864690933,1.3034518993516808,Placed,0.11623135627792522,1,1
0.4190614240758872,0.050554537486061424,1.2717988986409308,1.2142535652005348,1.2422221144881762,1.3034518993516808,NotPlaced,1.3540388776493464,0,1
-1.8027667485727352,-1.5104101963200112,-1.0852784214895703,-1.0318557299675197,0.0850848304309275,-0.18593585110613037,Placed,-1.6520651028241051,1,0
0.577763436407931,-1.5104101963200112,-1.0852784214895703,-1.0318557299675197,0.34222644911031613,0.5587580241227753,NotPlaced,-1.6520651028241051,0,0
-1.8027667485727352,-1.5104101963200112,-1.0852784214895703,0.09119891761650768,0.34222644911031613,-0.4341671428491004,NotPlaced,-1.121576165093496,0,0
-0.5331506499163802,0.050554537486061424,-1.0852784214895703,-1.0318557299675197,-0.3006275975881554,0.06229544063683744,NotPlaced,-1.121576165093496,0,1
1.0538694734040654,1.611519271292134,1.2717988986409308,1.2142535652005348,1.4993637331675649,1.3034518993516808,Placed,1.8845278153799556,1,1
0.8951674610720188,1.611519271292134,1.2717988986409308,1.2142535652005348,1.2422221144881762,1.3034518993516808,Placed,1.8845278153799556,1,1
0.736465448739975,0.050554537486061424,1.2717988986409308,1.2142535652005348,1.4993637331675649,1.0552206076087132,Placed,1.3540388776493464,1,1
-0.21574662525229105,0.050554537486061424,-1.0852784214895703,0.09119891761650768,-1.5863356909850983,0.06229544063683744,NotPlaced,-0.5910872273628871,0,1
0.260359411743842,0.050554537486061424,-1.0852784214895703,1.2142535652005348,0.4707972584500104,0.06229544063683744,Placed,-0.060598289632277744,1,1
-0.21574662525229105,-1.5104101963200112,-1.0852784214895703,-1.0318557299675197,-1.7149065003247927,-0.9306297263350372,NotPlaced,-1.6520651028241051,0,0
1.0538694734040654,1.611519271292134,-1.0852784214895703,0.09119891761650768,1.4993637331675649,0.8069893158657431,NotPlaced,-0.06059828963227817,0,1
1.0538694734040654,0.050554537486061424,-1.0852784214895703,1.2142535652005348,0.4707972584500104,0.06229544063683744,NotPlaced,-0.060598289632277744,0,1
-1.0092566869125132,0.050554537486061424,0.09326023857568026,0.09119891761650768,0.5993680677897048,1.3034518993516808,NotPlaced,0.11623135627792522,0,1
1.8473795350642876,1.611519271292134,1.2717988986409308,1.2142535652005348,1.4993637331675649,0.8069893158657431,Placed,1.8845278153799556,1,1
0.8951674610720188,-1.5104101963200112,-1.0852784214895703,0.09119891761650768,0.8565096864690933,1.0552206076087132,NotPlaced,-1.121576165093496,0,0
0.10165739941179809,0.050554537486061424,-1.0852784214895703,1.2142535652005348,1.2422221144881762,-0.18593585110613037,Placed,-0.060598289632277744,1,1
0.8951674610720188,0.050554537486061424,-1.0852784214895703,-1.0318557299675197,-0.1720567882484611,-0.4341671428491004,NotPlaced,-1.121576165093496,0,1
-0.21574662525229105,0.050554537486061424,-1.0852784214895703,-1.0318557299675197,-1.2006232629660154,0.06229544063683744,NotPlaced,-1.121576165093496,0,1
0.10165739941179809,0.050554537486061424,-1.0852784214895703,0.09119891761650768,-2.3577605470232643,-1.6753236015639428,NotPlaced,-0.5910872273628871,0,1
0.10165739941179809,0.050554537486061424,1.2717988986409308,1.2142535652005348,1.4993637331675649,1.3034518993516808,Placed,1.3540388776493464,1,1
0.4190614240758872,0.050554537486061424,-1.0852784214895703,0.09119891761650768,0.0850848304309275,-0.4341671428491004,NotPlaced,-0.5910872273628871,0,1
-0.21574662525229105,0.050554537486061424,-1.0852784214895703,0.09119891761650768,-1.3291940723057099,0.31052673237980744,NotPlaced,-0.5910872273628871,0,1
-0.057044612920247185,0.050554537486061424,-1.0852784214895703,-1.0318557299675197,-0.8149108349469326,-1.1788610180780061,NotPlaced,-1.121576165093496,0,1
0.8951674610720188,1.611519271292134,1.2717988986409308,1.2142535652005348,1.4993637331675649,1.3034518993516808,NotPlaced,1.8845278153799556,0,1
-0.3744486375843349,0.050554537486061424,-1.0852784214895703,-1.0318557299675197,-1.3291940723057099,0.31052673237980744,NotPlaced,-1.121576165093496,0,1
1.0538694734040654,0.050554537486061424,1.2717988986409308,1.2142535652005348,0.4707972584500104,1.3034518993516808,Placed,1.3540388776493464,1,1
1.3712734980681531,0.050554537486061424,1.2717988986409308,-1.0318557299675197,-0.557769216267544,0.06229544063683744,Placed,0.2930610021881282,1,1
1.3712734980681531,0.050554537486061424,1.2717988986409308,1.2142535652005348,1.4993637331675649,1.3034518993516808,Placed,1.3540388776493464,1,1
-1.8027667485727352,1.611519271292134,-1.0852784214895703,-1.0318557299675197,-1.7149065003247927,-2.4200174767928493,NotPlaced,-0.5910872273628871,0,1
-0.057044612920247185,0.050554537486061424,0.09326023857568026,1.2142535652005348,-0.4291984069278497,1.0552206076087132,NotPlaced,0.6467202940085341,0,1
-1.6440647362406915,0.050554537486061424,1.2717988986409308,1.2142535652005348,1.3707929238278704,0.5587580241227753,Placed,1.3540388776493464,1,1
0.260359411743842,0.050554537486061424,0.09326023857568026,-1.0318557299675197,-1.0720524536263212,0.06229544063683744,NotPlaced,-0.41425758145268365,0,1
0.8951674610720188,0.050554537486061424,-1.0852784214895703,1.2142535652005348,0.9850804958087876,0.31052673237980744,NotPlaced,-0.060598289632277744,0,1
0.8951674610720188,0.050554537486061424,0.09326023857568026,0.09119891761650768,1.4993637331675649,1.0552206076087132,NotPlaced,0.11623135627792522,0,1
0.736465448739975,1.611519271292134,1.2717988986409308,-1.0318557299675197,0.9850804958087876,-1.9235548933069118,Placed,0.8235499399187379,1,1
0.8951674610720188,0.050554537486061424,-1.0852784214895703,-1.0318557299675197,-0.943481644286627,-0.6823984345920682,NotPlaced,-1.121576165093496,0,1
0.577763436407931,1.611519271292134,-1.0852784214895703,1.2142535652005348,1.2422221144881762,-0.6823984345920682,NotPlaced,0.46989064809833114,0,1
0.10165739941179809,0.050554537486061424,0.09326023857568026,-1.0318557299675197,-0.557769216267544,-0.9306297263350372,NotPlaced,-0.41425758145268365,0,1
1.0538694734040654,1.611519271292134,0.09326023857568026,1.2142535652005348,1.4993637331675649,1.3034518993516808,Placed,1.177209231739143,1,1
-0.3744486375843349,0.050554537486061424,-1.0852784214895703,-1.0318557299675197,-0.3006275975881554,1.0552206076087132,Placed,-1.121576165093496,1,1
-1.3266607115766023,0.050554537486061424,0.09326023857568026,0.09119891761650768,-0.943481644286627,-1.4270923098209738,NotPlaced,0.11623135627792522,0,1
0.577763436407931,1.611519271292134,1.2717988986409308,1.2142535652005348,1.4993637331675649,0.06229544063683744,Placed,1.8845278153799556,1,1
0.736465448739975,0.050554537486061424,1.2717988986409308,1.2142535652005348,1.4993637331675649,1.3034518993516808,Placed,1.3540388776493464,1,1
-1.4853627239086462,-1.5104101963200112,1.2717988986409308,-1.0318557299675197,-0.1720567882484611,0.8069893158657431,NotPlaced,-0.2374279355424807,0,0
0.8951674610720188,0.050554537486061424,1.2717988986409308,1.2142535652005348,1.4993637331675649,1.0552206076087132,Placed,1.3540388776493464,1,1
-1.8027667485727352,0.050554537486061424,-1.0852784214895703,-1.0318557299675197,0.5993680677897048,0.8069893158657431,NotPlaced,-1.121576165093496,0,1
1.2125714857361094,0.050554537486061424,1.2717988986409308,1.2142535652005348,0.727938877129399,1.3034518993516808,NotPlaced,1.3540388776493464,0,1
-0.057044612920247185,0.050554537486061424,0.09326023857568026,-1.0318557299675197,0.2136556397706218,-1.4270923098209738,NotPlaced,-0.41425758145268365,0,1
-0.057044612920247185,0.050554537486061424,1.2717988986409308,1.2142535652005348,1.4993637331675649,1.3034518993516808,Placed,1.3540388776493464,1,1
-1.167958699244557,-1.5104101963200112,0.09326023857568026,0.09119891761650768,-0.3006275975881554,-1.4270923098209738,NotPlaced,-0.41425758145268365,0,0
-0.5331506499163802,0.050554537486061424,0.09326023857568026,0.09119891761650768,-0.943481644286627,1.0552206076087132,NotPlaced,0.11623135627792522,0,1
0.260359411743842,0.050554537486061424,-1.0852784214895703,0.09119891761650768,-0.943481644286627,-1.1788610180780061,NotPlaced,-0.5910872273628871,0,1
1.2125714857361094,0.050554537486061424,1.2717988986409308,1.2142535652005348,-0.4291984069278497,0.5587580241227753,NotPlaced,1.3540388776493464,0,1
-0.21574662525229105,-1.5104101963200112,1.2717988986409308,0.09119891761650768,-0.6863400256072383,-0.6823984345920682,NotPlaced,0.2930610021881282,0,0
-1.8027667485727352,-1.5104101963200112,-1.0852784214895703,-1.0318557299675197,-0.557769216267544,-0.18593585110613037,NotPlaced,-1.6520651028241051,0,0
0.8951674610720188,1.611519271292134,1.2717988986409308,-1.0318557299675197,1.4993637331675649,1.3034518993516808,Placed,0.8235499399187379,1,1
1.2125714857361094,0.050554537486061424,0.09326023857568026,0.09119891761650768,-0.557769216267544,0.06229544063683744,NotPlaced,0.11623135627792522,0,1
-1.8027667485727352,-1.5104101963200112,1.2717988986409308,1.2142535652005348,1.113651305148482,1.3034518993516808,NotPlaced,0.8235499399187379,0,0
-0.057044612920247185,0.050554537486061424,-1.0852784214895703,0.09119891761650768,-2.1006189283438754,-2.1717861850498807,NotPlaced,-0.5910872273628871,0,1
0.10165739941179809,0.050554537486061424,-1.0852784214895703,-1.0318557299675197,0.0850848304309275,0.8069893158657431,NotPlaced,-1.121576165093496,0,1
1.688677522732241,1.611519271292134,1.2717988986409308,1.2142535652005348,1.3707929238278704,1.0552206076087132,Placed,1.8845278153799556,1,1
1.0538694734040654,0.050554537486061424,1.2717988986409308,2.337308212784562,0.9850804958087876,1.3034518993516808,Placed,1.8845278153799556,1,1
0.736465448739975,1.611519271292134,-1.0852784214895703,-1.0318557299675197,-0.6863400256072383,-1.6753236015639428,NotPlaced,-0.5910872273628871,0,1
1.0538694734040654,1.611519271292134,1.2717988986409308,1.2142535652005348,1.3707929238278704,1.3034518993516808,Placed,1.8845278153799556,1,1
0.260359411743842,0.050554537486061424,1.2717988986409308,-1.0318557299675197,-0.557769216267544,-0.18593585110613037,NotPlaced,0.2930610021881282,0,1
-0.691852662248424,0.050554537486061424,0.09326023857568026,1.2142535652005348,0.727938877129399,1.3034518993516808,Placed,0.6467202940085341,1,1
1.3712734980681531,1.611519271292134,1.2717988986409308,-1.0318557299675197,1.4993637331675649,-1.1788610180780061,Placed,0.8235499399187379,1,1
1.529975510400197,0.050554537486061424,1.2717988986409308,1.2142535652005348,1.4993637331675649,1.0552206076087132,Placed,1.3540388776493464,1,1
0.260359411743842,1.611519271292134,0.09326023857568026,1.2142535652005348,-0.1720567882484611,-0.18593585110613037,NotPlaced,1.177209231739143,0,1
-1.8027667485727352,0.050554537486061424,-1.0852784214895703,-1.0318557299675197,-1.7149065003247927,-1.4270923098209738,NotPlaced,-1.121576165093496,0,1
1.3712734980681531,0.050554537486061424,-1.0852784214895703,1.2142535652005348,0.8565096864690933,1.0552206076087132,Placed,-0.060598289632277744,1,1
0.10165739941179809,0.050554537486061424,0.09326023857568026,-1.0318557299675197,-0.0434859789087668,-1.4270923098209738,NotPlaced,-0.41425758145268365,0,1
0.736465448739975,1.611519271292134,1.2717988986409308,1.2142535652005348,1.4993637331675649,-1.1788610180780061,Placed,1.8845278153799556,1,1
1.0538694734040654,1.611519271292134,1.2717988986409308,1.2142535652005348,1.4993637331675649,1.0552206076087132,Placed,1.8845278153799556,1,1
-0.21574662525229105,0.050554537486061424,-1.0852784214895703,-1.0318557299675197,-1.457764881645404,-0.18593585110613037,NotPlaced,-1.121576165093496,0,1
-0.057044612920247185,0.050554537486061424,-1.0852784214895703,0.09119891761650768,-0.6863400256072383,-1.4270923098209738,NotPlaced,-0.5910872273628871,0,1
0.8951674610720188,0.050554537486061424,1.2717988986409308,1.2142535652005348,0.8565096864690933,0.8069893158657431,Placed,1.3540388776493464,1,1
-0.057044612920247185,0.050554537486061424,0.09326023857568026,0.09119891761650768,0.2136556397706218,-0.4341671428491004,NotPlaced,0.11623135627792522,0,1
0.10165739941179809,-1.5104101963200112,-1.0852784214895703,-1.0318557299675197,0.34222644911031613,1.3034518993516808,Placed,-1.6520651028241051,1,0
-0.057044612920247185,0.050554537486061424,0.09326023857568026,1.2142535652005348,-0.3006275975881554,0.5587580241227753,Placed,0.6467202940085341,1,1
0.260359411743842,0.050554537486061424,0.09326023857568026,-1.0318557299675197,0.2136556397706218,1.3034518993516808,Placed,-0.41425758145268365,1,1
1.3712734980681531,1.611519271292134,0.09326023857568026,1.2142535652005348,0.8565096864690933,0.5587580241227753,NotPlaced,1.177209231739143,0,1
-0.5331506499163802,0.050554537486061424,-1.0852784214895703,-1.0318557299675197,0.727938877129399,0.06229544063683744,NotPlaced,-1.121576165093496,0,1
1.0538694734040654,0.050554537486061424,-1.0852784214895703,-1.0318557299675197,-1.2006232629660154,1.3034518993516808,Placed,-1.121576165093496,1,1
1.0538694734040654,1.611519271292134,-1.0852784214895703,1.2142535652005348,0.4707972584500104,-0.18593585110613037,Placed,0.46989064809833114,1,1
-0.3744486375843349,0.050554537486061424,1.2717988986409308,0.09119891761650768,1.113651305148482,0.8069893158657431,NotPlaced,0.8235499399187379,0,1
-1.8027667485727352,0.050554537486061424,-1.0852784214895703,0.09119891761650768,-0.4291984069278497,-0.9306297263350372,NotPlaced,-0.5910872273628871,0,1
-0.691852662248424,0.050554537486061424,1.2717988986409308,2.337308212784562,1.2422221144881762,0.8069893158657431,Placed,1.8845278153799556,1,1
0.736465448739975,1.611519271292134,1.2717988986409308,1.2142535652005348,1.3707929238278704,1.3034518993516808,NotPlaced,1.8845278153799556,0,1
-1.8027667485727352,-1.5104101963200112,-1.0852784214895703,-1.0318557299675197,-0.557769216267544,0.31052673237980744,NotPlaced,-1.6520651028241051,0,0
0.10165739941179809,-1.5104101963200112,-1.0852784214895703,1.2142535652005348,-0.3006275975881554,0.8069893158657431,NotPlaced,-0.5910872273628871,0,0
-0.057044612920247185,0.050554537486061424,-1.0852784214895703,0.09119891761650768,-0.6863400256072383,-0.9306297263350372,NotPlaced,-0.5910872273628871,0,1
1.2125714857361094,-1.5104101963200112,-1.0852784214895703,2.337308212784562,-0.8149108349469326,-0.18593585110613037,NotPlaced,-0.06059828963227817,0,0
-1.8027667485727352,0.050554537486061424,-1.0852784214895703,-1.0318557299675197,-0.1720567882484611,1.0552206076087132,NotPlaced,-1.121576165093496,0,1
0.260359411743842,0.050554537486061424,0.09326023857568026,-1.0318557299675197,-0.6863400256072383,0.5587580241227753,NotPlaced,-0.41425758145268365,0,1
1.3712734980681531,1.611519271292134,1.2717988986409308,1.2142535652005348,1.4993637331675649,1.0552206076087132,Placed,1.8845278153799556,1,1
0.10165739941179809,0.050554537486061424,0.09326023857568026,1.2142535652005348,-0.0434859789087668,0.06229544063683744,Placed,0.6467202940085341,1,1
-1.8027667485727352,1.611519271292134,-1.0852784214895703,-1.0318557299675197,-0.4291984069278497,0.06229544063683744,NotPlaced,-0.5910872273628871,0,1
0.260359411743842,0.050554537486061424,0.09326023857568026,0.09119891761650768,0.4707972584500104,0.31052673237980744,NotPlaced,0.11623135627792522,0,1
-1.3266607115766023,0.050554537486061424,0.09326023857568026,-1.0318557299675197,1.2422221144881762,1.3034518993516808,Placed,-0.41425758145268365,1,1
-0.21574662525229105,0.050554537486061424,1.2717988986409308,1.2142535652005348,0.4707972584500104,1.3034518993516808,Placed,1.3540388776493464,1,1
0.577763436407931,0.050554537486061424,-1.0852784214895703,2.337308212784562,0.727938877129399,-0.6823984345920682,NotPlaced,0.46989064809833114,0,1
0.260359411743842,0.050554537486061424,0.09326023857568026,-1.0318557299675197,-0.8149108349469326,0.5587580241227753,NotPlaced,-0.41425758145268365,0,1
1.2125714857361094,-1.5104101963200112,1.2717988986409308,-1.0318557299675197,1.4993637331675649,1.3034518993516808,Placed,-0.2374279355424807,1,0
-0.057044612920247185,0.050554537486061424,1.2717988986409308,-1.0318557299675197,-0.1720567882484611,0.06229544063683744,NotPlaced,0.2930610021881282,0,1
0.8951674610720188,0.050554537486061424,-1.0852784214895703,0.09119891761650768,-0.6863400256072383,-0.9306297263350372,NotPlaced,-0.5910872273628871,0,1
-0.21574662525229105,0.050554537486061424,0.09326023857568026,-1.0318557299675197,0.9850804958087876,-1.1788610180780061,NotPlaced,-0.41425758145268365,0,1
-0.21574662525229105,-1.5104101963200112,-1.0852784214895703,-1.0318557299675197,-0.8149108349469326,-0.4341671428491004,NotPlaced,-1.6520651028241051,0,0
-1.3266607115766023,0.050554537486061424,-1.0852784214895703,0.09119891761650768,-0.0434859789087668,-1.1788610180780061,NotPlaced,-0.5910872273628871,0,1
0.736465448739975,0.050554537486061424,0.09326023857568026,1.2142535652005348,0.727938877129399,0.5587580241227753,Placed,0.6467202940085341,1,1
-1.8027667485727352,-1.5104101963200112,1.2717988986409308,1.2142535652005348,0.727938877129399,-0.9306297263350372,Placed,0.8235499399187379,1,0
0.8951674610720188,1.611519271292134,1.2717988986409308,1.2142535652005348,0.8565096864690933,-0.6823984345920682,Placed,1.8845278153799556,1,1
1.3712734980681531,1.611519271292134,1.2717988986409308,1.2142535652005348,1.2422221144881762,1.3034518993516808,NotPlaced,1.8845278153799556,0,1
-0.21574662525229105,0.050554537486061424,0.09326023857568026,-1.0318557299675197,-0.0434859789087668,-0.9306297263350372,NotPlaced,-0.41425758145268365,0,1
1.688677522732241,0.050554537486061424,1.2717988986409308,1.2142535652005348,1.4993637331675649,1.0552206076087132,Placed,1.3540388776493464,1,1
1.2125714857361094,1.611519271292134,1.2717988986409308,-1.0318557299675197,1.3707929238278704,1.3034518993516808,NotPlaced,0.8235499399187379,0,1
-1.0092566869125132,-1.5104101963200112,0.09326023857568026,0.09119891761650768,-1.843477309664487,-0.4341671428491004,Placed,-0.41425758145268365,1,0
-0.21574662525229105,0.050554537486061424,0.09326023857568026,0.09119891761650768,-1.3291940723057099,-0.6823984345920682,NotPlaced,0.11623135627792522,0,1
-0.21574662525229105,0.050554537486061424,0.09326023857568026,1.2142535652005348,-0.1720567882484611,-0.4341671428491004,Placed,0.6467202940085341,1,1
1.0538694734040654,1.611519271292134,0.09326023857568026,0.09119891761650768,-1.843477309664487,-0.6823984345920682,Placed,0.6467202940085345,1,1
0.4190614240758872,0.050554537486061424,-1.0852784214895703,0.09119891761650768,-0.6863400256072383,0.06229544063683744,NotPlaced,-0.5910872273628871,0,1
1.0538694734040654,1.611519271292134,1.2717988986409308,1.2142535652005348,0.727938877129399,1.3034518993516808,Placed,1.8845278153799556,1,1
-0.057044612920247185,0.050554537486061424,0.09326023857568026,0.09119891761650768,0.727938877129399,1.0552206076087132,NotPlaced,0.11623135627792522,0,1
-0.3744486375843349,-1.5104101963200112,0.09326023857568026,0.09119891761650768,-0.3006275975881554,-0.6823984345920682,NotPlaced,-0.41425758145268365,0,0
-0.3744486375843349,0.050554537486061424,1.2717988986409308,-1.0318557299675197,1.2422221144881762,-0.18593585110613037,NotPlaced,0.2930610021881282,0,1
1.529975510400197,0.050554537486061424,-1.0852784214895703,-1.0318557299675197,-1.2006232629660154,1.0552206076087132,NotPlaced,-1.121576165093496,0,1
0.736465448739975,0.050554537486061424,1.2717988986409308,1.2142535652005348,1.3707929238278704,1.0552206076087132,NotPlaced,1.3540388776493464,0,1
0.736465448739975,0.050554537486061424,0.09326023857568026,0.09119891761650768,-0.3006275975881554,-1.4270923098209738,NotPlaced,0.11623135627792522,0,1
-0.057044612920247185,0.050554537486061424,0.09326023857568026,-1.0318557299675197,-0.8149108349469326,-1.4270923098209738,NotPlaced,-0.41425758145268365,0,1
1.688677522732241,0.050554537486061424,1.2717988986409308,1.2142535652005348,0.2136556397706218,1.0552206076087132,Placed,1.3540388776493464,1,1
-1.8027667485727352,-1.5104101963200112,-1.0852784214895703,0.09119891761650768,-0.557769216267544,-0.4341671428491004,NotPlaced,-1.121576165093496,0,0
-0.21574662525229105,-1.5104101963200112,-1.0852784214895703,-1.0318557299675197,-1.3291940723057099,-1.1788610180780061,NotPlaced,-1.6520651028241051,0,0
1.688677522732241,1.611519271292134,1.2717988986409308,-1.0318557299675197,0.2136556397706218,1.0552206076087132,Placed,0.8235499399187379,1,1
-0.3744486375843349,0.050554537486061424,0.09326023857568026,0.09119891761650768,-0.8149108349469326,-2.4200174767928493,Placed,0.11623135627792522,1,1
0.736465448739975,1.611519271292134,0.09326023857568026,-1.0318557299675197,-0.8149108349469326,-0.18593585110613037,Placed,0.11623135627792522,1,1
0.10165739941179809,1.611519271292134,1.2717988986409308,1.2142535652005348,0.9850804958087876,0.31052673237980744,Placed,1.8845278153799556,1,1
1.2125714857361094,-1.5104101963200112,1.2717988986409308,1.2142535652005348,1.4993637331675649,0.8069893158657431,NotPlaced,0.8235499399187379,0,0
-1.8027667485727352,0.050554537486061424,-1.0852784214895703,-1.0318557299675197,0.0850848304309275,0.31052673237980744,NotPlaced,-1.121576165093496,0,1
-0.21574662525229105,0.050554537486061424,-1.0852784214895703,0.09119891761650768,-0.8149108349469326,-0.6823984345920682,NotPlaced,-0.5910872273628871,0,1
-0.3744486375843349,0.050554537486061424,-1.0852784214895703,0.09119891761650768,-1.843477309664487,-0.9306297263350372,NotPlaced,-0.5910872273628871,0,1
0.577763436407931,-1.5104101963200112,1.2717988986409308,1.2142535652005348,0.5993680677897048,1.0552206076087132,Placed,0.8235499399187379,1,0
1.2125714857361094,0.050554537486061424,1.2717988986409308,1.2142535652005348,-0.1720567882484611,0.5587580241227753,Placed,1.3540388776493464,1,1
-0.057044612920247185,0.050554537486061424,-1.0852784214895703,-1.0318557299675197,-2.22918973768357,-1.4270923098209738,NotPlaced,-1.121576165093496,0,1
-0.5331506499163802,0.050554537486061424,-1.0852784214895703,-1.0318557299675197,-1.0720524536263212,0.06229544063683744,NotPlaced,-1.121576165093496,0,1
0.736465448739975,1.611519271292134,1.2717988986409308,-1.0318557299675197,1.4993637331675649,0.8069893158657431,Placed,0.8235499399187379,1,1
1.0538694734040654,0.050554537486061424,1.2717988986409308,1.2142535652005348,1.4993637331675649,1.3034518993516808,Placed,1.3540388776493464,1,1
-1.8027667485727352,-1.5104101963200112,-1.0852784214895703,-1.0318557299675197,0.2136556397706218,-0.9306297263350372,NotPlaced,-1.6520651028241051,0,0
0.8951674610720188,0.050554537486061424,-1.0852784214895703,1.2142535652005348,0.8565096864690933,1.3034518993516808,Placed,-0.060598289632277744,1,1
1.529975510400197,1.611519271292134,0.09326023857568026,1.2142535652005348,-0.3006275975881554,1.0552206076087132,Placed,1.177209231739143,1,1
-0.057044612920247185,0.050554537486061424,-1.0852784214895703,0.09119891761650768,-0.8149108349469326,0.5587580241227753,NotPlaced,-0.5910872273628871,0,1
1.529975510400197,0.050554537486061424,1.2717988986409308,1.2142535652005348,-0.8149108349469326,-0.6823984345920682,Placed,1.3540388776493464,1,1
1.529975510400197,0.050554537486061424,0.09326023857568026,-1.0318557299675197,0.9850804958087876,-0.4341671428491004,NotPlaced,-0.41425758145268365,0,1
-1.0092566869125132,0.050554537486061424,0.09326023857568026,-1.0318557299675197,1.3707929238278704,-0.4341671428491004,NotPlaced,-0.41425758145268365,0,1
-0.5331506499163802,0.050554537486061424,-1.0852784214895703,1.2142535652005348,0.0850848304309275,0.31052673237980744,NotPlaced,-0.060598289632277744,0,1
-0.21574662525229105,0.050554537486061424,-1.0852784214895703,0.09119891761650768,-1.2006232629660154,0.06229544063683744,NotPlaced,-0.5910872273628871,0,1
0.4190614240758872,0.050554537486061424,0.09326023857568026,0.09119891761650768,1.113651305148482,0.31052673237980744,NotPlaced,0.11623135627792522,0,1
1.2125714857361094,0.050554537486061424,-1.0852784214895703,0.09119891761650768,0.0850848304309275,-0.4341671428491004,NotPlaced,-0.5910872273628871,0,1
1.688677522732241,1.611519271292134,1.2717988986409308,2.337308212784562,0.34222644911031613,-0.18593585110613037,Placed,2.4150167531105646,1,1
0.4190614240758872,0.050554537486061424,0.09326023857568026,-1.0318557299675197,-0.3006275975881554,1.0552206076087132,NotPlaced,-0.41425758145268365,0,1
-0.057044612920247185,0.050554537486061424,-1.0852784214895703,-1.0318557299675197,-1.5863356909850983,-0.4341671428491004,NotPlaced,-1.121576165093496,0,1
-1.4853627239086462,0.050554537486061424,-1.0852784214895703,0.09119891761650768,-0.4291984069278497,-1.1788610180780061,NotPlaced,-0.5910872273628871,0,1
0.577763436407931,0.050554537486061424,-2.2638170815548206,1.2142535652005348,1.3707929238278704,1.3034518993516808,Placed,-0.7679168732730902,1,1
0.577763436407931,-1.5104101963200112,1.2717988986409308,1.2142535652005348,1.113651305148482,0.5587580241227753,Placed,0.8235499399187379,1,0
-0.057044612920247185,-1.5104101963200112,-1.0852784214895703,1.2142535652005348,1.4993637331675649,1.3034518993516808,Placed,-0.5910872273628871,1,0
1.688677522732241,1.611519271292134,1.2717988986409308,-1.0318557299675197,-0.8149108349469326,0.06229544063683744,Placed,0.8235499399187379,1,1
1.0538694734040654,0.050554537486061424,-1.0852784214895703,1.2142535652005348,-0.557769216267544,-0.4341671428491004,NotPlaced,-0.060598289632277744,0,1
-1.3266607115766023,0.050554537486061424,0.09326023857568026,1.2142535652005348,0.4707972584500104,-0.9306297263350372,Placed,0.6467202940085341,1,1
1.2125714857361094,1.611519271292134,0.09326023857568026,-1.0318557299675197,-0.557769216267544,0.06229544063683744,Placed,0.11623135627792522,1,1
0.736465448739975,0.050554537486061424,1.2717988986409308,1.2142535652005348,0.2136556397706218,0.5587580241227753,Placed,1.3540388776493464,1,1
-0.057044612920247185,0.050554537486061424,1.2717988986409308,-1.0318557299675197,1.4993637331675649,1.3034518993516808,Placed,0.2930610021881282,1,1
0.4190614240758872,0.050554537486061424,-1.0852784214895703,1.2142535652005348,-0.8149108349469326,1.3034518993516808,Placed,-0.060598289632277744,1,1
1.2125714857361094,1.611519271292134,-1.0852784214895703,-1.0318557299675197,1.4993637331675649,0.31052673237980744,Placed,-0.5910872273628871,1,1
-1.6440647362406915,0.050554537486061424,-1.0852784214895703,-1.0318557299675197,-0.943481644286627,-2.916480060278785,NotPlaced,-1.121576165093496,0,1
-0.057044612920247185,1.611519271292134,0.09326023857568026,0.09119891761650768,-0.943481644286627,-0.6823984345920682,NotPlaced,0.6467202940085345,0,1
-0.21574662525229105,0.050554537486061424,1.2717988986409308,-1.0318557299675197,1.2422221144881762,1.3034518993516808,Placed,0.2930610021881282,1,1
1.3712734980681531,1.611519271292134,1.2717988986409308,-1.0318557299675197,1.4993637331675649,1.3034518993516808,Placed,0.8235499399187379,1,1
1.3712734980681531,0.050554537486061424,-1.0852784214895703,1.2142535652005348,0.4707972584500104,0.31052673237980744,Placed,-0.060598289632277744,1,1
0.10165739941179809,0.050554537486061424,0.09326023857568026,-1.0318557299675197,0.8565096864690933,0.06229544063683744,NotPlaced,-0.41425758145268365,0,1
1.688677522732241,1.611519271292134,-1.0852784214895703,-1.0318557299675197,-1.5863356909850983,1.3034518993516808,NotPlaced,-0.5910872273628871,0,1
1.2125714857361094,-1.5104101963200112,1.2717988986409308,1.2142535652005348,0.727938877129399,0.5587580241227753,Placed,0.8235499399187379,1,0
0.577763436407931,0.050554537486061424,1.2717988986409308,-1.0318557299675197,0.4707972584500104,-1.1788610180780061,NotPlaced,0.2930610021881282,0,1
-0.057044612920247185,0.050554537486061424,0.09326023857568026,-1.0318557299675197,-0.943481644286627,0.8069893158657431,NotPlaced,-0.41425758145268365,0,1
1.688677522732241,0.050554537486061424,0.09326023857568026,0.09119891761650768,-0.557769216267544,-0.18593585110613037,Placed,0.11623135627792522,1,1
-1.4853627239086462,0.050554537486061424,-1.0852784214895703,-1.0318557299675197,1.4993637331675649,0.06229544063683744,Placed,-1.121576165093496,1,1
0.8951674610720188,1.611519271292134,1.2717988986409308,-1.0318557299675197,1.113651305148482,1.0552206076087132,Placed,0.8235499399187379,1,1
-0.3744486375843349,0.050554537486061424,1.2717988986409308,0.09119891761650768,0.727938877129399,0.5587580241227753,Placed,0.8235499399187379,1,1
0.736465448739975,1.611519271292134,1.2717988986409308,1.2142535652005348,1.4993637331675649,1.3034518993516808,Placed,1.8845278153799556,1,1
1.2125714857361094,0.050554537486061424,-1.0852784214895703,1.2142535652005348,-0.3006275975881554,0.8069893158657431,NotPlaced,-0.060598289632277744,0,1
-1.3266607115766023,0.050554537486061424,-1.0852784214895703,-1.0318557299675197,1.4993637331675649,0.5587580241227753,NotPlaced,-1.121576165093496,0,1
-1.4853627239086462,0.050554537486061424,-1.0852784214895703,0.09119891761650768,-0.6863400256072383,-0.6823984345920682,NotPlaced,-0.5910872273628871,0,1
1.3712734980681531,0.050554537486061424,1.2717988986409308,0.09119891761650768,0.727938877129399,1.3034518993516808,Placed,0.8235499399187379,1,1
-0.5331506499163802,0.050554537486061424,0.09326023857568026,0.09119891761650768,-1.2006232629660154,0.06229544063683744,NotPlaced,0.11623135627792522,0,1
0.10165739941179809,0.050554537486061424,0.09326023857568026,0.09119891761650768,-1.2006232629660154,-0.4341671428491004,NotPlaced,0.11623135627792522,0,1
0.577763436407931,0.050554537486061424,0.09326023857568026,-1.0318557299675197,0.34222644911031613,-0.18593585110613037,NotPlaced,-0.41425758145268365,0,1
-0.21574662525229105,0.050554537486061424,-1.0852784214895703,-1.0318557299675197,-0.4291984069278497,-0.4341671428491004,NotPlaced,-1.121576165093496,0,1
-0.5331506499163802,0.050554537486061424,-1.0852784214895703,-1.0318557299675197,-1.0720524536263212,-0.9306297263350372,NotPlaced,-1.121576165093496,0,1
-1.8027667485727352,-1.5104101963200112,1.2717988986409308,0.09119891761650768,-1.457764881645404,-1.9235548933069118,Placed,0.2930610021881282,1,0
0.10165739941179809,1.611519271292134,1.2717988986409308,2.337308212784562,0.727938877129399,-0.18593585110613037,NotPlaced,2.4150167531105646,0,1
0.577763436407931,0.050554537486061424,-2.2638170815548206,1.2142535652005348,0.0850848304309275,0.31052673237980744,Placed,-0.7679168732730902,1,1
1.8473795350642876,1.611519271292134,1.2717988986409308,-1.0318557299675197,1.2422221144881762,1.0552206076087132,Placed,0.8235499399187379,1,1
0.736465448739975,-1.5104101963200112,0.09326023857568026,2.337308212784562,-0.943481644286627,-0.18593585110613037,NotPlaced,0.6467202940085341,0,0
-0.21574662525229105,-1.5104101963200112,-1.0852784214895703,-1.0318557299675197,-1.3291940723057099,-2.1717861850498807,NotPlaced,-1.6520651028241051,0,0
0.10165739941179809,1.611519271292134,1.2717988986409308,0.09119891761650768,0.8565096864690933,-0.18593585110613037,NotPlaced,1.3540388776493464,0,1
-0.691852662248424,0.050554537486061424,1.2717988986409308,1.2142535652005348,1.113651305148482,1.3034518993516808,Placed,1.3540388776493464,1,1
-0.8505546745804693,-1.5104101963200112,0.09326023857568026,1.2142535652005348,-0.3006275975881554,-0.18593585110613037,NotPlaced,0.11623135627792522,0,0
-0.21574662525229105,-1.5104101963200112,1.2717988986409308,1.2142535652005348,1.4993637331675649,0.06229544063683744,Placed,0.8235499399187379,1,0
1.529975510400197,1.611519271292134,1.2717988986409308,2.337308212784562,0.5993680677897048,0.8069893158657431,NotPlaced,2.4150167531105646,0,1
-0.057044612920247185,0.050554537486061424,0.09326023857568026,0.09119891761650768,-0.557769216267544,0.31052673237980744,Placed,0.11623135627792522,1,1
-1.8027667485727352,0.050554537486061424,-1.0852784214895703,0.09119891761650768,-1.843477309664487,-0.6823984345920682,NotPlaced,-0.5910872273628871,0,1
-1.8027667485727352,-1.5104101963200112,0.09326023857568026,-1.0318557299675197,1.4993637331675649,0.5587580241227753,NotPlaced,-0.944746519183293,0,0
-0.5331506499163802,0.050554537486061424,-1.0852784214895703,-1.0318557299675197,0.0850848304309275,-0.4341671428491004,NotPlaced,-1.121576165093496,0,1
-1.0092566869125132,0.050554537486061424,-1.0852784214895703,-1.0318557299675197,-2.1006189283438754,-0.18593585110613037,NotPlaced,-1.121576165093496,0,1
-1.8027667485727352,-1.5104101963200112,-1.0852784214895703,-1.0318557299675197,-0.1720567882484611,-0.4341671428491004,NotPlaced,-1.6520651028241051,0,0
1.0538694734040654,1.611519271292134,1.2717988986409308,2.337308212784562,1.2422221144881762,1.3034518993516808,Placed,2.4150167531105646,1,1
-1.8027667485727352,0.050554537486061424,-1.0852784214895703,0.09119891761650768,0.8565096864690933,-0.9306297263350372,NotPlaced,-0.5910872273628871,0,1
1.2125714857361094,0.050554537486061424,-1.0852784214895703,-1.0318557299675197,-0.0434859789087668,0.06229544063683744,Placed,-1.121576165093496,1,1
-1.8027667485727352,-1.5104101963200112,1.2717988986409308,-1.0318557299675197,0.34222644911031613,1.3034518993516808,NotPlaced,-0.2374279355424807,0,0
1.688677522732241,1.611519271292134,1.2717988986409308,1.2142535652005348,1.2422221144881762,1.3034518993516808,Placed,1.8845278153799556,1,1
0.8951674610720188,0.050554537486061424,1.2717988986409308,0.09119891761650768,0.0850848304309275,0.8069893158657431,NotPlaced,0.8235499399187379,0,1
0.577763436407931,1.611519271292134,1.2717988986409308,1.2142535652005348,1.4993637331675649,1.3034518993516808,Placed,1.8845278153799556,1,1
-1.8027667485727352,0.050554537486061424,-1.0852784214895703,1.2142535652005348,-1.3291940723057099,-1.1788610180780061,NotPlaced,-0.060598289632277744,0,1
-1.8027667485727352,0.050554537486061424,0.09326023857568026,-1.0318557299675197,-1.2006232629660154,-2.1717861850498807,Placed,-0.41425758145268365,1,1
-1.8027667485727352,0.050554537486061424,-1.0852784214895703,0.09119891761650768,-1.0720524536263212,0.06229544063683744,NotPlaced,-0.5910872273628871,0,1
-1.8027667485727352,-1.5104101963200112,-1.0852784214895703,-1.0318557299675197,-0.4291984069278497,-0.9306297263350372,NotPlaced,-1.6520651028241051,0,0
-0.21574662525229105,-1.5104101963200112,-1.0852784214895703,-1.0318557299675197,-0.8149108349469326,0.06229544063683744,NotPlaced,-1.6520651028241051,0,0
0.577763436407931,-1.5104101963200112,0.09326023857568026,0.09119891761650768,-0.0434859789087668,-0.18593585110613037,NotPlaced,-0.41425758145268365,0,0
1.2125714857361094,1.611519271292134,1.2717988986409308,0.09119891761650768,-0.3006275975881554,1.3034518993516808,NotPlaced,1.3540388776493464,0,1
-1.4853627239086462,0.050554537486061424,-1.0852784214895703,-1.0318557299675197,0.34222644911031613,0.8069893158657431,Placed,-1.121576165093496,1,1
-1.0092566869125132,-1.5104101963200112,1.2717988986409308,-1.0318557299675197,0.2136556397706218,-0.9306297263350372,Placed,-0.2374279355424807,1,0
0.577763436407931,0.050554537486061424,0.09326023857568026,0.09119891761650768,-0.1720567882484611,0.8069893158657431,NotPlaced,0.11623135627792522,0,1
-0.057044612920247185,0.050554537486061424,0.09326023857568026,-1.0318557299675197,0.0850848304309275,-0.4341671428491004,NotPlaced,-0.41425758145268365,0,1
1.2125714857361094,1.611519271292134,0.09326023857568026,1.2142535652005348,-0.943481644286627,-2.1717861850498807,NotPlaced,1.177209231739143,0,1
1.0538694734040654,1.611519271292134,-1.0852784214895703,0.09119891761650768,0.34222644911031613,-0.6823984345920682,Placed,-0.06059828963227817,1,1
-1.8027667485727352,0.050554537486061424,-1.0852784214895703,0.09119891761650768,-0.3006275975881554,-1.1788610180780061,NotPlaced,-0.5910872273628871,0,1
-0.057044612920247185,0.050554537486061424,-1.0852784214895703,-1.0318557299675197,-0.943481644286627,-0.9306297263350372,Placed,-1.121576165093496,1,1
0.8951674610720188,0.050554537486061424,1.2717988986409308,1.2142535652005348,-1.3291940723057099,0.31052673237980744,NotPlaced,1.3540388776493464,0,1
0.736465448739975,0.050554537486061424,-1.0852784214895703,-1.0318557299675197,0.9850804958087876,1.3034518993516808,Placed,-1.121576165093496,1,1
-1.8027667485727352,0.050554537486061424,0.09326023857568026,-1.0318557299675197,-1.9720481190041814,0.06229544063683744,NotPlaced,-0.41425758145268365,0,1
0.736465448739975,1.611519271292134,1.2717988986409308,-1.0318557299675197,1.2422221144881762,0.5587580241227753,Placed,0.8235499399187379,1,1
0.577763436407931,1.611519271292134,1.2717988986409308,1.2142535652005348,0.5993680677897048,1.3034518993516808,Placed,1.8845278153799556,1,1
1.0538694734040654,0.050554537486061424,0.09326023857568026,-1.0318557299675197,-1.2006232629660154,0.31052673237980744,NotPlaced,-0.41425758145268365,0,1
-0.21574662525229105,-1.5104101963200112,-1.0852784214895703,0.09119891761650768,-1.3291940723057099,-1.6753236015639428,NotPlaced,-1.121576165093496,0,0
1.3712734980681531,1.611519271292134,-1.0852784214895703,-1.0318557299675197,0.9850804958087876,0.5587580241227753,Placed,-0.5910872273628871,1,1
1.688677522732241,1.611519271292134,1.2717988986409308,1.2142535652005348,0.0850848304309275,0.31052673237980744,Placed,1.8845278153799556,1,1
1.3712734980681531,1.611519271292134,1.2717988986409308,1.2142535652005348,1.4993637331675649,0.5587580241227753,Placed,1.8845278153799556,1,1
-1.8027667485727352,-1.5104101963200112,-1.0852784214895703,0.09119891761650768,-0.3006275975881554,-0.18593585110613037,NotPlaced,-1.121576165093496,0,0
-0.691852662248424,0.050554537486061424,-1.0852784214895703,-1.0318557299675197,-0.8149108349469326,-0.4341671428491004,NotPlaced,-1.121576165093496,0,1
0.8951674610720188,0.050554537486061424,1.2717988986409308,1.2142535652005348,-0.943481644286627,1.3034518993516808,NotPlaced,1.3540388776493464,0,1
-1.8027667485727352,0.050554537486061424,-1.0852784214895703,-1.0318557299675197,-1.457764881645404,-2.916480060278785,NotPlaced,-1.121576165093496,0,1
-1.8027667485727352,1.611519271292134,-1.0852784214895703,1.2142535652005348,0.8565096864690933,1.0552206076087132,NotPlaced,0.46989064809833114,0,1
0.10165739941179809,0.050554537486061424,-1.0852784214895703,-1.0318557299675197,-0.1720567882484611,-0.6823984345920682,NotPlaced,-1.121576165093496,0,1
1.2125714857361094,0.050554537486061424,-1.0852784214895703,-1.0318557299675197,-0.8149108349469326,-0.9306297263350372,NotPlaced,-1.121576165093496,0,1
0.577763436407931,1.611519271292134,1.2717988986409308,-1.0318557299675197,1.4993637331675649,0.31052673237980744,Placed,0.8235499399187379,1,1
0.8951674610720188,1.611519271292134,1.2717988986409308,-1.0318557299675197,-0.3006275975881554,-0.9306297263350372,NotPlaced,0.8235499399187379,0,1
-1.8027667485727352,-1.5104101963200112,-1.0852784214895703,-1.0318557299675197,0.9850804958087876,0.5587580241227753,NotPlaced,-1.6520651028241051,0,0
-0.057044612920247185,0.050554537486061424,1.2717988986409308,1.2142535652005348,0.727938877129399,0.8069893158657431,Placed,1.3540388776493464,1,1
1.2125714857361094,0.050554537486061424,1.2717988986409308,1.2142535652005348,-0.1720567882484611,0.5587580241227753,NotPlaced,1.3540388776493464,0,1
0.736465448739975,0.050554537486061424,0.09326023857568026,-1.0318557299675197,1.113651305148482,0.06229544063683744,NotPlaced,-0.41425758145268365,0,1
0.736465448739975,0.050554537486061424,0.09326023857568026,0.09119891761650768,-1.3291940723057099,1.3034518993516808,Placed,0.11623135627792522,1,1
1.529975510400197,1.611519271292134,1.2717988986409308,1.2142535652005348,1.3707929238278704,1.3034518993516808,Placed,1.8845278153799556,1,1
0.577763436407931,0.050554537486061424,0.09326023857568026,-1.0318557299675197,-0.8149108349469326,1.3034518993516808,NotPlaced,-0.41425758145268365,0,1
-0.691852662248424,-1.5104101963200112,0.09326023857568026,0.09119891761650768,-0.1720567882484611,-0.6823984345920682,NotPlaced,-0.41425758145268365,0,0
-0.3744486375843349,0.050554537486061424,-1.0852784214895703,-1.0318557299675197,-1.5863356909850983,0.31052673237980744,NotPlaced,-1.121576165093496,0,1
-0.3744486375843349,-1.5104101963200112,-1.0852784214895703,0.09119891761650768,-1.457764881645404,0.5587580241227753,NotPlaced,-1.121576165093496,0,0
0.8951674610720188,0.050554537486061424,0.09326023857568026,2.337308212784562,0.727938877129399,-0.6823984345920682,NotPlaced,1.177209231739143,0,1
1.0538694734040654,0.050554537486061424,-1.0852784214895703,-1.0318557299675197,0.34222644911031613,0.5587580241227753,Placed,-1.121576165093496,1,1
1.529975510400197,1.611519271292134,1.2717988986409308,2.337308212784562,1.4993637331675649,1.3034518993516808,Placed,2.4150167531105646,1,1
-1.8027667485727352,0.050554537486061424,-1.0852784214895703,0.09119891761650768,0.2136556397706218,-1.1788610180780061,NotPlaced,-0.5910872273628871,0,1
-1.0092566869125132,0.050554537486061424,1.2717988986409308,1.2142535652005348,1.113651305148482,-0.9306297263350372,NotPlaced,1.3540388776493464,0,1
1.529975510400197,1.611519271292134,0.09326023857568026,0.09119891761650768,-0.557769216267544,-0.6823984345920682,NotPlaced,0.6467202940085345,0,1
1.0538694734040654,0.050554537486061424,0.09326023857568026,-1.0318557299675197,0.0850848304309275,0.06229544063683744,Placed,-0.41425758145268365,1,1
1.688677522732241,1.611519271292134,-1.0852784214895703,1.2142535652005348,0.2136556397706218,-0.9306297263350372,NotPlaced,0.46989064809833114,0,1
1.2125714857361094,-1.5104101963200112,-1.0852784214895703,-1.0318557299675197,0.2136556397706218,0.5587580241227753,NotPlaced,-1.6520651028241051,0,0
0.8951674610720188,0.050554537486061424,0.09326023857568026,0.09119891761650768,1.4993637331675649,1.0552206076087132,Placed,0.11623135627792522,1,1
-1.8027667485727352,-1.5104101963200112,-1.0852784214895703,-1.0318557299675197,-1.843477309664487,-0.9306297263350372,NotPlaced,-1.6520651028241051,0,0
-0.21574662525229105,0.050554537486061424,0.09326023857568026,-1.0318557299675197,0.4707972584500104,-0.4341671428491004,NotPlaced,-0.41425758145268365,0,1
-0.5331506499163802,0.050554537486061424,-1.0852784214895703,0.09119891761650768,-2.3577605470232643,0.8069893158657431,NotPlaced,-0.5910872273628871,0,1
-1.3266607115766023,0.050554537486061424,-1.0852784214895703,0.09119891761650768,-0.943481644286627,0.06229544063683744,NotPlaced,-0.5910872273628871,0,1
-0.3744486375843349,1.611519271292134,0.09326023857568026,-1.0318557299675197,-1.3291940723057099,-1.1788610180780061,NotPlaced,0.11623135627792522,0,1
0.8951674610720188,0.050554537486061424,1.2717988986409308,1.2142535652005348,1.3707929238278704,0.31052673237980744,Placed,1.3540388776493464,1,1
1.529975510400197,0.050554537486061424,0.09326023857568026,1.2142535652005348,-0.6863400256072383,1.3034518993516808,Placed,0.6467202940085341,1,1
-0.057044612920247185,-1.5104101963200112,1.2717988986409308,-1.0318557299675197,1.113651305148482,-0.4341671428491004,Placed,-0.2374279355424807,1,0
1.529975510400197,1.611519271292134,1.2717988986409308,1.2142535652005348,1.113651305148482,1.0552206076087132,Placed,1.8845278153799556,1,1
-0.057044612920247185,0.050554537486061424,-1.0852784214895703,0.09119891761650768,0.34222644911031613,-0.6823984345920682,NotPlaced,-0.5910872273628871,0,1
-0.3744486375843349,0.050554537486061424,0.09326023857568026,0.09119891761650768,-1.0720524536263212,-1.1788610180780061,NotPlaced,0.11623135627792522,0,1
0.260359411743842,0.050554537486061424,1.2717988986409308,0.09119891761650768,-0.1720567882484611,-1.6753236015639428,NotPlaced,0.8235499399187379,0,1
1.2125714857361094,1.611519271292134,1.2717988986409308,2.337308212784562,1.4993637331675649,1.0552206076087132,Placed,2.4150167531105646,1,1
-1.8027667485727352,-1.5104101963200112,1.2717988986409308,0.09119891761650768,-1.0720524536263212,-2.4200174767928493,Placed,0.2930610021881282,1,0
-0.3744486375843349,-1.5104101963200112,-1.0852784214895703,-1.0318557299675197,-1.5863356909850983,-1.4270923098209738,NotPlaced,-1.6520651028241051,0,0
-0.21574662525229105,0.050554537486061424,-1.0852784214895703,-1.0318557299675197,0.727938877129399,-1.4270923098209738,NotPlaced,-1.121576165093496,0,1
-0.3744486375843349,0.050554537486061424,0.09326023857568026,1.2142535652005348,-0.557769216267544,0.31052673237980744,NotPlaced,0.6467202940085341,0,1
1.2125714857361094,-1.5104101963200112,1.2717988986409308,-1.0318557299675197,1.113651305148482,0.8069893158657431,Placed,-0.2374279355424807,1,0
-0.3744486375843349,0.050554537486061424,-1.0852784214895703,2.337308212784562,-2.22918973768357,-0.6823984345920682,NotPlaced,0.46989064809833114,0,1
-0.21574662525229105,-1.5104101963200112,0.09326023857568026,0.09119891761650768,-0.8149108349469326,0.5587580241227753,NotPlaced,-0.41425758145268365,0,0
-0.057044612920247185,0.050554537486061424,1.2717988986409308,0.09119891761650768,-0.6863400256072383,-0.9306297263350372,Placed,0.8235499399187379,1,1
-0.3744486375843349,-1.5104101963200112,-1.0852784214895703,-1.0318557299675197,0.0850848304309275,0.06229544063683744,NotPlaced,-1.6520651028241051,0,0
1.2125714857361094,-1.5104101963200112,1.2717988986409308,1.2142535652005348,1.4993637331675649,1.3034518993516808,Placed,0.8235499399187379,1,0
-0.3744486375843349,0.050554537486061424,-1.0852784214895703,-1.0318557299675197,-0.0434859789087668,-0.6823984345920682,Placed,-1.121576165093496,1,1
-0.3744486375843349,-1.5104101963200112,0.09326023857568026,0.09119891761650768,-0.8149108349469326,0.31052673237980744,Placed,-0.41425758145268365,1,0
2.0060815473963314,-1.5104101963200112,1.2717988986409308,2.337308212784562,1.113651305148482,1.3034518993516808,Placed,1.3540388776493464,1,0
-0.691852662248424,-1.5104101963200112,-1.0852784214895703,0.09119891761650768,0.0850848304309275,-0.4341671428491004,Placed,-1.121576165093496,1,0
1.2125714857361094,1.611519271292134,1.2717988986409308,1.2142535652005348,1.4993637331675649,1.3034518993516808,Placed,1.8845278153799556,1,1
-0.21574662525229105,-1.5104101963200112,-1.0852784214895703,-1.0318557299675197,-0.3006275975881554,0.31052673237980744,NotPlaced,-1.6520651028241051,0,0
-0.057044612920247185,0.050554537486061424,1.2717988986409308,-1.0318557299675197,0.5993680677897048,-0.4341671428491004,NotPlaced,0.2930610021881282,0,1
0.10165739941179809,-1.5104101963200112,-1.0852784214895703,0.09119891761650768,-0.943481644286627,-0.6823984345920682,NotPlaced,-1.121576165093496,0,0
0.10165739941179809,0.050554537486061424,-1.0852784214895703,-1.0318557299675197,-0.943481644286627,-0.4341671428491004,NotPlaced,-1.121576165093496,0,1
-0.21574662525229105,0.050554537486061424,0.09326023857568026,-1.0318557299675197,1.113651305148482,0.8069893158657431,Placed,-0.41425758145268365,1,1
-1.6440647362406915,0.050554537486061424,-1.0852784214895703,-1.0318557299675197,-1.843477309664487,-2.6682487685358174,NotPlaced,-1.121576165093496,0,1
-0.5331506499163802,0.050554537486061424,0.09326023857568026,0.09119891761650768,-0.6863400256072383,-0.6823984345920682,NotPlaced,0.11623135627792522,0,1
1.3712734980681531,1.611519271292134,1.2717988986409308,-1.0318557299675197,1.3707929238278704,-0.18593585110613037,Placed,0.8235499399187379,1,1
-0.691852662248424,0.050554537486061424,1.2717988986409308,0.09119891761650768,-0.4291984069278497,-0.18593585110613037,NotPlaced,0.8235499399187379,0,1
0.736465448739975,0.050554537486061424,0.09326023857568026,-1.0318557299675197,1.3707929238278704,1.3034518993516808,NotPlaced,-0.41425758145268365,0,1
-0.057044612920247185,0.050554537486061424,-1.0852784214895703,0.09119891761650768,-1.0720524536263212,0.31052673237980744,NotPlaced,-0.5910872273628871,0,1
1.0538694734040654,0.050554537486061424,1.2717988986409308,1.2142535652005348,0.34222644911031613,1.0552206076087132,NotPlaced,1.3540388776493464,0,1
-1.8027667485727352,-1.5104101963200112,0.09326023857568026,-1.0318557299675197,-0.557769216267544,-1.9235548933069118,NotPlaced,-0.944746519183293,0,0
-1.4853627239086462,-1.5104101963200112,-1.0852784214895703,-1.0318557299675197,-0.0434859789087668,-1.1788610180780061,NotPlaced,-1.6520651028241051,0,0
-0.21574662525229105,-1.5104101963200112,1.2717988986409308,-1.0318557299675197,-0.0434859789087668,-0.18593585110613037,Placed,-0.2374279355424807,1,0
-0.21574662525229105,0.050554537486061424,1.2717988986409308,0.09119891761650768,0.727938877129399,0.8069893158657431,NotPlaced,0.8235499399187379,0,1
0.260359411743842,0.050554537486061424,-1.0852784214895703,0.09119891761650768,0.4707972584500104,-0.9306297263350372,NotPlaced,-0.5910872273628871,0,1
1.2125714857361094,0.050554537486061424,0.09326023857568026,-1.0318557299675197,-0.1720567882484611,-0.4341671428491004,NotPlaced,-0.41425758145268365,0,1
1.3712734980681531,0.050554537486061424,1.2717988986409308,1.2142535652005348,1.4993637331675649,1.3034518993516808,NotPlaced,1.3540388776493464,0,1
1.2125714857361094,0.050554537486061424,1.2717988986409308,1.2142535652005348,1.3707929238278704,-0.18593585110613037,Placed,1.3540388776493464,1,1
1.3712734980681531,-1.5104101963200112,-1.0852784214895703,-1.0318557299675197,0.4707972584500104,0.5587580241227753,NotPlaced,-1.6520651028241051,0,0
-0.057044612920247185,-1.5104101963200112,-1.0852784214895703,-1.0318557299675197,-1.7149065003247927,-2.1717861850498807,NotPlaced,-1.6520651028241051,0,0
0.10165739941179809,-1.5104101963200112,1.2717988986409308,-1.0318557299675197,1.4993637331675649,1.3034518993516808,NotPlaced,-0.2374279355424807,0,0
0.260359411743842,0.050554537486061424,0.09326023857568026,0.09119891761650768,0.5993680677897048,0.8069893158657431,Placed,0.11623135627792522,1,1
-0.5331506499163802,0.050554537486061424,-1.0852784214895703,-1.0318557299675197,-1.3291940723057099,0.06229544063683744,NotPlaced,-1.121576165093496,0,1
-0.057044612920247185,-1.5104101963200112,0.09326023857568026,-1.0318557299675197,0.0850848304309275,-0.6823984345920682,NotPlaced,-0.944746519183293,0,0
-1.8027667485727352,-1.5104101963200112,1.2717988986409308,0.09119891761650768,-1.2006232629660154,0.5587580241227753,NotPlaced,0.2930610021881282,0,0
-0.3744486375843349,-1.5104101963200112,0.09326023857568026,1.2142535652005348,0.5993680677897048,0.5587580241227753,NotPlaced,0.11623135627792522,0,0
1.0538694734040654,0.050554537486061424,1.2717988986409308,0.09119891761650768,0.34222644911031613,0.06229544063683744,NotPlaced,0.8235499399187379,0,1
1.2125714857361094,-1.5104101963200112,1.2717988986409308,1.2142535652005348,1.4993637331675649,1.0552206076087132,Placed,0.8235499399187379,1,0
-1.8027667485727352,0.050554537486061424,-1.0852784214895703,0.09119891761650768,0.2136556397706218,0.31052673237980744,NotPlaced,-0.5910872273628871,0,1
0.8951674610720188,1.611519271292134,1.2717988986409308,1.2142535652005348,1.113651305148482,1.0552206076087132,Placed,1.8845278153799556,1,1
0.10165739941179809,-1.5104101963200112,0.09326023857568026,2.337308212784562,-0.557769216267544,-0.6823984345920682,NotPlaced,0.6467202940085341,0,0
1.2125714857361094,1.611519271292134,1.2717988986409308,1.2142535652005348,-0.6863400256072383,1.3034518993516808,NotPlaced,1.8845278153799556,0,1
1.3712734980681531,0.050554537486061424,-1.0852784214895703,1.2142535652005348,-0.4291984069278497,1.3034518993516808,Placed,-0.060598289632277744,1,1
1.2125714857361094,0.050554537486061424,1.2717988986409308,1.2142535652005348,1.113651305148482,1.3034518993516808,Placed,1.3540388776493464,1,1
-0.5331506499163802,0.050554537486061424,-1.0852784214895703,-1.0318557299675197,-0.557769216267544,-1.4270923098209738,NotPlaced,-1.121576165093496,0,1
0.577763436407931,0.050554537486061424,1.2717988986409308,1.2142535652005348,1.4993637331675649,1.3034518993516808,NotPlaced,1.3540388776493464,0,1
0.10165739941179809,1.611519271292134,1.2717988986409308,1.2142535652005348,-0.0434859789087668,1.3034518993516808,NotPlaced,1.8845278153799556,0,1
-1.8027667485727352,0.050554537486061424,-1.0852784214895703,-1.0318557299675197,0.2136556397706218,0.31052673237980744,NotPlaced,-1.121576165093496,0,1
1.0538694734040654,0.050554537486061424,1.2717988986409308,1.2142535652005348,1.2422221144881762,1.3034518993516808,Placed,1.3540388776493464,1,1
-1.8027667485727352,0.050554537486061424,0.09326023857568026,-1.0318557299675197,0.9850804958087876,-0.9306297263350372,NotPlaced,-0.41425758145268365,0,1
-1.4853627239086462,0.050554537486061424,0.09326023857568026,0.09119891761650768,-0.3006275975881554,-2.6682487685358174,NotPlaced,0.11623135627792522,0,1
-1.3266607115766023,0.050554537486061424,-1.0852784214895703,-1.0318557299675197,-0.6863400256072383,-2.916480060278785,NotPlaced,-1.121576165093496,0,1
-0.21574662525229105,0.050554537486061424,0.09326023857568026,0.09119891761650768,-0.8149108349469326,0.31052673237980744,NotPlaced,0.11623135627792522,0,1
0.260359411743842,0.050554537486061424,-1.0852784214895703,1.2142535652005348,-2.1006189283438754,-0.9306297263350372,NotPlaced,-0.060598289632277744,0,1
-0.3744486375843349,-1.5104101963200112,1.2717988986409308,-1.0318557299675197,1.4993637331675649,0.8069893158657431,NotPlaced,-0.2374279355424807,0,0
0.577763436407931,0.050554537486061424,1.2717988986409308,1.2142535652005348,1.4993637331675649,1.0552206076087132,Placed,1.3540388776493464,1,1
-0.21574662525229105,0.050554537486061424,-1.0852784214895703,-1.0318557299675197,-0.0434859789087668,-2.4200174767928493,NotPlaced,-1.121576165093496,0,1
-0.3744486375843349,0.050554537486061424,-1.0852784214895703,1.2142535652005348,0.727938877129399,1.0552206076087132,Placed,-0.060598289632277744,1,1
0.8951674610720188,0.050554537486061424,-1.0852784214895703,-1.0318557299675197,-0.3006275975881554,1.3034518993516808,Placed,-1.121576165093496,1,1
0.10165739941179809,0.050554537486061424,-1.0852784214895703,-1.0318557299675197,-1.843477309664487,0.31052673237980744,NotPlaced,-1.121576165093496,0,1
-1.6440647362406915,0.050554537486061424,-1.0852784214895703,-1.0318557299675197,0.5993680677897048,-1.4270923098209738,Placed,-1.121576165093496,1,1
0.10165739941179809,0.050554537486061424,-1.0852784214895703,0.09119891761650768,-1.3291940723057099,-1.1788610180780061,NotPlaced,-0.5910872273628871,0,1
-1.3266607115766023,-1.5104101963200112,0.09326023857568026,-1.0318557299675197,-0.6863400256072383,0.06229544063683744,Placed,-0.944746519183293,1,0
-1.0092566869125132,0.050554537486061424,1.2717988986409308,1.2142535652005348,-0.4291984069278497,0.31052673237980744,Placed,1.3540388776493464,1,1
2.0060815473963314,0.050554537486061424,1.2717988986409308,1.2142535652005348,1.4993637331675649,1.3034518993516808,Placed,1.3540388776493464,1,1
-1.167958699244557,0.050554537486061424,-1.0852784214895703,0.09119891761650768,-2.3577605470232643,-2.4200174767928493,NotPlaced,-0.5910872273628871,0,1
-0.057044612920247185,1.611519271292134,1.2717988986409308,-1.0318557299675197,1.4993637331675649,1.3034518993516808,Placed,0.8235499399187379,1,1
-0.3744486375843349,0.050554537486061424,0.09326023857568026,-1.0318557299675197,-0.3006275975881554,0.31052673237980744,NotPlaced,-0.41425758145268365,0,1
-0.691852662248424,0.050554537486061424,-1.0852784214895703,-1.0318557299675197,-0.3006275975881554,-0.6823984345920682,NotPlaced,-1.121576165093496,0,1
-0.057044612920247185,0.050554537486061424,-1.0852784214895703,-1.0318557299675197,1.2422221144881762,-0.18593585110613037,Placed,-1.121576165093496,1,1
1.3712734980681531,0.050554537486061424,1.2717988986409308,0.09119891761650768,-0.8149108349469326,-1.1788610180780061,Placed,0.8235499399187379,1,1
-0.21574662525229105,-1.5104101963200112,-1.0852784214895703,-1.0318557299675197,0.8565096864690933,-0.9306297263350372,NotPlaced,-1.6520651028241051,0,0
0.8951674610720188,1.611519271292134,1.2717988986409308,1.2142535652005348,1.4993637331675649,0.8069893158657431,Placed,1.8845278153799556,1,1
0.10165739941179809,-1.5104101963200112,0.09326023857568026,1.2142535652005348,1.4993637331675649,1.3034518993516808,Placed,0.11623135627792522,1,0
1.2125714857361094,1.611519271292134,-1.0852784214895703,1.2142535652005348,0.9850804958087876,0.31052673237980744,Placed,0.46989064809833114,1,1
-1.8027667485727352,1.611519271292134,0.09326023857568026,-1.0318557299675197,-1.3291940723057099,-0.6823984345920682,NotPlaced,0.11623135627792522,0,1
0.10165739941179809,-1.5104101963200112,1.2717988986409308,-1.0318557299675197,0.5993680677897048,-0.18593585110613037,NotPlaced,-0.2374279355424807,0,0
0.736465448739975,0.050554537486061424,1.2717988986409308,1.2142535652005348,-0.0434859789087668,-1.4270923098209738,Placed,1.3540388776493464,1,1
1.0538694734040654,1.611519271292134,1.2717988986409308,-1.0318557299675197,1.4993637331675649,0.8069893158657431,NotPlaced,0.8235499399187379,0,1
-1.6440647362406915,1.611519271292134,1.2717988986409308,-1.0318557299675197,-0.4291984069278497,-0.9306297263350372,NotPlaced,0.8235499399187379,0,1
1.2125714857361094,0.050554537486061424,1.2717988986409308,1.2142535652005348,1.4993637331675649,-0.18593585110613037,Placed,1.3540388776493464,1,1
-1.3266607115766023,0.050554537486061424,-1.0852784214895703,0.09119891761650768,1.3707929238278704,0.8069893158657431,NotPlaced,-0.5910872273628871,0,1
1.3712734980681531,1.611519271292134,0.09326023857568026,1.2142535652005348,1.4993637331675649,1.3034518993516808,Placed,1.177209231739143,1,1
-0.21574662525229105,0.050554537486061424,1.2717988986409308,0.09119891761650768,1.3707929238278704,-0.18593585110613037,NotPlaced,0.8235499399187379,0,1
-0.057044612920247185,1.611519271292134,0.09326023857568026,2.337308212784562,0.9850804958087876,1.3034518993516808,Placed,1.707698169469752,1,1
0.4190614240758872,0.050554537486061424,1.2717988986409308,-1.0318557299675197,0.8565096864690933,1.3034518993516808,Placed,0.2930610021881282,1,1
-1.4853627239086462,0.050554537486061424,0.09326023857568026,-1.0318557299675197,-0.0434859789087668,0.8069893158657431,Placed,-0.41425758145268365,1,1
-0.057044612920247185,0.050554537486061424,-1.0852784214895703,-1.0318557299675197,-1.9720481190041814,-2.4200174767928493,NotPlaced,-1.121576165093496,0,1
0.10165739941179809,0.050554537486061424,-1.0852784214895703,-1.0318557299675197,-1.457764881645404,0.31052673237980744,NotPlaced,-1.121576165093496,0,1
0.10165739941179809,0.050554537486061424,-1.0852784214895703,0.09119891761650768,-0.943481644286627,-0.18593585110613037,NotPlaced,-0.5910872273628871,0,1
-1.3266607115766023,1.611519271292134,-1.0852784214895703,1.2142535652005348,0.5993680677897048,1.0552206076087132,NotPlaced,0.46989064809833114,0,1
-1.8027667485727352,-1.5104101963200112,1.2717988986409308,-1.0318557299675197,-0.943481644286627,-1.1788610180780061,NotPlaced,-0.2374279355424807,0,0
-1.3266607115766023,-1.5104101963200112,-1.0852784214895703,-1.0318557299675197,-1.0720524536263212,-2.4200174767928493,NotPlaced,-1.6520651028241051,0,0
-0.3744486375843349,0.050554537486061424,0.09326023857568026,0.09119891761650768,-0.943481644286627,1.0552206076087132,NotPlaced,0.11623135627792522,0,1
0.4190614240758872,0.050554537486061424,-1.0852784214895703,1.2142535652005348,0.2136556397706218,-0.4341671428491004,NotPlaced,-0.060598289632277744,0,1
0.577763436407931,1.611519271292134,1.2717988986409308,1.2142535652005348,1.4993637331675649,0.5587580241227753,Placed,1.8845278153799556,1,1
1.2125714857361094,1.611519271292134,1.2717988986409308,1.2142535652005348,0.34222644911031613,0.06229544063683744,Placed,1.8845278153799556,1,1
-1.6440647362406915,0.050554537486061424,-1.0852784214895703,-1.0318557299675197,-1.2006232629660154,-0.9306297263350372,NotPlaced,-1.121576165093496,0,1
-0.057044612920247185,-1.5104101963200112,-1.0852784214895703,-1.0318557299675197,-1.9720481190041814,0.31052673237980744,Placed,-1.6520651028241051,1,0
0.10165739941179809,0.050554537486061424,-1.0852784214895703,-1.0318557299675197,-0.0434859789087668,-0.9306297263350372,NotPlaced,-1.121576165093496,0,1
-1.8027667485727352,0.050554537486061424,-1.0852784214895703,0.09119891761650768,-1.843477309664487,-0.4341671428491004,NotPlaced,-0.5910872273628871,0,1
1.2125714857361094,0.050554537486061424,1.2717988986409308,1.2142535652005348,1.4993637331675649,1.3034518993516808,Placed,1.3540388776493464,1,1
-0.3744486375843349,-1.5104101963200112,1.2717988986409308,-1.0318557299675197,-0.0434859789087668,0.31052673237980744,Placed,-0.2374279355424807,1,0
2.0060815473963314,1.611519271292134,0.09326023857568026,-1.0318557299675197,1.4993637331675649,1.3034518993516808,Placed,0.11623135627792522,1,1
1.529975510400197,1.611519271292134,-1.0852784214895703,-1.0318557299675197,0.9850804958087876,0.31052673237980744,Placed,-0.5910872273628871,1,1
-0.057044612920247185,0.050554537486061424,0.09326023857568026,0.09119891761650768,1.4993637331675649,-1.1788610180780061,NotPlaced,0.11623135627792522,0,1
-0.3744486375843349,0.050554537486061424,1.2717988986409308,0.09119891761650768,-0.943481644286627,0.31052673237980744,NotPlaced,0.8235499399187379,0,1
0.8951674610720188,0.050554537486061424,-1.0852784214895703,0.09119891761650768,-0.557769216267544,0.8069893158657431,NotPlaced,-0.5910872273628871,0,1
0.8951674610720188,1.611519271292134,1.2717988986409308,2.337308212784562,1.2422221144881762,1.3034518993516808,Placed,2.4150167531105646,1,1
0.8951674610720188,0.050554537486061424,1.2717988986409308,1.2142535652005348,1.113651305148482,1.3034518993516808,Placed,1.3540388776493464,1,1
1.2125714857361094,0.050554537486061424,1.2717988986409308,1.2142535652005348,1.2422221144881762,0.5587580241227753,Placed,1.3540388776493464,1,1
-0.21574662525229105,0.050554537486061424,0.09326023857568026,-1.0318557299675197,-1.2006232629660154,-1.9235548933069118,NotPlaced,-0.41425758145268365,0,1
-1.3266607115766023,1.611519271292134,1.2717988986409308,2.337308212784562,1.113651305148482,-0.6823984345920682,NotPlaced,2.4150167531105646,0,1
0.736465448739975,0.050554537486061424,1.2717988986409308,0.09119891761650768,0.4707972584500104,1.3034518993516808,Placed,0.8235499399187379,1,1
1.3712734980681531,0.050554537486061424,-1.0852784214895703,-1.0318557299675197,0.8565096864690933,0.5587580241227753,NotPlaced,-1.121576165093496,0,1
-0.5331506499163802,0.050554537486061424,0.09326023857568026,0.09119891761650768,0.0850848304309275,-1.1788610180780061,NotPlaced,0.11623135627792522,0,1
-0.057044612920247185,0.050554537486061424,-1.0852784214895703,-1.0318557299675197,-0.4291984069278497,-0.6823984345920682,NotPlaced,-1.121576165093496,0,1
-1.8027667485727352,-1.5104101963200112,-1.0852784214895703,-1.0318557299675197,-0.557769216267544,-0.4341671428491004,NotPlaced,-1.6520651028241051,0,0
-1.8027667485727352,1.611519271292134,0.09326023857568026,-1.0318557299675197,0.0850848304309275,-0.4341671428491004,NotPlaced,0.11623135627792522,0,1
-1.8027667485727352,-1.5104101963200112,-1.0852784214895703,0.09119891761650768,1.4993637331675649,-1.4270923098209738,NotPlaced,-1.121576165093496,0,0
0.8951674610720188,1.611519271292134,1.2717988986409308,-1.0318557299675197,-1.7149065003247927,0.06229544063683744,Placed,0.8235499399187379,1,1
-0.057044612920247185,0.050554537486061424,0.09326023857568026,0.09119891761650768,1.113651305148482,0.06229544063683744,NotPlaced,0.11623135627792522,0,1
-1.167958699244557,-1.5104101963200112,-1.0852784214895703,-1.0318557299675197,-0.6863400256072383,-2.916480060278785,NotPlaced,-1.6520651028241051,0,0
-0.21574662525229105,0.050554537486061424,0.09326023857568026,-1.0318557299675197,0.5993680677897048,1.0552206076087132,Placed,-0.41425758145268365,1,1
0.736465448739975,0.050554537486061424,-1.0852784214895703,-1.0318557299675197,1.4993637331675649,1.0552206076087132,NotPlaced,-1.121576165093496,0,1
-0.21574662525229105,0.050554537486061424,-1.0852784214895703,0.09119891761650768,-1.0720524536263212,-1.6753236015639428,NotPlaced,-0.5910872273628871,0,1
0.10165739941179809,-1.5104101963200112,0.09326023857568026,0.09119891761650768,-1.3291940723057099,-0.6823984345920682,Placed,-0.41425758145268365,1,0
-0.057044612920247185,0.050554537486061424,1.2717988986409308,-1.0318557299675197,0.34222644911031613,1.0552206076087132,Placed,0.2930610021881282,1,1
0.577763436407931,1.611519271292134,1.2717988986409308,1.2142535652005348,1.4993637331675649,1.0552206076087132,Placed,1.8845278153799556,1,1
1.688677522732241,0.050554537486061424,1.2717988986409308,1.2142535652005348,1.4993637331675649,1.3034518993516808,NotPlaced,1.3540388776493464,0,1
1.8473795350642876,1.611519271292134,-1.0852784214895703,1.2142535652005348,0.8565096864690933,1.3034518993516808,Placed,0.46989064809833114,1,1
2.164783559728375,0.050554537486061424,1.2717988986409308,1.2142535652005348,-0.0434859789087668,1.3034518993516808,Placed,1.3540388776493464,1,1
1.3712734980681531,-1.5104101963200112,1.2717988986409308,1.2142535652005348,1.4993637331675649,0.8069893158657431,Placed,0.8235499399187379,1,0
-1.6440647362406915,0.050554537486061424,0.09326023857568026,-1.0318557299675197,0.0850848304309275,-0.9306297263350372,NotPlaced,-0.41425758145268365,0,1
1.2125714857361094,0.050554537486061424,0.09326023857568026,1.2142535652005348,0.727938877129399,1.0552206076087132,NotPlaced,0.6467202940085341,0,1
-0.5331506499163802,0.050554537486061424,-1.0852784214895703,0.09119891761650768,-0.3006275975881554,-0.4341671428491004,NotPlaced,-0.5910872273628871,0,1
0.577763436407931,-1.5104101963200112,-1.0852784214895703,-1.0318557299675197,-0.4291984069278497,-1.6753236015639428,NotPlaced,-1.6520651028241051,0,0
-0.057044612920247185,0.050554537486061424,0.09326023857568026,-1.0318557299675197,0.0850848304309275,0.06229544063683744,NotPlaced,-0.41425758145268365,0,1
0.10165739941179809,0.050554537486061424,1.2717988986409308,-1.0318557299675197,-0.0434859789087668,0.31052673237980744,NotPlaced,0.2930610021881282,0,1
0.260359411743842,0.050554537486061424,1.2717988986409308,1.2142535652005348,1.113651305148482,0.06229544063683744,Placed,1.3540388776493464,1,1
0.4190614240758872,1.611519271292134,1.2717988986409308,1.2142535652005348,0.0850848304309275,0.06229544063683744,Placed,1.8845278153799556,1,1
1.0538694734040654,1.611519271292134,1.2717988986409308,1.2142535652005348,0.34222644911031613,1.0552206076087132,Placed,1.8845278153799556,1,1
1.8473795350642876,-1.5104101963200112,1.2717988986409308,-1.0318557299675197,1.4993637331675649,-0.4341671428491004,Placed,-0.2374279355424807,1,0
0.577763436407931,0.050554537486061424,-1.0852784214895703,-1.0318557299675197,0.34222644911031613,0.8069893158657431,NotPlaced,-1.121576165093496,0,1
1.3712734980681531,0.050554537486061424,0.09326023857568026,1.2142535652005348,1.4993637331675649,0.8069893158657431,Placed,0.6467202940085341,1,1
-0.8505546745804693,0.050554537486061424,1.2717988986409308,1.2142535652005348,1.2422221144881762,-0.6823984345920682,Placed,1.3540388776493464,1,1
0.10165739941179809,0.050554537486061424,-1.0852784214895703,1.2142535652005348,0.5993680677897048,0.5587580241227753,Placed,-0.060598289632277744,1,1
-0.3744486375843349,0.050554537486061424,-1.0852784214895703,-1.0318557299675197,-0.943481644286627,-0.9306297263350372,NotPlaced,-1.121576165093496,0,1
-0.5331506499163802,-1.5104101963200112,-1.0852784214895703,0.09119891761650768,-1.2006232629660154,-1.4270923098209738,NotPlaced,-1.121576165093496,0,0
-1.167958699244557,-1.5104101963200112,0.09326023857568026,0.09119891761650768,0.4707972584500104,-0.9306297263350372,NotPlaced,-0.41425758145268365,0,0
-0.691852662248424,0.050554537486061424,0.09326023857568026,1.2142535652005348,-1.5863356909850983,-0.4341671428491004,Placed,0.6467202940085341,1,1
-0.21574662525229105,0.050554537486061424,-1.0852784214895703,-1.0318557299675197,-1.2006232629660154,0.5587580241227753,NotPlaced,-1.121576165093496,0,1
-0.21574662525229105,1.611519271292134,1.2717988986409308,0.09119891761650768,0.0850848304309275,0.31052673237980744,Placed,1.3540388776493464,1,1
-0.3744486375843349,-1.5104101963200112,0.09326023857568026,0.09119891761650768,0.5993680677897048,0.5587580241227753,Placed,-0.41425758145268365,1,0
-1.3266607115766023,0.050554537486061424,-1.0852784214895703,-1.0318557299675197,0.2136556397706218,-1.6753236015639428,NotPlaced,-1.121576165093496,0,1
0.10165739941179809,0.050554537486061424,0.09326023857568026,-1.0318557299675197,-0.0434859789087668,-0.6823984345920682,NotPlaced,-0.41425758145268365,0,1
-0.21574662525229105,0.050554537486061424,0.09326023857568026,-1.0318557299675197,-0.6863400256072383,1.0552206076087132,Placed,-0.41425758145268365,1,1
-1.4853627239086462,1.611519271292134,-1.0852784214895703,0.09119891761650768,-1.2006232629660154,-1.1788610180780061,NotPlaced,-0.06059828963227817,0,1
0.10165739941179809,1.611519271292134,0.09326023857568026,1.2142535652005348,0.727938877129399,-0.9306297263350372,Placed,1.177209231739143,1,1
-0.21574662525229105,0.050554537486061424,1.2717988986409308,-1.0318557299675197,0.5993680677897048,0.8069893158657431,NotPlaced,0.2930610021881282,0,1
0.577763436407931,1.611519271292134,1.2717988986409308,2.337308212784562,0.727938877129399,-0.6823984345920682,NotPlaced,2.4150167531105646,0,1
0.260359411743842,0.050554537486061424,0.09326023857568026,-1.0318557299675197,-0.1720567882484611,0.31052673237980744,NotPlaced,-0.41425758145268365,0,1
-1.4853627239086462,-1.5104101963200112,0.09326023857568026,0.09119891761650768,0.0850848304309275,-0.4341671428491004,NotPlaced,-0.41425758145268365,0,0
0.736465448739975,1.611519271292134,0.09326023857568026,0.09119891761650768,-1.7149065003247927,1.3034518993516808,NotPlaced,0.6467202940085345,0,1
-0.21574662525229105,1.611519271292134,-1.0852784214895703,-1.0318557299675197,-1.2006232629660154,0.5587580241227753,NotPlaced,-0.5910872273628871,0,1
-1.8027667485727352,1.611519271292134,-1.0852784214895703,-1.0318557299675197,-0.6863400256072383,-0.6823984345920682,NotPlaced,-0.5910872273628871,0,1
-0.057044612920247185,1.611519271292134,0.09326023857568026,1.2142535652005348,0.34222644911031613,0.06229544063683744,NotPlaced,1.177209231739143,0,1
-0.057044612920247185,0.050554537486061424,0.09326023857568026,0.09119891761650768,-1.457764881645404,0.8069893158657431,NotPlaced,0.11623135627792522,0,1
1.3712734980681531,0.050554537486061424,0.09326023857568026,1.2142535652005348,-0.557769216267544,-0.6823984345920682,NotPlaced,0.6467202940085341,0,1
0.736465448739975,0.050554537486061424,0.09326023857568026,-1.0318557299675197,-0.8149108349469326,0.5587580241227753,Placed,-0.41425758145268365,1,1
0.4190614240758872,0.050554537486061424,1.2717988986409308,-1.0318557299675197,0.4707972584500104,0.8069893158657431,NotPlaced,0.2930610021881282,0,1
1.0538694734040654,0.050554537486061424,1.2717988986409308,0.09119891761650768,1.4993637331675649,0.5587580241227753,Placed,0.8235499399187379,1,1
1.688677522732241,1.611519271292134,1.2717988986409308,1.2142535652005348,1.4993637331675649,1.0552206076087132,Placed,1.8845278153799556,1,1
-1.8027667485727352,0.050554537486061424,-1.0852784214895703,-1.0318557299675197,-0.3006275975881554,0.5587580241227753,Placed,-1.121576165093496,1,1
-0.5331506499163802,0.050554537486061424,-1.0852784214895703,-1.0318557299675197,-0.8149108349469326,-1.4270923098209738,NotPlaced,-1.121576165093496,0,1
-0.21574662525229105,1.611519271292134,1.2717988986409308,-1.0318557299675197,1.2422221144881762,0.8069893158657431,Placed,0.8235499399187379,1,1
0.8951674610720188,-1.5104101963200112,-1.0852784214895703,-1.0318557299675197,-0.943481644286627,1.3034518993516808,NotPlaced,-1.6520651028241051,0,0
-0.3744486375843349,-1.5104101963200112,0.09326023857568026,-1.0318557299675197,-0.0434859789087668,0.31052673237980744,NotPlaced,-0.944746519183293,0,0
0.8951674610720188,0.050554537486061424,1.2717988986409308,0.09119891761650768,-0.1720567882484611,-0.18593585110613037,Placed,0.8235499399187379,1,1
0.10165739941179809,0.050554537486061424,1.2717988986409308,1.2142535652005348,0.5993680677897048,1.0552206076087132,NotPlaced,1.3540388776493464,0,1
-0.057044612920247185,0.050554537486061424,0.09326023857568026,0.09119891761650768,-1.457764881645404,0.5587580241227753,NotPlaced,0.11623135627792522,0,1
-0.5331506499163802,-1.5104101963200112,-1.0852784214895703,0.09119891761650768,0.2136556397706218,-0.4341671428491004,NotPlaced,-1.121576165093496,0,0
-0.057044612920247185,0.050554537486061424,-1.0852784214895703,-1.0318557299675197,-0.0434859789087668,-1.6753236015639428,NotPlaced,-1.121576165093496,0,1
0.10165739941179809,0.050554537486061424,1.2717988986409308,-1.0318557299675197,0.34222644911031613,1.3034518993516808,Placed,0.2930610021881282,1,1
-0.21574662525229105,0.050554537486061424,0.09326023857568026,0.09119891761650768,-2.3577605470232643,-2.1717861850498807,NotPlaced,0.11623135627792522,0,1
-1.8027667485727352,0.050554537486061424,0.09326023857568026,-1.0318557299675197,0.727938877129399,-0.18593585110613037,NotPlaced,-0.41425758145268365,0,1
1.0538694734040654,0.050554537486061424,1.2717988986409308,0.09119891761650768,0.727938877129399,0.8069893158657431,Placed,0.8235499399187379,1,1
-1.4853627239086462,0.050554537486061424,-1.0852784214895703,0.09119891761650768,-1.7149065003247927,-0.6823984345920682,NotPlaced,-0.5910872273628871,0,1
-1.8027667485727352,-1.5104101963200112,-1.0852784214895703,-1.0318557299675197,-2.1006189283438754,-0.4341671428491004,NotPlaced,-1.6520651028241051,0,0
0.10165739941179809,0.050554537486061424,0.09326023857568026,0.09119891761650768,-1.0720524536263212,-0.6823984345920682,NotPlaced,0.11623135627792522,0,1
0.260359411743842,1.611519271292134,1.2717988986409308,0.09119891761650768,0.0850848304309275,0.8069893158657431,NotPlaced,1.3540388776493464,0,1
0.577763436407931,1.611519271292134,0.09326023857568026,1.2142535652005348,1.113651305148482,1.3034518993516808,Placed,1.177209231739143,1,1
-0.057044612920247185,0.050554537486061424,0.09326023857568026,0.09119891761650768,-0.1720567882484611,0.8069893158657431,NotPlaced,0.11623135627792522,0,1
-1.8027667485727352,-1.5104101963200112,0.09326023857568026,-1.0318557299675197,-0.943481644286627,-2.1717861850498807,NotPlaced,-0.944746519183293,0,0
1.8473795350642876,-1.5104101963200112,1.2717988986409308,-1.0318557299675197,1.2422221144881762,0.8069893158657431,Placed,-0.2374279355424807,1,0
-1.8027667485727352,0.050554537486061424,-1.0852784214895703,-1.0318557299675197,-1.5863356909850983,-0.9306297263350372,NotPlaced,-1.121576165093496,0,1
-0.3744486375843349,0.050554537486061424,-1.0852784214895703,-1.0318557299675197,-0.557769216267544,-1.1788610180780061,NotPlaced,-1.121576165093496,0,1
-0.057044612920247185,0.050554537486061424,-1.0852784214895703,-1.0318557299675197,-0.943481644286627,-1.1788610180780061,NotPlaced,-1.121576165093496,0,1
-0.21574662525229105,0.050554537486061424,0.09326023857568026,1.2142535652005348,-0.8149108349469326,-0.4341671428491004,NotPlaced,0.6467202940085341,0,1
-0.8505546745804693,0.050554537486061424,-1.0852784214895703,-1.0318557299675197,-0.557769216267544,1.0552206076087132,NotPlaced,-1.121576165093496,0,1
-0.5331506499163802,-1.5104101963200112,-1.0852784214895703,1.2142535652005348,0.4707972584500104,1.0552206076087132,Placed,-0.5910872273628871,1,0
1.3712734980681531,0.050554537486061424,0.09326023857568026,1.2142535652005348,1.4993637331675649,1.3034518993516808,Placed,0.6467202940085341,1,1
-1.8027667485727352,0.050554537486061424,-1.0852784214895703,-1.0318557299675197,-1.3291940723057099,1.3034518993516808,NotPlaced,-1.121576165093496,0,1
1.0538694734040654,1.611519271292134,1.2717988986409308,1.2142535652005348,1.113651305148482,1.3034518993516808,Placed,1.8845278153799556,1,1
-1.8027667485727352,-1.5104101963200112,-1.0852784214895703,1.2142535652005348,-0.943481644286627,-2.6682487685358174,NotPlaced,-0.5910872273628871,0,0
-0.21574662525229105,1.611519271292134,1.2717988986409308,1.2142535652005348,1.113651305148482,1.0552206076087132,Placed,1.8845278153799556,1,1
-0.21574662525229105,0.050554537486061424,-1.0852784214895703,0.09119891761650768,-0.1720567882484611,0.8069893158657431,NotPlaced,-0.5910872273628871,0,1
1.0538694734040654,1.611519271292134,1.2717988986409308,1.2142535652005348,0.4707972584500104,0.31052673237980744,Placed,1.8845278153799556,1,1
0.577763436407931,1.611519271292134,1.2717988986409308,1.2142535652005348,0.9850804958087876,1.3034518993516808,Placed,1.8845278153799556,1,1
-1.3266607115766023,0.050554537486061424,0.09326023857568026,-1.0318557299675197,-0.557769216267544,0.06229544063683744,NotPlaced,-0.41425758145268365,0,1
1.3712734980681531,1.611519271292134,1.2717988986409308,-1.0318557299675197,0.8565096864690933,0.5587580241227753,Placed,0.8235499399187379,1,1
0.8951674610720188,0.050554537486061424,1.2717988986409308,0.09119891761650768,0.8565096864690933,1.0552206076087132,Placed,0.8235499399187379,1,1
-1.4853627239086462,0.050554537486061424,-1.0852784214895703,-1.0318557299675197,-2.3577605470232643,-0.6823984345920682,NotPlaced,-1.121576165093496,0,1
-1.6440647362406915,1.611519271292134,1.2717988986409308,-1.0318557299675197,-0.1720567882484611,0.31052673237980744,Placed,0.8235499399187379,1,1
0.10165739941179809,0.050554537486061424,1.2717988986409308,-1.0318557299675197,0.9850804958087876,-0.4341671428491004,NotPlaced,0.2930610021881282,0,1
-1.4853627239086462,0.050554537486061424,-1.0852784214895703,0.09119891761650768,-1.457764881645404,-2.1717861850498807,NotPlaced,-0.5910872273628871,0,1
-1.0092566869125132,0.050554537486061424,-1.0852784214895703,0.09119891761650768,0.9850804958087876,-1.1788610180780061,NotPlaced,-0.5910872273628871,0,1
-1.4853627239086462,-1.5104101963200112,-1.0852784214895703,-1.0318557299675197,0.4707972584500104,-1.1788610180780061,NotPlaced,-1.6520651028241051,0,0
0.10165739941179809,-1.5104101963200112,0.09326023857568026,0.09119891761650768,-0.943481644286627,0.06229544063683744,NotPlaced,-0.41425758145268365,0,0
1.2125714857361094,1.611519271292134,-1.0852784214895703,0.09119891761650768,0.5993680677897048,-1.9235548933069118,Placed,-0.06059828963227817,1,1
-0.5331506499163802,0.050554537486061424,-1.0852784214895703,-1.0318557299675197,-0.1720567882484611,-0.6823984345920682,NotPlaced,-1.121576165093496,0,1
0.260359411743842,0.050554537486061424,1.2717988986409308,-1.0318557299675197,0.34222644911031613,0.06229544063683744,NotPlaced,0.2930610021881282,0,1
-0.057044612920247185,0.050554537486061424,0.09326023857568026,-1.0318557299675197,0.0850848304309275,-0.18593585110613037,NotPlaced,-0.41425758145268365,0,1
-0.3744486375843349,-1.5104101963200112,-1.0852784214895703,-1.0318557299675197,-0.0434859789087668,0.8069893158657431,NotPlaced,-1.6520651028241051,0,0
1.0538694734040654,0.050554537486061424,-1.0852784214895703,0.09119891761650768,-1.0720524536263212,1.3034518993516808,NotPlaced,-0.5910872273628871,0,1
0.736465448739975,1.611519271292134,1.2717988986409308,1.2142535652005348,1.113651305148482,1.3034518993516808,NotPlaced,1.8845278153799556,0,1
0.4190614240758872,1.611519271292134,1.2717988986409308,1.2142535652005348,0.4707972584500104,1.3034518993516808,Placed,1.8845278153799556,1,1
-1.8027667485727352,0.050554537486061424,-1.0852784214895703,-1.0318557299675197,0.2136556397706218,0.5587580241227753,NotPlaced,-1.121576165093496,0,1
-1.4853627239086462,1.611519271292134,1.2717988986409308,1.2142535652005348,0.8565096864690933,-0.18593585110613037,NotPlaced,1.8845278153799556,0,1
-1.6440647362406915,-1.5104101963200112,-1.0852784214895703,0.09119891761650768,-1.9720481190041814,-1.1788610180780061,NotPlaced,-1.121576165093496,0,0
-0.21574662525229105,0.050554537486061424,0.09326023857568026,-1.0318557299675197,-0.0434859789087668,-2.1717861850498807,NotPlaced,-0.41425758145268365,0,1
0.736465448739975,0.050554537486061424,-1.0852784214895703,-1.0318557299675197,0.9850804958087876,-1.1788610180780061,NotPlaced,-1.121576165093496,0,1
2.0060815473963314,0.050554537486061424,1.2717988986409308,-1.0318557299675197,0.5993680677897048,1.3034518993516808,Placed,0.2930610021881282,1,1
0.10165739941179809,0.050554537486061424,0.09326023857568026,-1.0318557299675197,-0.557769216267544,1.0552206076087132,Placed,-0.41425758145268365,1,1
1.3712734980681531,0.050554537486061424,0.09326023857568026,0.09119891761650768,-0.6863400256072383,-0.18593585110613037,NotPlaced,0.11623135627792522,0,1
0.4190614240758872,-1.5104101963200112,1.2717988986409308,0.09119891761650768,0.9850804958087876,0.8069893158657431,Placed,0.2930610021881282,1,0
1.688677522732241,1.611519271292134,0.09326023857568026,1.2142535652005348,1.4993637331675649,1.0552206076087132,Placed,1.177209231739143,1,1
-0.3744486375843349,0.050554537486061424,-1.0852784214895703,0.09119891761650768,-2.22918973768357,-0.4341671428491004,NotPlaced,-0.5910872273628871,0,1
-0.21574662525229105,1.611519271292134,-1.0852784214895703,0.09119891761650768,0.4707972584500104,1.0552206076087132,NotPlaced,-0.06059828963227817,0,1
0.10165739941179809,-1.5104101963200112,0.09326023857568026,1.2142535652005348,-1.2006232629660154,0.31052673237980744,NotPlaced,0.11623135627792522,0,0
-0.21574662525229105,-1.5104101963200112,0.09326023857568026,-1.0318557299675197,0.34222644911031613,-1.6753236015639428,Placed,-0.944746519183293,1,0
-1.8027667485727352,0.050554537486061424,0.09326023857568026,-1.0318557299675197,0.34222644911031613,-0.4341671428491004,NotPlaced,-0.41425758145268365,0,1
-0.057044612920247185,-1.5104101963200112,0.09326023857568026,-1.0318557299675197,-1.3291940723057099,0.8069893158657431,NotPlaced,-0.944746519183293,0,0
1.3712734980681531,1.611519271292134,1.2717988986409308,1.2142535652005348,0.9850804958087876,1.0552206076087132,NotPlaced,1.8845278153799556,0,1
0.10165739941179809,0.050554537486061424,0.09326023857568026,1.2142535652005348,-0.4291984069278497,1.0552206076087132,NotPlaced,0.6467202940085341,0,1
-0.5331506499163802,0.050554537486061424,-1.0852784214895703,-1.0318557299675197,-2.3577605470232643,-2.6682487685358174,NotPlaced,-1.121576165093496,0,1
-1.6440647362406915,-1.5104101963200112,-1.0852784214895703,1.2142535652005348,-0.8149108349469326,-0.4341671428491004,NotPlaced,-0.5910872273628871,0,0
-0.5331506499163802,0.050554537486061424,0.09326023857568026,-1.0318557299675197,-0.8149108349469326,0.06229544063683744,NotPlaced,-0.41425758145268365,0,1
1.3712734980681531,1.611519271292134,1.2717988986409308,1.2142535652005348,0.34222644911031613,0.5587580241227753,Placed,1.8845278153799556,1,1
-0.057044612920247185,1.611519271292134,-1.0852784214895703,-1.0318557299675197,1.4993637331675649,1.3034518993516808,NotPlaced,-0.5910872273628871,0,1
0.4190614240758872,0.050554537486061424,1.2717988986409308,1.2142535652005348,1.4993637331675649,-1.6753236015639428,Placed,1.3540388776493464,1,1
-1.4853627239086462,-1.5104101963200112,-1.0852784214895703,-1.0318557299675197,0.2136556397706218,-2.916480060278785,NotPlaced,-1.6520651028241051,0,0
0.8951674610720188,1.611519271292134,1.2717988986409308,-1.0318557299675197,0.34222644911031613,1.0552206076087132,NotPlaced,0.8235499399187379,0,1
-1.8027667485727352,-1.5104101963200112,-1.0852784214895703,-1.0318557299675197,0.727938877129399,-0.4341671428491004,NotPlaced,-1.6520651028241051,0,0
-1.4853627239086462,-1.5104101963200112,0.09326023857568026,-1.0318557299675197,-1.0720524536263212,-2.916480060278785,NotPlaced,-0.944746519183293,0,0
-0.691852662248424,1.611519271292134,0.09326023857568026,1.2142535652005348,1.113651305148482,0.31052673237980744,Placed,1.177209231739143,1,1
-0.21574662525229105,0.050554537486061424,0.09326023857568026,0.09119891761650768,-0.3006275975881554,0.31052673237980744,NotPlaced,0.11623135627792522,0,1
0.736465448739975,1.611519271292134,1.2717988986409308,1.2142535652005348,1.4993637331675649,1.0552206076087132,Placed,1.8845278153799556,1,1
0.10165739941179809,0.050554537486061424,1.2717988986409308,1.2142535652005348,0.9850804958087876,0.5587580241227753,NotPlaced,1.3540388776493464,0,1
1.688677522732241,0.050554537486061424,1.2717988986409308,1.2142535652005348,0.0850848304309275,0.8069893158657431,NotPlaced,1.3540388776493464,0,1
-0.21574662525229105,-1.5104101963200112,-1.0852784214895703,0.09119891761650768,-0.4291984069278497,-2.4200174767928493,NotPlaced,-1.121576165093496,0,0
-1.8027667485727352,-1.5104101963200112,-1.0852784214895703,1.2142535652005348,0.8565096864690933,-1.6753236015639428,NotPlaced,-0.5910872273628871,0,0
1.3712734980681531,0.050554537486061424,-1.0852784214895703,1.2142535652005348,1.113651305148482,0.5587580241227753,Placed,-0.060598289632277744,1,1
0.736465448739975,0.050554537486061424,1.2717988986409308,-1.0318557299675197,1.113651305148482,1.0552206076087132,Placed,0.2930610021881282,1,1
1.2125714857361094,1.611519271292134,1.2717988986409308,1.2142535652005348,1.4993637331675649,0.5587580241227753,NotPlaced,1.8845278153799556,0,1
-0.3744486375843349,0.050554537486061424,0.09326023857568026,1.2142535652005348,0.4707972584500104,0.06229544063683744,NotPlaced,0.6467202940085341,0,1
-0.691852662248424,0.050554537486061424,0.09326023857568026,0.09119891761650768,-1.7149065003247927,0.31052673237980744,NotPlaced,0.11623135627792522,0,1
1.0538694734040654,0.050554537486061424,0.09326023857568026,0.09119891761650768,-0.8149108349469326,1.0552206076087132,NotPlaced,0.11623135627792522,0,1
0.577763436407931,1.611519271292134,1.2717988986409308,1.2142535652005348,0.0850848304309275,1.3034518993516808,Placed,1.8845278153799556,1,1
0.260359411743842,0.050554537486061424,-1.0852784214895703,0.09119891761650768,-1.7149065003247927,-0.9306297263350372,NotPlaced,-0.5910872273628871,0,1
-1.8027667485727352,0.050554537486061424,0.09326023857568026,-1.0318557299675197,1.113651305148482,0.06229544063683744,NotPlaced,-0.41425758145268365,0,1
-0.057044612920247185,0.050554537486061424,0.09326023857568026,1.2142535652005348,0.9850804958087876,0.06229544063683744,NotPlaced,0.6467202940085341,0,1
0.577763436407931,0.050554537486061424,0.09326023857568026,0.09119891761650768,-0.943481644286627,-0.4341671428491004,NotPlaced,0.11623135627792522,0,1
-1.8027667485727352,-1.5104101963200112,-1.0852784214895703,0.09119891761650768,-2.3577605470232643,-0.4341671428491004,NotPlaced,-1.121576165093496,0,0
-1.8027667485727352,0.050554537486061424,0.09326023857568026,-1.0318557299675197,0.5993680677897048,0.8069893158657431,NotPlaced,-0.41425758145268365,0,1
0.4190614240758872,1.611519271292134,-1.0852784214895703,-1.0318557299675197,-0.1720567882484611,0.06229544063683744,NotPlaced,-0.5910872273628871,0,1
0.8951674610720188,-1.5104101963200112,1.2717988986409308,1.2142535652005348,0.8565096864690933,1.3034518993516808,Placed,0.8235499399187379,1,0
-0.3744486375843349,0.050554537486061424,-1.0852784214895703,0.09119891761650768,-0.6863400256072383,-1.6753236015639428,NotPlaced,-0.5910872273628871,0,1
-0.5331506499163802,0.050554537486061424,-1.0852784214895703,2.337308212784562,0.5993680677897048,0.5587580241227753,Placed,0.46989064809833114,1,1
0.260359411743842,0.050554537486061424,-1.0852784214895703,1.2142535652005348,1.4993637331675649,-0.6823984345920682,NotPlaced,-0.060598289632277744,0,1
0.4190614240758872,0.050554537486061424,1.2717988986409308,0.09119891761650768,-0.943481644286627,0.8069893158657431,NotPlaced,0.8235499399187379,0,1
1.688677522732241,1.611519271292134,1.2717988986409308,1.2142535652005348,1.4993637331675649,0.06229544063683744,Placed,1.8845278153799556,1,1
0.10165739941179809,1.611519271292134,0.09326023857568026,1.2142535652005348,1.4993637331675649,1.3034518993516808,Placed,1.177209231739143,1,1
0.8951674610720188,0.050554537486061424,1.2717988986409308,0.09119891761650768,0.5993680677897048,1.3034518993516808,Placed,0.8235499399187379,1,1
-1.167958699244557,-1.5104101963200112,0.09326023857568026,-1.0318557299675197,-0.943481644286627,-0.6823984345920682,NotPlaced,-0.944746519183293,0,0
1.0538694734040654,0.050554537486061424,1.2717988986409308,1.2142535652005348,0.4707972584500104,0.06229544063683744,NotPlaced,1.3540388776493464,0,1
1.2125714857361094,1.611519271292134,1.2717988986409308,-1.0318557299675197,1.4993637331675649,0.5587580241227753,Placed,0.8235499399187379,1,1
1.0538694734040654,1.611519271292134,1.2717988986409308,-1.0318557299675197,1.4993637331675649,1.0552206076087132,Placed,0.8235499399187379,1,1
0.4190614240758872,-1.5104101963200112,-1.0852784214895703,-1.0318557299675197,0.8565096864690933,0.5587580241227753,NotPlaced,-1.6520651028241051,0,0
0.8951674610720188,1.611519271292134,1.2717988986409308,1.2142535652005348,0.727938877129399,1.3034518993516808,Placed,1.8845278153799556,1,1
1.3712734980681531,1.611519271292134,0.09326023857568026,-1.0318557299675197,0.5993680677897048,1.0552206076087132,NotPlaced,0.11623135627792522,0,1
0.260359411743842,0.050554537486061424,0.09326023857568026,-1.0318557299675197,-0.4291984069278497,0.5587580241227753,Placed,-0.41425758145268365,1,1
-1.8027667485727352,-1.5104101963200112,1.2717988986409308,0.09119891761650768,0.0850848304309275,0.06229544063683744,NotPlaced,0.2930610021881282,0,0
-1.3266607115766023,0.050554537486061424,0.09326023857568026,0.09119891761650768,-0.0434859789087668,0.31052673237980744,NotPlaced,0.11623135627792522,0,1
0.8951674610720188,1.611519271292134,1.2717988986409308,0.09119891761650768,1.4993637331675649,1.3034518993516808,Placed,1.3540388776493464,1,1
-0.21574662525229105,0.050554537486061424,0.09326023857568026,1.2142535652005348,0.9850804958087876,0.5587580241227753,NotPlaced,0.6467202940085341,0,1
0.736465448739975,0.050554537486061424,1.2717988986409308,-1.0318557299675197,-0.557769216267544,-0.6823984345920682,Placed,0.2930610021881282,1,1
0.8951674610720188,1.611519271292134,1.2717988986409308,1.2142535652005348,1.4993637331675649,-0.4341671428491004,Placed,1.8845278153799556,1,1
1.0538694734040654,0.050554537486061424,1.2717988986409308,-1.0318557299675197,-0.0434859789087668,1.0552206076087132,NotPlaced,0.2930610021881282,0,1
-1.4853627239086462,0.050554537486061424,0.09326023857568026,-1.0318557299675197,-0.8149108349469326,0.06229544063683744,NotPlaced,-0.41425758145268365,0,1
1.0538694734040654,0.050554537486061424,0.09326023857568026,1.2142535652005348,1.4993637331675649,1.3034518993516808,Placed,0.6467202940085341,1,1
1.3712734980681531,1.611519271292134,1.2717988986409308,-1.0318557299675197,1.3707929238278704,0.5587580241227753,Placed,0.8235499399187379,1,1
-0.3744486375843349,0.050554537486061424,-1.0852784214895703,-1.0318557299675197,-1.843477309664487,-1.4270923098209738,NotPlaced,-1.121576165093496,0,1
-1.8027667485727352,0.050554537486061424,0.09326023857568026,0.09119891761650768,-0.8149108349469326,0.8069893158657431,NotPlaced,0.11623135627792522,0,1
0.736465448739975,1.611519271292134,0.09326023857568026,-1.0318557299675197,-0.0434859789087668,1.3034518993516808,NotPlaced,0.11623135627792522,0,1
1.0538694734040654,0.050554537486061424,0.09326023857568026,-1.0318557299675197,-0.0434859789087668,0.8069893158657431,NotPlaced,-0.41425758145268365,0,1
-0.21574662525229105,1.611519271292134,0.09326023857568026,-1.0318557299675197,0.0850848304309275,0.5587580241227753,Placed,0.11623135627792522,1,1
-0.21574662525229105,0.050554537486061424,0.09326023857568026,0.09119891761650768,-1.5863356909850983,-0.6823984345920682,NotPlaced,0.11623135627792522,0,1
-1.8027667485727352,-1.5104101963200112,0.09326023857568026,2.337308212784562,0.8565096864690933,0.5587580241227753,Placed,0.6467202940085341,1,0
1.3712734980681531,1.611519271292134,0.09326023857568026,1.2142535652005348,1.2422221144881762,1.3034518993516808,Placed,1.177209231739143,1,1
-1.6440647362406915,0.050554537486061424,-1.0852784214895703,0.09119891761650768,-0.8149108349469326,-0.6823984345920682,NotPlaced,-0.5910872273628871,0,1
-1.8027667485727352,1.611519271292134,-1.0852784214895703,1.2142535652005348,0.9850804958087876,1.0552206076087132,Placed,0.46989064809833114,1,1
-0.21574662525229105,0.050554537486061424,-1.0852784214895703,-1.0318557299675197,-1.457764881645404,0.06229544063683744,NotPlaced,-1.121576165093496,0,1
1.2125714857361094,0.050554537486061424,1.2717988986409308,2.337308212784562,1.4993637331675649,1.3034518993516808,Placed,1.8845278153799556,1,1
-0.057044612920247185,0.050554537486061424,1.2717988986409308,2.337308212784562,0.4707972584500104,1.3034518993516808,NotPlaced,1.8845278153799556,0,1
-0.057044612920247185,0.050554537486061424,-1.0852784214895703,0.09119891761650768,-0.557769216267544,-0.9306297263350372,NotPlaced,-0.5910872273628871,0,1
0.8951674610720188,1.611519271292134,0.09326023857568026,1.2142535652005348,0.4707972584500104,1.0552206076087132,Placed,1.177209231739143,1,1
1.0538694734040654,1.611519271292134,1.2717988986409308,1.2142535652005348,0.727938877129399,0.8069893158657431,NotPlaced,1.8845278153799556,0,1
-0.3744486375843349,1.611519271292134,-1.0852784214895703,-1.0318557299675197,-0.557769216267544,0.5587580241227753,NotPlaced,-0.5910872273628871,0,1
0.736465448739975,0.050554537486061424,0.09326023857568026,1.2142535652005348,0.9850804958087876,1.3034518993516808,Placed,0.6467202940085341,1,1
-0.21574662525229105,0.050554537486061424,0.09326023857568026,-1.0318557299675197,0.0850848304309275,1.0552206076087132,NotPlaced,-0.41425758145268365,0,1
-0.21574662525229105,0.050554537486061424,-1.0852784214895703,0.09119891761650768,0.0850848304309275,1.0552206076087132,NotPlaced,-0.5910872273628871,0,1
0.10165739941179809,0.050554537486061424,1.2717988986409308,-1.0318557299675197,-0.4291984069278497,0.5587580241227753,NotPlaced,0.2930610021881282,0,1
-0.057044612920247185,0.050554537486061424,-1.0852784214895703,-1.0318557299675197,-0.1720567882484611,-0.18593585110613037,NotPlaced,-1.121576165093496,0,1
-0.057044612920247185,1.611519271292134,1.2717988986409308,2.337308212784562,-0.8149108349469326,-0.6823984345920682,NotPlaced,2.4150167531105646,0,1
-0.21574662525229105,0.050554537486061424,0.09326023857568026,0.09119891761650768,-0.1720567882484611,-1.4270923098209738,NotPlaced,0.11623135627792522,0,1
-0.057044612920247185,0.050554537486061424,0.09326023857568026,0.09119891761650768,0.34222644911031613,1.3034518993516808,NotPlaced,0.11623135627792522,0,1
-0.057044612920247185,0.050554537486061424,0.09326023857568026,0.09119891761650768,0.5993680677897048,0.8069893158657431,NotPlaced,0.11623135627792522,0,1
0.577763436407931,0.050554537486061424,1.2717988986409308,-1.0318557299675197,0.34222644911031613,0.06229544063683744,NotPlaced,0.2930610021881282,0,1
1.0538694734040654,0.050554537486061424,-1.0852784214895703,0.09119891761650768,-0.8149108349469326,1.0552206076087132,NotPlaced,-0.5910872273628871,0,1
0.577763436407931,1.611519271292134,1.2717988986409308,-1.0318557299675197,0.727938877129399,0.8069893158657431,Placed,0.8235499399187379,1,1
-0.8505546745804693,0.050554537486061424,-1.0852784214895703,0.09119891761650768,-1.9720481190041814,-1.6753236015639428,NotPlaced,-0.5910872273628871,0,1
0.736465448739975,0.050554537486061424,0.09326023857568026,0.09119891761650768,1.4993637331675649,1.0552206076087132,NotPlaced,0.11623135627792522,0,1
-1.8027667485727352,-1.5104101963200112,0.09326023857568026,0.09119891761650768,-1.2006232629660154,1.0552206076087132,NotPlaced,-0.41425758145268365,0,0
-0.5331506499163802,0.050554537486061424,-1.0852784214895703,0.09119891761650768,-0.1720567882484611,1.0552206076087132,NotPlaced,-0.5910872273628871,0,1
0.8951674610720188,-1.5104101963200112,1.2717988986409308,0.09119891761650768,1.3707929238278704,1.3034518993516808,Placed,0.2930610021881282,1,0
-0.21574662525229105,-1.5104101963200112,0.09326023857568026,-1.0318557299675197,-1.0720524536263212,-0.4341671428491004,NotPlaced,-0.944746519183293,0,0
-0.057044612920247185,0.050554537486061424,0.09326023857568026,0.09119891761650768,-1.457764881645404,-0.9306297263350372,NotPlaced,0.11623135627792522,0,1
0.736465448739975,0.050554537486061424,1.2717988986409308,-1.0318557299675197,0.9850804958087876,0.5587580241227753,Placed,0.2930610021881282,1,1
0.8951674610720188,0.050554537486061424,0.09326023857568026,2.337308212784562,0.8565096864690933,0.5587580241227753,NotPlaced,1.177209231739143,0,1
-0.21574662525229105,0.050554537486061424,1.2717988986409308,1.2142535652005348,1.4993637331675649,-0.18593585110613037,Placed,1.3540388776493464,1,1
1.688677522732241,0.050554537486061424,-1.0852784214895703,-1.0318557299675197,-0.4291984069278497,0.31052673237980744,NotPlaced,-1.121576165093496,0,1
-1.4853627239086462,0.050554537486061424,-1.0852784214895703,-1.0318557299675197,0.8565096864690933,0.31052673237980744,NotPlaced,-1.121576165093496,0,1
1.2125714857361094,-1.5104101963200112,1.2717988986409308,1.2142535652005348,1.3707929238278704,-0.4341671428491004,Placed,0.8235499399187379,1,0
-0.057044612920247185,0.050554537486061424,-1.0852784214895703,-1.0318557299675197,0.34222644911031613,-0.18593585110613037,NotPlaced,-1.121576165093496,0,1
0.8951674610720188,1.611519271292134,1.2717988986409308,1.2142535652005348,-0.6863400256072383,0.06229544063683744,NotPlaced,1.8845278153799556,0,1
0.577763436407931,0.050554537486061424,1.2717988986409308,-1.0318557299675197,1.113651305148482,0.06229544063683744,Placed,0.2930610021881282,1,1
-0.057044612920247185,-1.5104101963200112,-1.0852784214895703,1.2142535652005348,-0.557769216267544,0.8069893158657431,Placed,-0.5910872273628871,1,0
0.736465448739975,0.050554537486061424,1.2717988986409308,1.2142535652005348,-0.4291984069278497,1.0552206076087132,NotPlaced,1.3540388776493464,0,1
-1.8027667485727352,-1.5104101963200112,-1.0852784214895703,0.09119891761650768,0.8565096864690933,-0.18593585110613037,Placed,-1.121576165093496,1,0
-0.057044612920247185,1.611519271292134,1.2717988986409308,0.09119891761650768,0.0850848304309275,1.3034518993516808,Placed,1.3540388776493464,1,1
0.10165739941179809,1.611519271292134,0.09326023857568026,-1.0318557299675197,0.9850804958087876,-0.6823984345920682,NotPlaced,0.11623135627792522,0,1
0.4190614240758872,0.050554537486061424,-1.0852784214895703,-1.0318557299675197,0.5993680677897048,1.3034518993516808,Placed,-1.121576165093496,1,1
-0.21574662525229105,0.050554537486061424,0.09326023857568026,0.09119891761650768,-0.557769216267544,1.0552206076087132,Placed,0.11623135627792522,1,1
-0.21574662525229105,-1.5104101963200112,-1.0852784214895703,0.09119891761650768,-0.557769216267544,-0.6823984345920682,NotPlaced,-1.121576165093496,0,0
1.529975510400197,1.611519271292134,1.2717988986409308,1.2142535652005348,1.4993637331675649,0.8069893158657431,Placed,1.8845278153799556,1,1
1.2125714857361094,0.050554537486061424,-1.0852784214895703,-1.0318557299675197,0.2136556397706218,0.8069893158657431,Placed,-1.121576165093496,1,1
1.8473795350642876,1.611519271292134,1.2717988986409308,1.2142535652005348,1.4993637331675649,1.3034518993516808,Placed,1.8845278153799556,1,1
0.736465448739975,0.050554537486061424,1.2717988986409308,1.2142535652005348,0.0850848304309275,0.8069893158657431,Placed,1.3540388776493464,1,1
-1.8027667485727352,0.050554537486061424,0.09326023857568026,-1.0318557299675197,-0.943481644286627,-0.6823984345920682,NotPlaced,-0.41425758145268365,0,1
1.3712734980681531,0.050554537486061424,1.2717988986409308,2.337308212784562,0.9850804958087876,1.3034518993516808,Placed,1.8845278153799556,1,1
-1.4853627239086462,0.050554537486061424,-1.0852784214895703,0.09119891761650768,-1.457764881645404,0.06229544063683744,NotPlaced,-0.5910872273628871,0,1
-0.057044612920247185,0.050554537486061424,-1.0852784214895703,-1.0318557299675197,-0.8149108349469326,-0.6823984345920682,NotPlaced,-1.121576165093496,0,1
-1.8027667485727352,0.050554537486061424,0.09326023857568026,-1.0318557299675197,-2.22918973768357,0.5587580241227753,NotPlaced,-0.41425758145268365,0,1
0.10165739941179809,-1.5104101963200112,-1.0852784214895703,-1.0318557299675197,-1.7149065003247927,-0.9306297263350372,NotPlaced,-1.6520651028241051,0,0
-0.057044612920247185,-1.5104101963200112,-1.0852784214895703,0.09119891761650768,-1.843477309664487,-0.4341671428491004,NotPlaced,-1.121576165093496,0,0
-1.3266607115766023,0.050554537486061424,0.09326023857568026,-1.0318557299675197,0.0850848304309275,-0.4341671428491004,Placed,-0.41425758145268365,1,1
-0.21574662525229105,0.050554537486061424,0.09326023857568026,-1.0318557299675197,-1.7149065003247927,1.0552206076087132,NotPlaced,-0.41425758145268365,0,1
1.0538694734040654,0.050554537486061424,-1.0852784214895703,0.09119891761650768,-0.3006275975881554,-0.18593585110613037,NotPlaced,-0.5910872273628871,0,1
1.2125714857361094,0.050554537486061424,1.2717988986409308,-1.0318557299675197,0.8565096864690933,0.8069893158657431,Placed,0.2930610021881282,1,1
0.577763436407931,-1.5104101963200112,1.2717988986409308,-1.0318557299675197,1.2422221144881762,0.31052673237980744,NotPlaced,-0.2374279355424807,0,0
0.736465448739975,0.050554537486061424,1.2717988986409308,1.2142535652005348,0.34222644911031613,0.5587580241227753,Placed,1.3540388776493464,1,1
1.529975510400197,0.050554537486061424,-1.0852784214895703,0.09119891761650768,0.5993680677897048,-2.916480060278785,NotPlaced,-0.5910872273628871,0,1
-0.057044612920247185,-1.5104101963200112,-1.0852784214895703,0.09119891761650768,-2.1006189283438754,-0.9306297263350372,NotPlaced,-1.121576165093496,0,0
2.0060815473963314,1.611519271292134,1.2717988986409308,1.2142535652005348,1.2422221144881762,1.3034518993516808,NotPlaced,1.8845278153799556,0,1
-1.6440647362406915,0.050554537486061424,1.2717988986409308,-1.0318557299675197,-0.1720567882484611,-1.4270923098209738,NotPlaced,0.2930610021881282,0,1
0.577763436407931,1.611519271292134,1.2717988986409308,1.2142535652005348,0.8565096864690933,1.3034518993516808,Placed,1.8845278153799556,1,1
1.529975510400197,-1.5104101963200112,1.2717988986409308,0.09119891761650768,1.113651305148482,0.8069893158657431,NotPlaced,0.2930610021881282,0,0
0.8951674610720188,-1.5104101963200112,1.2717988986409308,1.2142535652005348,1.4993637331675649,1.3034518993516808,Placed,0.8235499399187379,1,0
0.736465448739975,0.050554537486061424,1.2717988986409308,0.09119891761650768,0.4707972584500104,0.8069893158657431,Placed,0.8235499399187379,1,1
1.688677522732241,1.611519271292134,0.09326023857568026,0.09119891761650768,-0.8149108349469326,0.8069893158657431,NotPlaced,0.6467202940085345,0,1
-1.6440647362406915,0.050554537486061424,0.09326023857568026,0.09119891761650768,-1.843477309664487,-1.9235548933069118,NotPlaced,0.11623135627792522,0,1
1.2125714857361094,1.611519271292134,1.2717988986409308,1.2142535652005348,0.5993680677897048,1.0552206076087132,Placed,1.8845278153799556,1,1
0.10165739941179809,0.050554537486061424,-1.0852784214895703,-1.0318557299675197,0.0850848304309275,0.06229544063683744,NotPlaced,-1.121576165093496,0,1
0.4190614240758872,1.611519271292134,1.2717988986409308,1.2142535652005348,1.3707929238278704,0.31052673237980744,Placed,1.8845278153799556,1,1
0.260359411743842,0.050554537486061424,0.09326023857568026,0.09119891761650768,-1.2006232629660154,0.5587580241227753,NotPlaced,0.11623135627792522,0,1
-0.21574662525229105,1.611519271292134,1.2717988986409308,1.2142535652005348,1.4993637331675649,1.0552206076087132,Placed,1.8845278153799556,1,1
1.2125714857361094,-1.5104101963200112,1.2717988986409308,-1.0318557299675197,1.4993637331675649,0.06229544063683744,Placed,-0.2374279355424807,1,0
0.577763436407931,-1.5104101963200112,0.09326023857568026,1.2142535652005348,-0.6863400256072383,1.3034518993516808,NotPlaced,0.11623135627792522,0,0
-1.8027667485727352,1.611519271292134,0.09326023857568026,1.2142535652005348,0.8565096864690933,0.31052673237980744,Placed,1.177209231739143,1,1
0.10165739941179809,-1.5104101963200112,-1.0852784214895703,1.2142535652005348,0.9850804958087876,0.5587580241227753,NotPlaced,-0.5910872273628871,0,0
-0.057044612920247185,0.050554537486061424,0.09326023857568026,0.09119891761650768,-0.6863400256072383,-1.4270923098209738,NotPlaced,0.11623135627792522,0,1
-1.6440647362406915,0.050554537486061424,1.2717988986409308,-1.0318557299675197,0.9850804958087876,0.31052673237980744,NotPlaced,0.2930610021881282,0,1
-0.3744486375843349,0.050554537486061424,-1.0852784214895703,-1.0318557299675197,-0.8149108349469326,-0.18593585110613037,Placed,-1.121576165093496,1,1
-1.4853627239086462,-1.5104101963200112,0.09326023857568026,-1.0318557299675197,-0.557769216267544,-1.6753236015639428,Placed,-0.944746519183293,1,0
-1.8027667485727352,-1.5104101963200112,0.09326023857568026,0.09119891761650768,-0.8149108349469326,0.5587580241227753,NotPlaced,-0.41425758145268365,0,0
-0.21574662525229105,0.050554537486061424,0.09326023857568026,0.09119891761650768,1.4993637331675649,-2.1717861850498807,NotPlaced,0.11623135627792522,0,1
1.0538694734040654,1.611519271292134,1.2717988986409308,1.2142535652005348,1.3707929238278704,0.8069893158657431,Placed,1.8845278153799556,1,1
0.10165739941179809,0.050554537486061424,0.09326023857568026,-1.0318557299675197,-0.6863400256072383,0.06229544063683744,NotPlaced,-0.41425758145268365,0,1
1.688677522732241,0.050554537486061424,0.09326023857568026,-1.0318557299675197,0.2136556397706218,0.5587580241227753,Placed,-0.41425758145268365,1,1
-0.3744486375843349,0.050554537486061424,0.09326023857568026,2.337308212784562,-0.943481644286627,1.3034518993516808,NotPlaced,1.177209231739143,0,1
1.688677522732241,1.611519271292134,-1.0852784214895703,2.337308212784562,0.4707972584500104,0.5587580241227753,Placed,1.00037958582894,1,1
-0.691852662248424,0.050554537486061424,1.2717988986409308,-1.0318557299675197,-0.1720567882484611,0.8069893158657431,NotPlaced,0.2930610021881282,0,1
-0.057044612920247185,0.050554537486061424,0.09326023857568026,-1.0318557299675197,-1.0720524536263212,-1.4270923098209738,Placed,-0.41425758145268365,1,1
0.4190614240758872,1.611519271292134,1.2717988986409308,1.2142535652005348,0.2136556397706218,0.8069893158657431,NotPlaced,1.8845278153799556,0,1
0.260359411743842,0.050554537486061424,-1.0852784214895703,0.09119891761650768,-0.3006275975881554,1.3034518993516808,NotPlaced,-0.5910872273628871,0,1
0.736465448739975,0.050554537486061424,1.2717988986409308,-1.0318557299675197,-0.1720567882484611,0.06229544063683744,NotPlaced,0.2930610021881282,0,1
-0.057044612920247185,0.050554537486061424,-1.0852784214895703,0.09119891761650768,-0.1720567882484611,-0.9306297263350372,NotPlaced,-0.5910872273628871,0,1
0.577763436407931,0.050554537486061424,0.09326023857568026,0.09119891761650768,0.4707972584500104,0.31052673237980744,Placed,0.11623135627792522,1,1
1.3712734980681531,1.611519271292134,1.2717988986409308,1.2142535652005348,1.3707929238278704,1.3034518993516808,Placed,1.8845278153799556,1,1
1.0538694734040654,1.611519271292134,1.2717988986409308,1.2142535652005348,1.4993637331675649,0.5587580241227753,Placed,1.8845278153799556,1,1
-1.6440647362406915,0.050554537486061424,-1.0852784214895703,0.09119891761650768,-1.0720524536263212,0.8069893158657431,Placed,-0.5910872273628871,1,1
1.8473795350642876,0.050554537486061424,0.09326023857568026,1.2142535652005348,0.8565096864690933,1.3034518993516808,Placed,0.6467202940085341,1,1
-0.057044612920247185,0.050554537486061424,-1.0852784214895703,1.2142535652005348,-0.1720567882484611,-0.9306297263350372,NotPlaced,-0.060598289632277744,0,1
0.260359411743842,0.050554537486061424,0.09326023857568026,0.09119891761650768,-0.6863400256072383,-0.6823984345920682,NotPlaced,0.11623135627792522,0,1
1.3712734980681531,1.611519271292134,-1.0852784214895703,-1.0318557299675197,0.9850804958087876,1.0552206076087132,NotPlaced,-0.5910872273628871,0,1
1.529975510400197,0.050554537486061424,0.09326023857568026,-1.0318557299675197,0.9850804958087876,1.3034518993516808,Placed,-0.41425758145268365,1,1
-0.057044612920247185,1.611519271292134,1.2717988986409308,1.2142535652005348,1.3707929238278704,1.0552206076087132,Placed,1.8845278153799556,1,1
-0.21574662525229105,-1.5104101963200112,-1.0852784214895703,0.09119891761650768,-1.5863356909850983,-0.4341671428491004,NotPlaced,-1.121576165093496,0,0
0.736465448739975,-1.5104101963200112,1.2717988986409308,1.2142535652005348,1.113651305148482,-0.18593585110613037,Placed,0.8235499399187379,1,0
0.736465448739975,1.611519271292134,1.2717988986409308,1.2142535652005348,1.3707929238278704,0.8069893158657431,Placed,1.8845278153799556,1,1
-0.21574662525229105,-1.5104101963200112,1.2717988986409308,1.2142535652005348,-0.0434859789087668,-0.18593585110613037,NotPlaced,0.8235499399187379,0,0
0.260359411743842,1.611519271292134,1.2717988986409308,-1.0318557299675197,0.9850804958087876,0.8069893158657431,Placed,0.8235499399187379,1,1
0.577763436407931,1.611519271292134,1.2717988986409308,1.2142535652005348,0.727938877129399,1.0552206076087132,Placed,1.8845278153799556,1,1
0.736465448739975,1.611519271292134,1.2717988986409308,2.337308212784562,1.4993637331675649,0.5587580241227753,Placed,2.4150167531105646,1,1
0.8951674610720188,0.050554537486061424,1.2717988986409308,-1.0318557299675197,0.0850848304309275,0.8069893158657431,NotPlaced,0.2930610021881282,0,1
0.8951674610720188,0.050554537486061424,1.2717988986409308,-1.0318557299675197,0.4707972584500104,1.0552206076087132,Placed,0.2930610021881282,1,1
-0.057044612920247185,-1.5104101963200112,-1.0852784214895703,-1.0318557299675197,0.2136556397706218,-0.18593585110613037,NotPlaced,-1.6520651028241051,0,0
0.10165739941179809,-1.5104101963200112,0.09326023857568026,0.09119891761650768,0.34222644911031613,-0.4341671428491004,NotPlaced,-0.41425758145268365,0,0
-0.21574662525229105,0.050554537486061424,-1.0852784214895703,-1.0318557299675197,0.0850848304309275,-2.6682487685358174,NotPlaced,-1.121576165093496,0,1
-0.3744486375843349,0.050554537486061424,-1.0852784214895703,0.09119891761650768,-1.457764881645404,-2.916480060278785,NotPlaced,-0.5910872273628871,0,1
1.2125714857361094,0.050554537486061424,-1.0852784214895703,1.2142535652005348,-0.3006275975881554,-1.4270923098209738,NotPlaced,-0.060598289632277744,0,1
1.0538694734040654,0.050554537486061424,0.09326023857568026,1.2142535652005348,-0.943481644286627,0.5587580241227753,Placed,0.6467202940085341,1,1
-1.8027667485727352,0.050554537486061424,1.2717988986409308,1.2142535652005348,-0.1720567882484611,0.5587580241227753,Placed,1.3540388776493464,1,1
-0.057044612920247185,0.050554537486061424,-1.0852784214895703,0.09119891761650768,-0.8149108349469326,0.8069893158657431,NotPlaced,-0.5910872273628871,0,1
-0.8505546745804693,0.050554537486061424,1.2717988986409308,1.2142535652005348,-0.3006275975881554,1.3034518993516808,Placed,1.3540388776493464,1,1
0.10165739941179809,0.050554537486061424,0.09326023857568026,-1.0318557299675197,0.4707972584500104,-0.4341671428491004,NotPlaced,-0.41425758145268365,0,1
0.10165739941179809,-1.5104101963200112,-1.0852784214895703,-1.0318557299675197,0.34222644911031613,0.06229544063683744,NotPlaced,-1.6520651028241051,0,0
-1.167958699244557,0.050554537486061424,-1.0852784214895703,0.09119891761650768,-1.7149065003247927,-2.916480060278785,NotPlaced,-0.5910872273628871,0,1
0.577763436407931,-1.5104101963200112,1.2717988986409308,0.09119891761650768,-0.0434859789087668,0.5587580241227753,NotPlaced,0.2930610021881282,0,0
-0.3744486375843349,-1.5104101963200112,-1.0852784214895703,-1.0318557299675197,-0.8149108349469326,-1.6753236015639428,NotPlaced,-1.6520651028241051,0,0
-0.3744486375843349,0.050554537486061424,-1.0852784214895703,-1.0318557299675197,0.727938877129399,-0.4341671428491004,NotPlaced,-1.121576165093496,0,1
-0.21574662525229105,1.611519271292134,1.2717988986409308,-1.0318557299675197,1.113651305148482,0.8069893158657431,Placed,0.8235499399187379,1,1
-0.21574662525229105,-1.5104101963200112,0.09326023857568026,-1.0318557299675197,0.4707972584500104,1.3034518993516808,Placed,-0.944746519183293,1,0
-1.8027667485727352,0.050554537486061424,1.2717988986409308,1.2142535652005348,0.727938877129399,0.5587580241227753,Placed,1.3540388776493464,1,1
-0.057044612920247185,-1.5104101963200112,0.09326023857568026,-1.0318557299675197,-0.4291984069278497,-1.6753236015639428,NotPlaced,-0.944746519183293,0,0
0.260359411743842,0.050554537486061424,1.2717988986409308,1.2142535652005348,0.0850848304309275,0.31052673237980744,Placed,1.3540388776493464,1,1
0.10165739941179809,0.050554537486061424,0.09326023857568026,1.2142535652005348,-0.0434859789087668,-1.1788610180780061,NotPlaced,0.6467202940085341,0,1
1.3712734980681531,0.050554537486061424,0.09326023857568026,2.337308212784562,0.2136556397706218,0.06229544063683744,NotPlaced,1.177209231739143,0,1
-0.21574662525229105,0.050554537486061424,0.09326023857568026,-1.0318557299675197,0.34222644911031613,-1.6753236015639428,Placed,-0.41425758145268365,1,1
0.10165739941179809,0.050554537486061424,0.09326023857568026,-1.0318557299675197,-0.0434859789087668,0.31052673237980744,NotPlaced,-0.41425758145268365,0,1
-0.057044612920247185,0.050554537486061424,1.2717988986409308,-1.0318557299675197,0.2136556397706218,1.0552206076087132,Placed,0.2930610021881282,1,1
0.10165739941179809,0.050554537486061424,1.2717988986409308,1.2142535652005348,1.4993637331675649,-0.6823984345920682,Placed,1.3540388776493464,1,1
0.260359411743842,-1.5104101963200112,-1.0852784214895703,0.09119891761650768,-0.1720567882484611,0.06229544063683744,Placed,-1.121576165093496,1,0
1.2125714857361094,1.611519271292134,1.2717988986409308,1.2142535652005348,0.727938877129399,1.3034518993516808,Placed,1.8845278153799556,1,1
-1.8027667485727352,0.050554537486061424,-1.0852784214895703,-1.0318557299675197,0.8565096864690933,-1.4270923098209738,NotPlaced,-1.121576165093496,0,1
0.8951674610720188,0.050554537486061424,0.09326023857568026,-1.0318557299675197,0.0850848304309275,1.3034518993516808,NotPlaced,-0.41425758145268365,0,1
0.4190614240758872,-1.5104101963200112,1.2717988986409308,-1.0318557299675197,1.113651305148482,-0.9306297263350372,NotPlaced,-0.2374279355424807,0,0
0.736465448739975,0.050554537486061424,1.2717988986409308,1.2142535652005348,1.3707929238278704,0.8069893158657431,Placed,1.3540388776493464,1,1
-1.8027667485727352,0.050554537486061424,-1.0852784214895703,-1.0318557299675197,-0.4291984069278497,1.0552206076087132,Placed,-1.121576165093496,1,1
1.3712734980681531,0.050554537486061424,0.09326023857568026,0.09119891761650768,-0.4291984069278497,1.0552206076087132,NotPlaced,0.11623135627792522,0,1
1.0538694734040654,-1.5104101963200112,1.2717988986409308,1.2142535652005348,0.727938877129399,0.31052673237980744,Placed,0.8235499399187379,1,0
1.2125714857361094,1.611519271292134,1.2717988986409308,0.09119891761650768,0.5993680677897048,1.3034518993516808,Placed,1.3540388776493464,1,1
0.10165739941179809,1.611519271292134,-1.0852784214895703,-1.0318557299675197,-0.943481644286627,0.5587580241227753,NotPlaced,-0.5910872273628871,0,1
-0.057044612920247185,0.050554537486061424,-1.0852784214895703,-1.0318557299675197,-0.557769216267544,-1.1788610180780061,NotPlaced,-1.121576165093496,0,1
1.2125714857361094,1.611519271292134,0.09326023857568026,1.2142535652005348,1.113651305148482,1.0552206076087132,NotPlaced,1.177209231739143,0,1
-0.8505546745804693,0.050554537486061424,0.09326023857568026,-1.0318557299675197,-0.1720567882484611,-1.4270923098209738,Placed,-0.41425758145268365,1,1
0.10165739941179809,-1.5104101963200112,0.09326023857568026,-1.0318557299675197,-0.8149108349469326,0.5587580241227753,NotPlaced,-0.944746519183293,0,0
-0.21574662525229105,0.050554537486061424,0.09326023857568026,0.09119891761650768,-0.557769216267544,-0.18593585110613037,NotPlaced,0.11623135627792522,0,1
-0.057044612920247185,-1.5104101963200112,0.09326023857568026,-1.0318557299675197,0.2136556397706218,-1.4270923098209738,NotPlaced,-0.944746519183293,0,0
-0.21574662525229105,-1.5104101963200112,-1.0852784214895703,1.2142535652005348,-0.0434859789087668,0.5587580241227753,NotPlaced,-0.5910872273628871,0,0
-1.4853627239086462,0.050554537486061424,-1.0852784214895703,0.09119891761650768,-0.1720567882484611,-2.1717861850498807,NotPlaced,-0.5910872273628871,0,1
-0.21574662525229105,0.050554537486061424,-1.0852784214895703,-1.0318557299675197,-0.557769216267544,-1.4270923098209738,Placed,-1.121576165093496,1,1
0.10165739941179809,0.050554537486061424,0.09326023857568026,-1.0318557299675197,-0.1720567882484611,0.06229544063683744,Placed,-0.41425758145268365,1,1
-0.8505546745804693,0.050554537486061424,0.09326023857568026,0.09119891761650768,-1.3291940723057099,-0.18593585110613037,NotPlaced,0.11623135627792522,0,1
0.10165739941179809,0.050554537486061424,0.09326023857568026,-1.0318557299675197,0.2136556397706218,0.8069893158657431,NotPlaced,-0.41425758145268365,0,1
-0.21574662525229105,0.050554537486061424,-1.0852784214895703,-1.0318557299675197,-0.943481644286627,-0.4341671428491004,NotPlaced,-1.121576165093496,0,1
1.3712734980681531,1.611519271292134,1.2717988986409308,1.2142535652005348,1.113651305148482,-0.4341671428491004,Placed,1.8845278153799556,1,1
1.2125714857361094,0.050554537486061424,1.2717988986409308,1.2142535652005348,0.727938877129399,1.3034518993516808,Placed,1.3540388776493464,1,1
0.10165739941179809,0.050554537486061424,-1.0852784214895703,0.09119891761650768,-0.8149108349469326,-0.6823984345920682,Placed,-0.5910872273628871,1,1
-1.8027667485727352,-1.5104101963200112,-1.0852784214895703,1.2142535652005348,1.3707929238278704,-1.1788610180780061,Placed,-0.5910872273628871,1,0
0.577763436407931,1.611519271292134,1.2717988986409308,1.2142535652005348,1.113651305148482,-1.4270923098209738,Placed,1.8845278153799556,1,1
-0.5331506499163802,0.050554537486061424,-1.0852784214895703,-1.0318557299675197,-0.6863400256072383,-1.1788610180780061,NotPlaced,-1.121576165093496,0,1
-0.057044612920247185,-1.5104101963200112,-1.0852784214895703,0.09119891761650768,-2.22918973768357,-2.1717861850498807,NotPlaced,-1.121576165093496,0,0
-1.167958699244557,-1.5104101963200112,-1.0852784214895703,-1.0318557299675197,-1.457764881645404,-0.9306297263350372,NotPlaced,-1.6520651028241051,0,0
-1.167958699244557,0.050554537486061424,0.09326023857568026,-1.0318557299675197,1.2422221144881762,0.8069893158657431,NotPlaced,-0.41425758145268365,0,1
1.529975510400197,0.050554537486061424,1.2717988986409308,1.2142535652005348,0.5993680677897048,0.31052673237980744,Placed,1.3540388776493464,1,1
-1.167958699244557,-1.5104101963200112,0.09326023857568026,-1.0318557299675197,0.0850848304309275,-0.4341671428491004,NotPlaced,-0.944746519183293,0,0
1.2125714857361094,0.050554537486061424,1.2717988986409308,1.2142535652005348,0.8565096864690933,0.31052673237980744,Placed,1.3540388776493464,1,1
0.10165739941179809,0.050554537486061424,0.09326023857568026,0.09119891761650768,-1.3291940723057099,0.06229544063683744,NotPlaced,0.11623135627792522,0,1
-1.8027667485727352,0.050554537486061424,-1.0852784214895703,-1.0318557299675197,0.4707972584500104,0.06229544063683744,NotPlaced,-1.121576165093496,0,1
-1.8027667485727352,0.050554537486061424,1.2717988986409308,0.09119891761650768,-0.943481644286627,-0.6823984345920682,NotPlaced,0.8235499399187379,0,1
0.10165739941179809,1.611519271292134,-1.0852784214895703,-1.0318557299675197,0.8565096864690933,0.31052673237980744,Placed,-0.5910872273628871,1,1
-0.3744486375843349,0.050554537486061424,0.09326023857568026,0.09119891761650768,-1.5863356909850983,-1.9235548933069118,NotPlaced,0.11623135627792522,0,1
0.4190614240758872,0.050554537486061424,-1.0852784214895703,-1.0318557299675197,0.8565096864690933,1.0552206076087132,NotPlaced,-1.121576165093496,0,1
-1.8027667485727352,0.050554537486061424,0.09326023857568026,-1.0318557299675197,-1.3291940723057099,-1.4270923098209738,NotPlaced,-0.41425758145268365,0,1
0.577763436407931,1.611519271292134,-1.0852784214895703,1.2142535652005348,1.2422221144881762,-1.1788610180780061,NotPlaced,0.46989064809833114,0,1
-1.4853627239086462,0.050554537486061424,-1.0852784214895703,-1.0318557299675197,-0.557769216267544,-0.9306297263350372,NotPlaced,-1.121576165093496,0,1
0.260359411743842,1.611519271292134,1.2717988986409308,1.2142535652005348,1.4993637331675649,1.3034518993516808,Placed,1.8845278153799556,1,1
-0.5331506499163802,0.050554537486061424,-1.0852784214895703,-1.0318557299675197,-0.943481644286627,-1.1788610180780061,NotPlaced,-1.121576165093496,0,1
1.0538694734040654,-1.5104101963200112,0.09326023857568026,-1.0318557299675197,-0.1720567882484611,-0.4341671428491004,NotPlaced,-0.944746519183293,0,0
-1.8027667485727352,0.050554537486061424,-1.0852784214895703,0.09119891761650768,-1.3291940723057099,0.31052673237980744,NotPlaced,-0.5910872273628871,0,1
-0.057044612920247185,0.050554537486061424,-1.0852784214895703,-1.0318557299675197,-1.2006232629660154,0.5587580241227753,NotPlaced,-1.121576165093496,0,1
-1.4853627239086462,-1.5104101963200112,0.09326023857568026,0.09119891761650768,-0.6863400256072383,-0.18593585110613037,NotPlaced,-0.41425758145268365,0,0
0.260359411743842,0.050554537486061424,0.09326023857568026,0.09119891761650768,-1.0720524536263212,0.06229544063683744,Placed,0.11623135627792522,1,1
1.2125714857361094,0.050554537486061424,1.2717988986409308,1.2142535652005348,-0.0434859789087668,-0.4341671428491004,Placed,1.3540388776493464,1,1
1.529975510400197,0.050554537486061424,1.2717988986409308,1.2142535652005348,1.3707929238278704,1.0552206076087132,Placed,1.3540388776493464,1,1
-0.5331506499163802,0.050554537486061424,-1.0852784214895703,-1.0318557299675197,-0.0434859789087668,-2.916480060278785,NotPlaced,-1.121576165093496,0,1
0.260359411743842,-1.5104101963200112,-1.0852784214895703,0.09119891761650768,-0.943481644286627,-0.9306297263350372,NotPlaced,-1.121576165093496,0,0
-0.21574662525229105,-1.5104101963200112,0.09326023857568026,-1.0318557299675197,0.34222644911031613,-0.4341671428491004,NotPlaced,-0.944746519183293,0,0
0.8951674610720188,0.050554537486061424,1.2717988986409308,0.09119891761650768,1.2422221144881762,-0.9306297263350372,NotPlaced,0.8235499399187379,0,1
0.260359411743842,1.611519271292134,0.09326023857568026,2.337308212784562,-1.0720524536263212,0.8069893158657431,NotPlaced,1.707698169469752,0,1
-1.8027667485727352,0.050554537486061424,-1.0852784214895703,-1.0318557299675197,0.8565096864690933,-1.6753236015639428,NotPlaced,-1.121576165093496,0,1
-0.21574662525229105,0.050554537486061424,-1.0852784214895703,-1.0318557299675197,-0.1720567882484611,-0.6823984345920682,NotPlaced,-1.121576165093496,0,1
0.10165739941179809,0.050554537486061424,0.09326023857568026,-1.0318557299675197,-1.3291940723057099,-1.4270923098209738,NotPlaced,-0.41425758145268365,0,1
0.260359411743842,0.050554537486061424,0.09326023857568026,-1.0318557299675197,0.34222644911031613,-0.9306297263350372,NotPlaced,-0.41425758145268365,0,1
-0.057044612920247185,0.050554537486061424,-1.0852784214895703,-1.0318557299675197,-2.1006189283438754,-2.1717861850498807,NotPlaced,-1.121576165093496,0,1
-0.21574662525229105,0.050554537486061424,-1.0852784214895703,-1.0318557299675197,-0.3006275975881554,-0.6823984345920682,NotPlaced,-1.121576165093496,0,1
-0.5331506499163802,0.050554537486061424,-1.0852784214895703,1.2142535652005348,0.34222644911031613,-1.4270923098209738,NotPlaced,-0.060598289632277744,0,1
0.260359411743842,0.050554537486061424,0.09326023857568026,-1.0318557299675197,-0.8149108349469326,0.31052673237980744,NotPlaced,-0.41425758145268365,0,1
-0.5331506499163802,-1.5104101963200112,-1.0852784214895703,-1.0318557299675197,-0.0434859789087668,-1.4270923098209738,NotPlaced,-1.6520651028241051,0,0
1.0538694734040654,-1.5104101963200112,1.2717988986409308,0.09119891761650768,1.2422221144881762,1.0552206076087132,NotPlaced,0.2930610021881282,0,0
-0.3744486375843349,0.050554537486061424,-1.0852784214895703,0.09119891761650768,-0.4291984069278497,-0.18593585110613037,NotPlaced,-0.5910872273628871,0,1
1.3712734980681531,0.050554537486061424,-1.0852784214895703,-1.0318557299675197,0.0850848304309275,-0.4341671428491004,NotPlaced,-1.121576165093496,0,1
1.3712734980681531,0.050554537486061424,1.2717988986409308,1.2142535652005348,1.4993637331675649,0.31052673237980744,NotPlaced,1.3540388776493464,0,1
0.4190614240758872,0.050554537486061424,0.09326023857568026,-1.0318557299675197,-1.5863356909850983,0.5587580241227753,NotPlaced,-0.41425758145268365,0,1
0.577763436407931,1.611519271292134,1.2717988986409308,1.2142535652005348,-0.943481644286627,-0.4341671428491004,NotPlaced,1.8845278153799556,0,1
1.529975510400197,0.050554537486061424,1.2717988986409308,-1.0318557299675197,0.4707972584500104,0.5587580241227753,NotPlaced,0.2930610021881282,0,1
-0.3744486375843349,0.050554537486061424,0.09326023857568026,-1.0318557299675197,-1.2006232629660154,-1.6753236015639428,NotPlaced,-0.41425758145268365,0,1
-0.21574662525229105,0.050554537486061424,-1.0852784214895703,-1.0318557299675197,0.34222644911031613,-1.1788610180780061,NotPlaced,-1.121576165093496,0,1
1.529975510400197,-1.5104101963200112,1.2717988986409308,1.2142535652005348,1.4993637331675649,1.3034518993516808,Placed,0.8235499399187379,1,0
1.3712734980681531,-1.5104101963200112,1.2717988986409308,-1.0318557299675197,0.34222644911031613,-0.4341671428491004,NotPlaced,-0.2374279355424807,0,0
0.736465448739975,0.050554537486061424,1.2717988986409308,0.09119891761650768,1.4993637331675649,1.3034518993516808,Placed,0.8235499399187379,1,1
0.8951674610720188,-1.5104101963200112,1.2717988986409308,1.2142535652005348,0.34222644911031613,0.8069893158657431,NotPlaced,0.8235499399187379,0,0
-0.3744486375843349,-1.5104101963200112,-1.0852784214895703,0.09119891761650768,-1.0720524536263212,-0.18593585110613037,NotPlaced,-1.121576165093496,0,0
-1.6440647362406915,0.050554537486061424,-1.0852784214895703,-1.0318557299675197,-2.22918973768357,-2.916480060278785,NotPlaced,-1.121576165093496,0,1
-0.057044612920247185,1.611519271292134,0.09326023857568026,-1.0318557299675197,-0.8149108349469326,0.06229544063683744,Placed,0.11623135627792522,1,1
0.8951674610720188,0.050554537486061424,1.2717988986409308,-1.0318557299675197,0.727938877129399,1.0552206076087132,Placed,0.2930610021881282,1,1
0.736465448739975,0.050554537486061424,0.09326023857568026,2.337308212784562,0.8565096864690933,0.8069893158657431,NotPlaced,1.177209231739143,0,1
-1.0092566869125132,-1.5104101963200112,-1.0852784214895703,-1.0318557299675197,-0.557769216267544,0.31052673237980744,NotPlaced,-1.6520651028241051,0,0
1.2125714857361094,-1.5104101963200112,1.2717988986409308,1.2142535652005348,0.0850848304309275,0.5587580241227753,NotPlaced,0.8235499399187379,0,0
-0.21574662525229105,0.050554537486061424,-1.0852784214895703,-1.0318557299675197,0.727938877129399,0.5587580241227753,NotPlaced,-1.121576165093496,0,1
-0.21574662525229105,0.050554537486061424,0.09326023857568026,1.2142535652005348,1.113651305148482,-0.9306297263350372,NotPlaced,0.6467202940085341,0,1
1.688677522732241,0.050554537486061424,1.2717988986409308,-1.0318557299675197,0.9850804958087876,0.5587580241227753,Placed,0.2930610021881282,1,1
0.577763436407931,1.611519271292134,1.2717988986409308,2.337308212784562,-0.3006275975881554,-0.4341671428491004,NotPlaced,2.4150167531105646,0,1
-0.5331506499163802,-1.5104101963200112,-1.0852784214895703,-1.0318557299675197,-0.0434859789087668,-2.4200174767928493,NotPlaced,-1.6520651028241051,0,0
1.3712734980681531,-1.5104101963200112,1.2717988986409308,0.09119891761650768,0.5993680677897048,-0.6823984345920682,NotPlaced,0.2930610021881282,0,0
0.8951674610720188,-1.5104101963200112,-1.0852784214895703,-1.0318557299675197,1.2422221144881762,-0.6823984345920682,NotPlaced,-1.6520651028241051,0,0
0.260359411743842,0.050554537486061424,-1.0852784214895703,-1.0318557299675197,0.9850804958087876,0.8069893158657431,NotPlaced,-1.121576165093496,0,1
-0.691852662248424,0.050554537486061424,-1.0852784214895703,0.09119891761650768,-1.2006232629660154,-1.4270923098209738,NotPlaced,-0.5910872273628871,0,1
-0.057044612920247185,1.611519271292134,-1.0852784214895703,0.09119891761650768,-0.557769216267544,-1.4270923098209738,NotPlaced,-0.06059828963227817,0,1
-1.4853627239086462,0.050554537486061424,0.09326023857568026,1.2142535652005348,-0.3006275975881554,-1.1788610180780061,NotPlaced,0.6467202940085341,0,1
0.736465448739975,1.611519271292134,1.2717988986409308,-1.0318557299675197,1.3707929238278704,-0.4341671428491004,NotPlaced,0.8235499399187379,0,1
0.736465448739975,1.611519271292134,1.2717988986409308,1.2142535652005348,0.8565096864690933,1.3034518993516808,Placed,1.8845278153799556,1,1
-1.6440647362406915,0.050554537486061424,-1.0852784214895703,-1.0318557299675197,-0.6863400256072383,-0.18593585110613037,NotPlaced,-1.121576165093496,0,1
-1.4853627239086462,1.611519271292134,-1.0852784214895703,1.2142535652005348,-0.8149108349469326,0.5587580241227753,NotPlaced,0.46989064809833114,0,1
1.3712734980681531,0.050554537486061424,1.2717988986409308,-1.0318557299675197,-0.3006275975881554,-0.9306297263350372,NotPlaced,0.2930610021881282,0,1
0.260359411743842,0.050554537486061424,1.2717988986409308,1.2142535652005348,-0.4291984069278497,0.06229544063683744,NotPlaced,1.3540388776493464,0,1
-1.4853627239086462,-1.5104101963200112,1.2717988986409308,1.2142535652005348,1.4993637331675649,1.3034518993516808,NotPlaced,0.8235499399187379,0,0
-1.0092566869125132,0.050554537486061424,-1.0852784214895703,-1.0318557299675197,-1.7149065003247927,-0.6823984345920682,NotPlaced,-1.121576165093496,0,1
-1.167958699244557,0.050554537486061424,-1.0852784214895703,-1.0318557299675197,-0.4291984069278497,-1.1788610180780061,NotPlaced,-1.121576165093496,0,1
-1.6440647362406915,0.050554537486061424,-1.0852784214895703,0.09119891761650768,-0.943481644286627,-0.6823984345920682,NotPlaced,-0.5910872273628871,0,1
-0.3744486375843349,0.050554537486061424,-1.0852784214895703,-1.0318557299675197,-1.843477309664487,-0.18593585110613037,NotPlaced,-1.121576165093496,0,1
-0.057044612920247185,0.050554537486061424,-1.0852784214895703,0.09119891761650768,-0.943481644286627,-0.18593585110613037,NotPlaced,-0.5910872273628871,0,1
1.0538694734040654,1.611519271292134,0.09326023857568026,1.2142535652005348,1.113651305148482,1.0552206076087132,Placed,1.177209231739143,1,1
0.8951674610720188,1.611519271292134,-1.0852784214895703,-1.0318557299675197,0.0850848304309275,0.8069893158657431,NotPlaced,-0.5910872273628871,0,1
-0.21574662525229105,0.050554537486061424,0.09326023857568026,1.2142535652005348,-1.3291940723057099,-0.6823984345920682,Placed,0.6467202940085341,1,1
-0.3744486375843349,0.050554537486061424,-1.0852784214895703,-1.0318557299675197,0.0850848304309275,-1.1788610180780061,NotPlaced,-1.121576165093496,0,1
0.10165739941179809,0.050554537486061424,1.2717988986409308,1.2142535652005348,0.727938877129399,0.8069893158657431,Placed,1.3540388776493464,1,1
0.8951674610720188,0.050554537486061424,-1.0852784214895703,0.09119891761650768,0.2136556397706218,0.06229544063683744,NotPlaced,-0.5910872273628871,0,1
1.529975510400197,0.050554537486061424,0.09326023857568026,1.2142535652005348,1.4993637331675649,0.8069893158657431,Placed,0.6467202940085341,1,1
-1.6440647362406915,0.050554537486061424,0.09326023857568026,-1.0318557299675197,1.2422221144881762,-0.6823984345920682,NotPlaced,-0.41425758145268365,0,1
1.8473795350642876,0.050554537486061424,1.2717988986409308,1.2142535652005348,1.4993637331675649,1.3034518993516808,Placed,1.3540388776493464,1,1
1.2125714857361094,0.050554537486061424,0.09326023857568026,-1.0318557299675197,0.34222644911031613,-0.6823984345920682,Placed,-0.41425758145268365,1,1
-0.21574662525229105,-1.5104101963200112,1.2717988986409308,1.2142535652005348,0.8565096864690933,0.5587580241227753,Placed,0.8235499399187379,1,0
-1.8027667485727352,0.050554537486061424,-1.0852784214895703,-1.0318557299675197,-1.457764881645404,0.06229544063683744,NotPlaced,-1.121576165093496,0,1
0.577763436407931,0.050554537486061424,1.2717988986409308,1.2142535652005348,0.8565096864690933,1.3034518993516808,Placed,1.3540388776493464,1,1
1.0538694734040654,0.050554537486061424,1.2717988986409308,0.09119891761650768,-0.8149108349469326,0.06229544063683744,NotPlaced,0.8235499399187379,0,1
1.3712734980681531,1.611519271292134,1.2717988986409308,1.2142535652005348,1.2422221144881762,1.3034518993516808,Placed,1.8845278153799556,1,1
2.164783559728375,-1.5104101963200112,0.09326023857568026,1.2142535652005348,0.9850804958087876,0.5587580241227753,Placed,0.11623135627792522,1,0
0.736465448739975,0.050554537486061424,1.2717988986409308,-1.0318557299675197,-0.8149108349469326,-0.6823984345920682,Placed,0.2930610021881282,1,1
-0.3744486375843349,0.050554537486061424,0.09326023857568026,-1.0318557299675197,-0.1720567882484611,-0.4341671428491004,NotPlaced,-0.41425758145268365,0,1
1.2125714857361094,-1.5104101963200112,1.2717988986409308,-1.0318557299675197,0.9850804958087876,0.8069893158657431,Placed,-0.2374279355424807,1,0
-1.8027667485727352,0.050554537486061424,-1.0852784214895703,-1.0318557299675197,0.4707972584500104,0.8069893158657431,NotPlaced,-1.121576165093496,0,1
-0.3744486375843349,1.611519271292134,-1.0852784214895703,-1.0318557299675197,-0.4291984069278497,-0.18593585110613037,NotPlaced,-0.5910872273628871,0,1
1.529975510400197,0.050554537486061424,1.2717988986409308,1.2142535652005348,0.9850804958087876,0.31052673237980744,Placed,1.3540388776493464,1,1
-0.21574662525229105,-1.5104101963200112,1.2717988986409308,0.09119891761650768,0.0850848304309275,0.31052673237980744,NotPlaced,0.2930610021881282,0,0
1.2125714857361094,0.050554537486061424,0.09326023857568026,1.2142535652005348,-0.1720567882484611,-0.4341671428491004,NotPlaced,0.6467202940085341,0,1
0.577763436407931,-1.5104101963200112,0.09326023857568026,1.2142535652005348,1.113651305148482,1.0552206076087132,NotPlaced,0.11623135627792522,0,0
1.529975510400197,0.050554537486061424,1.2717988986409308,0.09119891761650768,0.8565096864690933,0.8069893158657431,Placed,0.8235499399187379,1,1
0.8951674610720188,0.050554537486061424,0.09326023857568026,-1.0318557299675197,0.34222644911031613,-0.6823984345920682,NotPlaced,-0.41425758145268365,0,1
-0.21574662525229105,-1.5104101963200112,0.09326023857568026,-1.0318557299675197,-2.1006189283438754,0.06229544063683744,NotPlaced,-0.944746519183293,0,0
1.2125714857361094,1.611519271292134,1.2717988986409308,0.09119891761650768,0.8565096864690933,1.0552206076087132,Placed,1.3540388776493464,1,1
0.736465448739975,0.050554537486061424,0.09326023857568026,-1.0318557299675197,0.0850848304309275,0.06229544063683744,NotPlaced,-0.41425758145268365,0,1
0.8951674610720188,1.611519271292134,1.2717988986409308,-1.0318557299675197,0.5993680677897048,0.06229544063683744,Placed,0.8235499399187379,1,1
1.3712734980681531,0.050554537486061424,1.2717988986409308,1.2142535652005348,0.9850804958087876,1.0552206076087132,Placed,1.3540388776493464,1,1
0.8951674610720188,0.050554537486061424,1.2717988986409308,1.2142535652005348,0.727938877129399,0.31052673237980744,Placed,1.3540388776493464,1,1
2.0060815473963314,0.050554537486061424,1.2717988986409308,1.2142535652005348,1.4993637331675649,0.8069893158657431,Placed,1.3540388776493464,1,1
0.736465448739975,-1.5104101963200112,-1.0852784214895703,-1.0318557299675197,0.8565096864690933,0.5587580241227753,Placed,-1.6520651028241051,1,0
-1.3266607115766023,0.050554537486061424,-1.0852784214895703,0.09119891761650768,-1.457764881645404,-0.4341671428491004,NotPlaced,-0.5910872273628871,0,1
0.10165739941179809,0.050554537486061424,1.2717988986409308,-1.0318557299675197,0.4707972584500104,-1.1788610180780061,NotPlaced,0.2930610021881282,0,1
-0.057044612920247185,0.050554537486061424,1.2717988986409308,1.2142535652005348,0.727938877129399,-0.18593585110613037,NotPlaced,1.3540388776493464,0,1
0.4190614240758872,0.050554537486061424,1.2717988986409308,-1.0318557299675197,-0.0434859789087668,0.8069893158657431,Placed,0.2930610021881282,1,1
-0.3744486375843349,-1.5104101963200112,-1.0852784214895703,-1.0318557299675197,0.0850848304309275,-0.18593585110613037,NotPlaced,-1.6520651028241051,0,0
1.0538694734040654,-1.5104101963200112,1.2717988986409308,0.09119891761650768,1.2422221144881762,-0.4341671428491004,NotPlaced,0.2930610021881282,0,0
-0.21574662525229105,1.611519271292134,1.2717988986409308,1.2142535652005348,1.2422221144881762,1.3034518993516808,NotPlaced,1.8845278153799556,0,1
-1.8027667485727352,0.050554537486061424,0.09326023857568026,0.09119891761650768,0.9850804958087876,0.06229544063683744,Placed,0.11623135627792522,1,1
0.8951674610720188,0.050554537486061424,1.2717988986409308,1.2142535652005348,0.8565096864690933,0.31052673237980744,Placed,1.3540388776493464,1,1
-0.057044612920247185,0.050554537486061424,-1.0852784214895703,2.337308212784562,-1.7149065003247927,-0.6823984345920682,NotPlaced,0.46989064809833114,0,1
1.2125714857361094,1.611519271292134,1.2717988986409308,1.2142535652005348,1.4993637331675649,0.31052673237980744,Placed,1.8845278153799556,1,1
-0.3744486375843349,0.050554537486061424,0.09326023857568026,-1.0318557299675197,-0.3006275975881554,-1.9235548933069118,NotPlaced,-0.41425758145268365,0,1
-0.3744486375843349,0.050554537486061424,0.09326023857568026,1.2142535652005348,0.5993680677897048,0.31052673237980744,Placed,0.6467202940085341,1,1
0.10165739941179809,0.050554537486061424,-1.0852784214895703,0.09119891761650768,-0.4291984069278497,-0.6823984345920682,NotPlaced,-0.5910872273628871,0,1
-0.21574662525229105,0.050554537486061424,0.09326023857568026,-1.0318557299675197,-0.8149108349469326,-0.18593585110613037,NotPlaced,-0.41425758145268365,0,1
-0.21574662525229105,0.050554537486061424,0.09326023857568026,-1.0318557299675197,1.4993637331675649,-0.18593585110613037,Placed,-0.41425758145268365,1,1
-1.4853627239086462,0.050554537486061424,1.2717988986409308,0.09119891761650768,-0.3006275975881554,0.31052673237980744,Placed,0.8235499399187379,1,1
-1.8027667485727352,0.050554537486061424,-1.0852784214895703,0.09119891761650768,-0.8149108349469326,-2.4200174767928493,NotPlaced,-0.5910872273628871,0,1
0.8951674610720188,0.050554537486061424,1.2717988986409308,1.2142535652005348,1.3707929238278704,0.06229544063683744,Placed,1.3540388776493464,1,1
-0.3744486375843349,0.050554537486061424,1.2717988986409308,-1.0318557299675197,0.5993680677897048,-1.1788610180780061,NotPlaced,0.2930610021881282,0,1
-1.8027667485727352,0.050554537486061424,0.09326023857568026,0.09119891761650768,0.727938877129399,-1.1788610180780061,NotPlaced,0.11623135627792522,0,1
1.688677522732241,1.611519271292134,1.2717988986409308,1.2142535652005348,1.2422221144881762,1.3034518993516808,NotPlaced,1.8845278153799556,0,1
1.0538694734040654,0.050554537486061424,1.2717988986409308,-1.0318557299675197,0.4707972584500104,0.8069893158657431,NotPlaced,0.2930610021881282,0,1
1.8473795350642876,1.611519271292134,1.2717988986409308,1.2142535652005348,0.5993680677897048,-0.4341671428491004,Placed,1.8845278153799556,1,1
0.8951674610720188,0.050554537486061424,1.2717988986409308,0.09119891761650768,1.2422221144881762,1.3034518993516808,Placed,0.8235499399187379,1,1
0.10165739941179809,-1.5104101963200112,-1.0852784214895703,-1.0318557299675197,-0.557769216267544,-1.4270923098209738,NotPlaced,-1.6520651028241051,0,0
1.0538694734040654,0.050554537486061424,1.2717988986409308,1.2142535652005348,0.4707972584500104,0.8069893158657431,NotPlaced,1.3540388776493464,0,1
-1.8027667485727352,-1.5104101963200112,-1.0852784214895703,-1.0318557299675197,-1.843477309664487,-0.4341671428491004,NotPlaced,-1.6520651028241051,0,0
1.688677522732241,0.050554537486061424,1.2717988986409308,1.2142535652005348,-0.557769216267544,0.8069893158657431,Placed,1.3540388776493464,1,1
-0.057044612920247185,1.611519271292134,1.2717988986409308,1.2142535652005348,1.4993637331675649,0.5587580241227753,Placed,1.8845278153799556,1,1
0.4190614240758872,0.050554537486061424,1.2717988986409308,-1.0318557299675197,-0.0434859789087668,0.31052673237980744,NotPlaced,0.2930610021881282,0,1
-1.8027667485727352,0.050554537486061424,0.09326023857568026,-1.0318557299675197,-1.0720524536263212,-0.9306297263350372,NotPlaced,-0.41425758145268365,0,1
1.0538694734040654,-1.5104101963200112,-1.0852784214895703,0.09119891761650768,-0.6863400256072383,0.06229544063683744,Placed,-1.121576165093496,1,0
0.260359411743842,0.050554537486061424,-1.0852784214895703,0.09119891761650768,1.113651305148482,-0.18593585110613037,Placed,-0.5910872273628871,1,1
-0.057044612920247185,0.050554537486061424,0.09326023857568026,-1.0318557299675197,-0.3006275975881554,-1.1788610180780061,Placed,-0.41425758145268365,1,1
-0.21574662525229105,-1.5104101963200112,-1.0852784214895703,-1.0318557299675197,-2.3577605470232643,-1.1788610180780061,NotPlaced,-1.6520651028241051,0,0
-0.057044612920247185,0.050554537486061424,0.09326023857568026,0.09119891761650768,1.113651305148482,-0.18593585110613037,NotPlaced,0.11623135627792522,0,1
0.10165739941179809,-1.5104101963200112,-1.0852784214895703,1.2142535652005348,0.727938877129399,-0.9306297263350372,NotPlaced,-0.5910872273628871,0,0
-1.4853627239086462,0.050554537486061424,-1.0852784214895703,0.09119891761650768,-0.4291984069278497,0.06229544063683744,NotPlaced,-0.5910872273628871,0,1
-1.6440647362406915,0.050554537486061424,1.2717988986409308,-1.0318557299675197,-0.943481644286627,-0.18593585110613037,NotPlaced,0.2930610021881282,0,1
1.0538694734040654,1.611519271292134,1.2717988986409308,-1.0318557299675197,0.4707972584500104,-1.9235548933069118,NotPlaced,0.8235499399187379,0,1
1.688677522732241,1.611519271292134,1.2717988986409308,1.2142535652005348,1.4993637331675649,1.3034518993516808,Placed,1.8845278153799556,1,1
0.8951674610720188,1.611519271292134,1.2717988986409308,1.2142535652005348,1.2422221144881762,0.06229544063683744,Placed,1.8845278153799556,1,1
1.3712734980681531,0.050554537486061424,0.09326023857568026,0.09119891761650768,-1.0720524536263212,0.5587580241227753,Placed,0.11623135627792522,1,1
0.260359411743842,1.611519271292134,1.2717988986409308,-1.0318557299675197,0.5993680677897048,-0.18593585110613037,Placed,0.8235499399187379,1,1
1.529975510400197,0.050554537486061424,1.2717988986409308,1.2142535652005348,1.4993637331675649,1.3034518993516808,Placed,1.3540388776493464,1,1
1.2125714857361094,0.050554537486061424,1.2717988986409308,1.2142535652005348,1.4993637331675649,1.0552206076087132,Placed,1.3540388776493464,1,1
-1.8027667485727352,-1.5104101963200112,1.2717988986409308,-1.0318557299675197,-1.5863356909850983,-1.9235548933069118,NotPlaced,-0.2374279355424807,0,0
-1.8027667485727352,0.050554537486061424,-1.0852784214895703,0.09119891761650768,-1.2006232629660154,0.06229544063683744,NotPlaced,-0.5910872273628871,0,1
-0.3744486375843349,0.050554537486061424,-1.0852784214895703,-1.0318557299675197,-0.8149108349469326,-1.6753236015639428,NotPlaced,-1.121576165093496,0,1
0.260359411743842,0.050554537486061424,0.09326023857568026,1.2142535652005348,-0.3006275975881554,-0.6823984345920682,NotPlaced,0.6467202940085341,0,1
0.10165739941179809,-1.5104101963200112,0.09326023857568026,0.09119891761650768,-0.943481644286627,0.31052673237980744,NotPlaced,-0.41425758145268365,0,0
1.3712734980681531,1.611519271292134,-1.0852784214895703,1.2142535652005348,0.9850804958087876,0.31052673237980744,Placed,0.46989064809833114,1,1
1.2125714857361094,0.050554537486061424,0.09326023857568026,-1.0318557299675197,0.4707972584500104,0.5587580241227753,NotPlaced,-0.41425758145268365,0,1
-1.8027667485727352,-1.5104101963200112,0.09326023857568026,-1.0318557299675197,-0.1720567882484611,0.31052673237980744,NotPlaced,-0.944746519183293,0,0
-0.3744486375843349,1.611519271292134,0.09326023857568026,-1.0318557299675197,-1.7149065003247927,-0.9306297263350372,NotPlaced,0.11623135627792522,0,1
0.4190614240758872,0.050554537486061424,0.09326023857568026,0.09119891761650768,-0.1720567882484611,0.06229544063683744,Placed,0.11623135627792522,1,1
0.260359411743842,0.050554537486061424,0.09326023857568026,-1.0318557299675197,-0.0434859789087668,-1.4270923098209738,Placed,-0.41425758145268365,1,1
0.4190614240758872,0.050554537486061424,0.09326023857568026,-1.0318557299675197,-0.6863400256072383,0.5587580241227753,Placed,-0.41425758145268365,1,1
-0.3744486375843349,0.050554537486061424,-1.0852784214895703,-1.0318557299675197,-0.8149108349469326,-0.4341671428491004,NotPlaced,-1.121576165093496,0,1
1.0538694734040654,1.611519271292134,1.2717988986409308,1.2142535652005348,0.9850804958087876,1.3034518993516808,Placed,1.8845278153799556,1,1
0.8951674610720188,1.611519271292134,1.2717988986409308,1.2142535652005348,0.5993680677897048,0.06229544063683744,Placed,1.8845278153799556,1,1
-0.3744486375843349,0.050554537486061424,-1.0852784214895703,0.09119891761650768,-0.557769216267544,-1.6753236015639428,NotPlaced,-0.5910872273628871,0,1
-0.21574662525229105,0.050554537486061424,-1.0852784214895703,0.09119891761650768,-0.0434859789087668,0.31052673237980744,NotPlaced,-0.5910872273628871,0,1
-0.21574662525229105,0.050554537486061424,-1.0852784214895703,0.09119891761650768,0.2136556397706218,-0.4341671428491004,NotPlaced,-0.5910872273628871,0,1
0.736465448739975,1.611519271292134,0.09326023857568026,0.09119891761650768,-0.3006275975881554,-0.6823984345920682,Placed,0.6467202940085345,1,1
-1.4853627239086462,-1.5104101963200112,1.2717988986409308,-1.0318557299675197,1.4993637331675649,0.06229544063683744,Placed,-0.2374279355424807,1,0
-1.4853627239086462,0.050554537486061424,-1.0852784214895703,-1.0318557299675197,0.34222644911031613,-0.4341671428491004,NotPlaced,-1.121576165093496,0,1
0.260359411743842,0.050554537486061424,-1.0852784214895703,1.2142535652005348,0.34222644911031613,-0.9306297263350372,NotPlaced,-0.060598289632277744,0,1
0.8951674610720188,0.050554537486061424,-1.0852784214895703,1.2142535652005348,1.4993637331675649,1.3034518993516808,Placed,-0.060598289632277744,1,1
0.8951674610720188,0.050554537486061424,1.2717988986409308,0.09119891761650768,-0.8149108349469326,-0.9306297263350372,NotPlaced,0.8235499399187379,0,1
-1.8027667485727352,-1.5104101963200112,0.09326023857568026,0.09119891761650768,1.113651305148482,1.3034518993516808,Placed,-0.41425758145268365,1,0
0.8951674610720188,0.050554537486061424,-2.2638170815548206,-1.0318557299675197,0.727938877129399,1.3034518993516808,Placed,-1.828894748734308,1,1
1.2125714857361094,0.050554537486061424,1.2717988986409308,0.09119891761650768,-0.4291984069278497,0.06229544063683744,NotPlaced,0.8235499399187379,0,1
0.8951674610720188,0.050554537486061424,1.2717988986409308,1.2142535652005348,1.4993637331675649,-1.6753236015639428,Placed,1.3540388776493464,1,1
-1.8027667485727352,-1.5104101963200112,0.09326023857568026,-1.0318557299675197,-0.4291984069278497,0.06229544063683744,NotPlaced,-0.944746519183293,0,0
0.10165739941179809,0.050554537486061424,-2.2638170815548206,-1.0318557299675197,-1.7149065003247927,-0.9306297263350372,NotPlaced,-1.828894748734308,0,1
1.3712734980681531,0.050554537486061424,1.2717988986409308,1.2142535652005348,0.9850804958087876,0.5587580241227753,Placed,1.3540388776493464,1,1
0.577763436407931,-1.5104101963200112,1.2717988986409308,2.337308212784562,1.4993637331675649,0.06229544063683744,Placed,1.3540388776493464,1,0
1.0538694734040654,0.050554537486061424,0.09326023857568026,-1.0318557299675197,-0.8149108349469326,-0.18593585110613037,NotPlaced,-0.41425758145268365,0,1
1.3712734980681531,-1.5104101963200112,-1.0852784214895703,-1.0318557299675197,0.9850804958087876,1.0552206076087132,Placed,-1.6520651028241051,1,0
-1.8027667485727352,0.050554537486061424,0.09326023857568026,-1.0318557299675197,-0.3006275975881554,-0.18593585110613037,NotPlaced,-0.41425758145268365,0,1
0.4190614240758872,1.611519271292134,1.2717988986409308,1.2142535652005348,-0.4291984069278497,-0.9306297263350372,Placed,1.8845278153799556,1,1
0.736465448739975,0.050554537486061424,1.2717988986409308,1.2142535652005348,-0.0434859789087668,1.3034518993516808,NotPlaced,1.3540388776493464,0,1
0.8951674610720188,1.611519271292134,1.2717988986409308,1.2142535652005348,-0.3006275975881554,0.5587580241227753,NotPlaced,1.8845278153799556,0,1
0.736465448739975,0.050554537486061424,1.2717988986409308,-1.0318557299675197,1.2422221144881762,0.5587580241227753,Placed,0.2930610021881282,1,1
0.577763436407931,0.050554537486061424,-1.0852784214895703,0.09119891761650768,-0.1720567882484611,1.0552206076087132,NotPlaced,-0.5910872273628871,0,1
-1.6440647362406915,-1.5104101963200112,0.09326023857568026,-1.0318557299675197,-1.3291940723057099,-1.1788610180780061,NotPlaced,-0.944746519183293,0,0
1.688677522732241,-1.5104101963200112,-1.0852784214895703,0.09119891761650768,1.113651305148482,-0.4341671428491004,NotPlaced,-1.121576165093496,0,0
-1.3266607115766023,-1.5104101963200112,-1.0852784214895703,-1.0318557299675197,-1.0720524536263212,-0.9306297263350372,NotPlaced,-1.6520651028241051,0,0
-0.691852662248424,1.611519271292134,-1.0852784214895703,-1.0318557299675197,-0.1720567882484611,0.31052673237980744,Placed,-0.5910872273628871,1,1
-1.6440647362406915,-1.5104101963200112,1.2717988986409308,-1.0318557299675197,0.8565096864690933,-0.6823984345920682,Placed,-0.2374279355424807,1,0
1.3712734980681531,-1.5104101963200112,1.2717988986409308,1.2142535652005348,1.2422221144881762,0.5587580241227753,Placed,0.8235499399187379,1,0
1.0538694734040654,0.050554537486061424,0.09326023857568026,0.09119891761650768,0.2136556397706218,0.06229544063683744,Placed,0.11623135627792522,1,1
-0.057044612920247185,0.050554537486061424,-1.0852784214895703,-1.0318557299675197,-1.0720524536263212,0.5587580241227753,NotPlaced,-1.121576165093496,0,1
0.4190614240758872,0.050554537486061424,0.09326023857568026,-1.0318557299675197,0.9850804958087876,0.5587580241227753,NotPlaced,-0.41425758145268365,0,1
0.8951674610720188,0.050554537486061424,1.2717988986409308,0.09119891761650768,1.2422221144881762,0.5587580241227753,Placed,0.8235499399187379,1,1
-1.4853627239086462,0.050554537486061424,0.09326023857568026,0.09119891761650768,-2.3577605470232643,-0.4341671428491004,NotPlaced,0.11623135627792522,0,1
0.577763436407931,1.611519271292134,0.09326023857568026,1.2142535652005348,0.34222644911031613,0.5587580241227753,NotPlaced,1.177209231739143,0,1
-0.3744486375843349,0.050554537486061424,-1.0852784214895703,-1.0318557299675197,0.2136556397706218,1.3034518993516808,NotPlaced,-1.121576165093496,0,1
-0.057044612920247185,-1.5104101963200112,-1.0852784214895703,0.09119891761650768,-0.6863400256072383,0.31052673237980744,NotPlaced,-1.121576165093496,0,0
1.2125714857361094,0.050554537486061424,0.09326023857568026,1.2142535652005348,0.5993680677897048,-0.18593585110613037,Placed,0.6467202940085341,1,1
0.4190614240758872,-1.5104101963200112,0.09326023857568026,-1.0318557299675197,0.34222644911031613,0.5587580241227753,NotPlaced,-0.944746519183293,0,0
-0.057044612920247185,-1.5104101963200112,-1.0852784214895703,-1.0318557299675197,-0.0434859789087668,0.06229544063683744,NotPlaced,-1.6520651028241051,0,0
-0.3744486375843349,0.050554537486061424,-1.0852784214895703,-1.0318557299675197,-0.943481644286627,1.0552206076087132,NotPlaced,-1.121576165093496,0,1
-1.167958699244557,-1.5104101963200112,-1.0852784214895703,-1.0318557299675197,-0.6863400256072383,-0.18593585110613037,NotPlaced,-1.6520651028241051,0,0
-0.3744486375843349,0.050554537486061424,0.09326023857568026,-1.0318557299675197,-0.557769216267544,0.5587580241227753,Placed,-0.41425758145268365,1,1
1.0538694734040654,-1.5104101963200112,1.2717988986409308,0.09119891761650768,1.4993637331675649,0.8069893158657431,Placed,0.2930610021881282,1,0
-1.8027667485727352,0.050554537486061424,-1.0852784214895703,0.09119891761650768,-1.3291940723057099,-0.9306297263350372,NotPlaced,-0.5910872273628871,0,1
0.4190614240758872,1.611519271292134,1.2717988986409308,0.09119891761650768,-1.0720524536263212,0.5587580241227753,NotPlaced,1.3540388776493464,0,1
-0.3744486375843349,0.050554537486061424,-1.0852784214895703,-1.0318557299675197,-1.457764881645404,-0.4341671428491004,NotPlaced,-1.121576165093496,0,1
-1.8027667485727352,-1.5104101963200112,-1.0852784214895703,0.09119891761650768,-0.8149108349469326,0.5587580241227753,NotPlaced,-1.121576165093496,0,0
-0.057044612920247185,0.050554537486061424,-1.0852784214895703,0.09119891761650768,-1.457764881645404,0.5587580241227753,NotPlaced,-0.5910872273628871,0,1
0.10165739941179809,0.050554537486061424,-1.0852784214895703,0.09119891761650768,1.3707929238278704,0.31052673237980744,NotPlaced,-0.5910872273628871,0,1
2.0060815473963314,1.611519271292134,1.2717988986409308,1.2142535652005348,1.4993637331675649,1.3034518993516808,Placed,1.8845278153799556,1,1
-1.8027667485727352,-1.5104101963200112,-1.0852784214895703,-1.0318557299675197,-1.7149065003247927,-1.4270923098209738,NotPlaced,-1.6520651028241051,0,0
0.260359411743842,0.050554537486061424,1.2717988986409308,-1.0318557299675197,0.4707972584500104,-0.18593585110613037,Placed,0.2930610021881282,1,1
0.577763436407931,0.050554537486061424,-1.0852784214895703,-1.0318557299675197,-1.3291940723057099,-0.6823984345920682,NotPlaced,-1.121576165093496,0,1
-0.21574662525229105,0.050554537486061424,0.09326023857568026,0.09119891761650768,-0.0434859789087668,1.3034518993516808,NotPlaced,0.11623135627792522,0,1
1.0538694734040654,1.611519271292134,1.2717988986409308,1.2142535652005348,0.8565096864690933,1.3034518993516808,Placed,1.8845278153799556,1,1
-0.21574662525229105,1.611519271292134,-1.0852784214895703,0.09119891761650768,-0.3006275975881554,-0.18593585110613037,NotPlaced,-0.06059828963227817,0,1
0.8951674610720188,1.611519271292134,1.2717988986409308,0.09119891761650768,-1.2006232629660154,-0.6823984345920682,NotPlaced,1.3540388776493464,0,1
1.0538694734040654,0.050554537486061424,0.09326023857568026,2.337308212784562,-0.1720567882484611,-0.4341671428491004,Placed,1.177209231739143,1,1
-0.5331506499163802,0.050554537486061424,-1.0852784214895703,0.09119891761650768,-0.943481644286627,0.31052673237980744,NotPlaced,-0.5910872273628871,0,1
1.688677522732241,-1.5104101963200112,1.2717988986409308,1.2142535652005348,0.8565096864690933,0.5587580241227753,NotPlaced,0.8235499399187379,0,0
-1.0092566869125132,0.050554537486061424,-1.0852784214895703,-1.0318557299675197,-0.8149108349469326,0.5587580241227753,NotPlaced,-1.121576165093496,0,1
0.260359411743842,0.050554537486061424,0.09326023857568026,-1.0318557299675197,1.4993637331675649,1.3034518993516808,NotPlaced,-0.41425758145268365,0,1
-1.3266607115766023,0.050554537486061424,0.09326023857568026,-1.0318557299675197,0.4707972584500104,0.31052673237980744,Placed,-0.41425758145268365,1,1
-0.21574662525229105,0.050554537486061424,-1.0852784214895703,0.09119891761650768,-0.6863400256072383,-0.4341671428491004,NotPlaced,-0.5910872273628871,0,1
-1.8027667485727352,0.050554537486061424,-1.0852784214895703,-1.0318557299675197,0.34222644911031613,-0.9306297263350372,NotPlaced,-1.121576165093496,0,1
-1.8027667485727352,0.050554537486061424,0.09326023857568026,0.09119891761650768,-1.2006232629660154,-0.4341671428491004,NotPlaced,0.11623135627792522,0,1
-1.4853627239086462,-1.5104101963200112,-1.0852784214895703,-1.0318557299675197,0.0850848304309275,-0.18593585110613037,NotPlaced,-1.6520651028241051,0,0
-1.8027667485727352,0.050554537486061424,-1.0852784214895703,-1.0318557299675197,0.5993680677897048,-0.9306297263350372,NotPlaced,-1.121576165093496,0,1
0.10165739941179809,0.050554537486061424,-1.0852784214895703,2.337308212784562,0.0850848304309275,-0.4341671428491004,Placed,0.46989064809833114,1,1
-1.8027667485727352,0.050554537486061424,-1.0852784214895703,0.09119891761650768,-1.2006232629660154,-0.18593585110613037,Placed,-0.5910872273628871,1,1
0.736465448739975,1.611519271292134,0.09326023857568026,-1.0318557299675197,0.727938877129399,1.3034518993516808,Placed,0.11623135627792522,1,1
0.260359411743842,-1.5104101963200112,0.09326023857568026,0.09119891761650768,-0.557769216267544,0.5587580241227753,Placed,-0.41425758145268365,1,0
-1.8027667485727352,-1.5104101963200112,-1.0852784214895703,0.09119891761650768,-0.4291984069278497,-2.1717861850498807,NotPlaced,-1.121576165093496,0,0
-1.3266607115766023,1.611519271292134,0.09326023857568026,1.2142535652005348,0.2136556397706218,0.8069893158657431,NotPlaced,1.177209231739143,0,1
1.529975510400197,1.611519271292134,-1.0852784214895703,1.2142535652005348,-0.6863400256072383,0.8069893158657431,NotPlaced,0.46989064809833114,0,1
1.0538694734040654,1.611519271292134,1.2717988986409308,-1.0318557299675197,0.9850804958087876,1.0552206076087132,Placed,0.8235499399187379,1,1
0.736465448739975,1.611519271292134,1.2717988986409308,1.2142535652005348,1.113651305148482,0.8069893158657431,Placed,1.8845278153799556,1,1
0.260359411743842,1.611519271292134,1.2717988986409308,1.2142535652005348,0.5993680677897048,1.0552206076087132,Placed,1.8845278153799556,1,1
-0.21574662525229105,0.050554537486061424,-1.0852784214895703,0.09119891761650768,-1.2006232629660154,-0.6823984345920682,NotPlaced,-0.5910872273628871,0,1
1.3712734980681531,0.050554537486061424,1.2717988986409308,-1.0318557299675197,0.8565096864690933,-0.18593585110613037,NotPlaced,0.2930610021881282,0,1
-0.3744486375843349,1.611519271292134,1.2717988986409308,2.337308212784562,0.9850804958087876,-0.18593585110613037,NotPlaced,2.4150167531105646,0,1
-1.8027667485727352,0.050554537486061424,-1.0852784214895703,-1.0318557299675197,1.3707929238278704,-0.9306297263350372,NotPlaced,-1.121576165093496,0,1
-0.21574662525229105,0.050554537486061424,1.2717988986409308,0.09119891761650768,-0.8149108349469326,-0.18593585110613037,NotPlaced,0.8235499399187379,0,1
1.0538694734040654,-1.5104101963200112,1.2717988986409308,0.09119891761650768,0.727938877129399,1.3034518993516808,Placed,0.2930610021881282,1,0
-0.3744486375843349,-1.5104101963200112,-1.0852784214895703,-1.0318557299675197,-1.0720524536263212,-2.6682487685358174,NotPlaced,-1.6520651028241051,0,0
-1.8027667485727352,-1.5104101963200112,-1.0852784214895703,0.09119891761650768,-1.5863356909850983,0.8069893158657431,NotPlaced,-1.121576165093496,0,0
-1.6440647362406915,0.050554537486061424,-1.0852784214895703,0.09119891761650768,0.34222644911031613,-0.6823984345920682,NotPlaced,-0.5910872273628871,0,1
-0.3744486375843349,0.050554537486061424,-1.0852784214895703,0.09119891761650768,-0.6863400256072383,1.3034518993516808,NotPlaced,-0.5910872273628871,0,1
-1.8027667485727352,1.611519271292134,1.2717988986409308,1.2142535652005348,-0.943481644286627,-1.1788610180780061,Placed,1.8845278153799556,1,1
-1.3266607115766023,0.050554537486061424,-1.0852784214895703,0.09119891761650768,-1.843477309664487,-2.4200174767928493,NotPlaced,-0.5910872273628871,0,1
-1.6440647362406915,-1.5104101963200112,-1.0852784214895703,0.09119891761650768,-0.943481644286627,0.31052673237980744,NotPlaced,-1.121576165093496,0,0
0.260359411743842,0.050554537486061424,1.2717988986409308,-1.0318557299675197,0.5993680677897048,1.3034518993516808,NotPlaced,0.2930610021881282,0,1
1.529975510400197,0.050554537486061424,1.2717988986409308,1.2142535652005348,0.5993680677897048,1.3034518993516808,Placed,1.3540388776493464,1,1
-1.3266607115766023,-1.5104101963200112,0.09326023857568026,-1.0318557299675197,-0.0434859789087668,-0.4341671428491004,NotPlaced,-0.944746519183293,0,0
0.736465448739975,1.611519271292134,-1.0852784214895703,-1.0318557299675197,0.5993680677897048,-0.4341671428491004,NotPlaced,-0.5910872273628871,0,1
0.260359411743842,0.050554537486061424,1.2717988986409308,1.2142535652005348,-0.1720567882484611,-0.18593585110613037,NotPlaced,1.3540388776493464,0,1
0.8951674610720188,0.050554537486061424,1.2717988986409308,1.2142535652005348,1.4993637331675649,0.5587580241227753,Placed,1.3540388776493464,1,1
0.577763436407931,1.611519271292134,1.2717988986409308,1.2142535652005348,1.2422221144881762,1.3034518993516808,Placed,1.8845278153799556,1,1
0.736465448739975,-1.5104101963200112,1.2717988986409308,1.2142535652005348,1.4993637331675649,1.3034518993516808,Placed,0.8235499399187379,1,0
0.4190614240758872,-1.5104101963200112,0.09326023857568026,-1.0318557299675197,0.5993680677897048,-0.6823984345920682,NotPlaced,-0.944746519183293,0,0
-1.8027667485727352,-1.5104101963200112,-1.0852784214895703,0.09119891761650768,1.113651305148482,1.3034518993516808,NotPlaced,-1.121576165093496,0,0
0.8951674610720188,0.050554537486061424,1.2717988986409308,-1.0318557299675197,0.4707972584500104,-0.4341671428491004,NotPlaced,0.2930610021881282,0,1
-1.8027667485727352,-1.5104101963200112,0.09326023857568026,1.2142535652005348,1.2422221144881762,0.8069893158657431,NotPlaced,0.11623135627792522,0,0
-0.057044612920247185,0.050554537486061424,-1.0852784214895703,-1.0318557299675197,-2.3577605470232643,-0.18593585110613037,NotPlaced,-1.121576165093496,0,1
1.529975510400197,1.611519271292134,1.2717988986409308,1.2142535652005348,1.2422221144881762,0.5587580241227753,NotPlaced,1.8845278153799556,0,1
-1.8027667485727352,0.050554537486061424,-1.0852784214895703,0.09119891761650768,-1.0720524536263212,-0.4341671428491004,NotPlaced,-0.5910872273628871,0,1
0.260359411743842,0.050554537486061424,0.09326023857568026,-1.0318557299675197,-0.6863400256072383,-0.4341671428491004,NotPlaced,-0.41425758145268365,0,1
-1.167958699244557,1.611519271292134,-1.0852784214895703,1.2142535652005348,0.727938877129399,1.0552206076087132,NotPlaced,0.46989064809833114,0,1
-0.057044612920247185,1.611519271292134,1.2717988986409308,2.337308212784562,0.4707972584500104,0.5587580241227753,Placed,2.4150167531105646,1,1
-0.21574662525229105,0.050554537486061424,0.09326023857568026,0.09119891761650768,-0.3006275975881554,-1.1788610180780061,NotPlaced,0.11623135627792522,0,1
-0.057044612920247185,0.050554537486061424,1.2717988986409308,0.09119891761650768,-0.4291984069278497,-0.9306297263350372,Placed,0.8235499399187379,1,1
-1.3266607115766023,1.611519271292134,-1.0852784214895703,-1.0318557299675197,-0.1720567882484611,-0.6823984345920682,NotPlaced,-0.5910872273628871,0,1
-1.3266607115766023,0.050554537486061424,-1.0852784214895703,-1.0318557299675197,-1.2006232629660154,-2.4200174767928493,NotPlaced,-1.121576165093496,0,1
0.8951674610720188,1.611519271292134,1.2717988986409308,1.2142535652005348,1.3707929238278704,-0.6823984345920682,Placed,1.8845278153799556,1,1
0.577763436407931,-1.5104101963200112,0.09326023857568026,1.2142535652005348,-0.4291984069278497,-1.1788610180780061,NotPlaced,0.11623135627792522,0,0
-1.4853627239086462,0.050554537486061424,0.09326023857568026,-1.0318557299675197,-0.557769216267544,-0.4341671428491004,NotPlaced,-0.41425758145268365,0,1
-1.8027667485727352,0.050554537486061424,-1.0852784214895703,-1.0318557299675197,0.4707972584500104,0.31052673237980744,NotPlaced,-1.121576165093496,0,1
1.3712734980681531,0.050554537486061424,1.2717988986409308,1.2142535652005348,1.4993637331675649,1.0552206076087132,Placed,1.3540388776493464,1,1
1.0538694734040654,-1.5104101963200112,1.2717988986409308,1.2142535652005348,0.727938877129399,0.06229544063683744,NotPlaced,0.8235499399187379,0,0
-1.6440647362406915,-1.5104101963200112,0.09326023857568026,-1.0318557299675197,-1.843477309664487,0.8069893158657431,NotPlaced,-0.944746519183293,0,0
0.4190614240758872,0.050554537486061424,0.09326023857568026,1.2142535652005348,1.4993637331675649,-0.18593585110613037,Placed,0.6467202940085341,1,1
-0.057044612920247185,0.050554537486061424,0.09326023857568026,1.2142535652005348,-0.3006275975881554,1.3034518993516808,NotPlaced,0.6467202940085341,0,1
0.260359411743842,-1.5104101963200112,-1.0852784214895703,0.09119891761650768,0.0850848304309275,1.0552206076087132,Placed,-1.121576165093496,1,0
0.736465448739975,-1.5104101963200112,1.2717988986409308,1.2142535652005348,1.4993637331675649,1.0552206076087132,Placed,0.8235499399187379,1,0
0.10165739941179809,0.050554537486061424,1.2717988986409308,-1.0318557299675197,-0.4291984069278497,-0.6823984345920682,Placed,0.2930610021881282,1,1
1.3712734980681531,1.611519271292134,1.2717988986409308,1.2142535652005348,1.113651305148482,0.8069893158657431,Placed,1.8845278153799556,1,1
1.0538694734040654,1.611519271292134,0.09326023857568026,1.2142535652005348,-0.6863400256072383,-0.9306297263350372,NotPlaced,1.177209231739143,0,1
-0.5331506499163802,0.050554537486061424,0.09326023857568026,-1.0318557299675197,0.4707972584500104,0.8069893158657431,NotPlaced,-0.41425758145268365,0,1
1.2125714857361094,1.611519271292134,0.09326023857568026,1.2142535652005348,-0.1720567882484611,1.3034518993516808,Placed,1.177209231739143,1,1
-1.4853627239086462,-1.5104101963200112,-1.0852784214895703,-1.0318557299675197,-1.5863356909850983,-1.4270923098209738,Placed,-1.6520651028241051,1,0
-0.21574662525229105,0.050554537486061424,0.09326023857568026,0.09119891761650768,1.4993637331675649,0.8069893158657431,Placed,0.11623135627792522,1,1
1.2125714857361094,0.050554537486061424,-1.0852784214895703,0.09119891761650768,0.727938877129399,-0.18593585110613037,NotPlaced,-0.5910872273628871,0,1
0.4190614240758872,1.611519271292134,1.2717988986409308,1.2142535652005348,1.2422221144881762,0.8069893158657431,Placed,1.8845278153799556,1,1
1.2125714857361094,0.050554537486061424,0.09326023857568026,-1.0318557299675197,0.8565096864690933,0.31052673237980744,Placed,-0.41425758145268365,1,1
-1.6440647362406915,-1.5104101963200112,-1.0852784214895703,0.09119891761650768,-1.457764881645404,0.06229544063683744,NotPlaced,-1.121576165093496,0,0
-0.057044612920247185,-1.5104101963200112,1.2717988986409308,0.09119891761650768,0.34222644911031613,0.8069893158657431,NotPlaced,0.2930610021881282,0,0
0.10165739941179809,0.050554537486061424,-1.0852784214895703,-1.0318557299675197,-1.0720524536263212,-0.9306297263350372,NotPlaced,-1.121576165093496,0,1
0.8951674610720188,0.050554537486061424,1.2717988986409308,-1.0318557299675197,0.4707972584500104,1.0552206076087132,NotPlaced,0.2930610021881282,0,1
-0.3744486375843349,0.050554537486061424,0.09326023857568026,-1.0318557299675197,0.8565096864690933,0.8069893158657431,Placed,-0.41425758145268365,1,1
1.2125714857361094,1.611519271292134,0.09326023857568026,1.2142535652005348,0.0850848304309275,1.0552206076087132,Placed,1.177209231739143,1,1
0.736465448739975,1.611519271292134,-1.0852784214895703,-1.0318557299675197,0.4707972584500104,0.31052673237980744,NotPlaced,-0.5910872273628871,0,1
1.0538694734040654,0.050554537486061424,1.2717988986409308,1.2142535652005348,1.4993637331675649,1.0552206076087132,NotPlaced,1.3540388776493464,0,1
-0.21574662525229105,0.050554537486061424,1.2717988986409308,0.09119891761650768,-0.6863400256072383,0.8069893158657431,Placed,0.8235499399187379,1,1
0.10165739941179809,0.050554537486061424,-1.0852784214895703,0.09119891761650768,-0.4291984069278497,0.5587580241227753,NotPlaced,-0.5910872273628871,0,1
-0.21574662525229105,1.611519271292134,0.09326023857568026,0.09119891761650768,-0.4291984069278497,-0.18593585110613037,NotPlaced,0.6467202940085345,0,1
-0.5331506499163802,0.050554537486061424,0.09326023857568026,1.2142535652005348,0.727938877129399,0.31052673237980744,Placed,0.6467202940085341,1,1
-1.6440647362406915,-1.5104101963200112,-1.0852784214895703,0.09119891761650768,-1.3291940723057099,-1.1788610180780061,NotPlaced,-1.121576165093496,0,0
-1.0092566869125132,0.050554537486061424,0.09326023857568026,0.09119891761650768,-0.4291984069278497,1.0552206076087132,NotPlaced,0.11623135627792522,0,1
-0.21574662525229105,-1.5104101963200112,-1.0852784214895703,1.2142535652005348,0.34222644911031613,-0.4341671428491004,NotPlaced,-0.5910872273628871,0,0
-1.6440647362406915,0.050554537486061424,0.09326023857568026,-1.0318557299675197,-0.3006275975881554,-1.1788610180780061,NotPlaced,-0.41425758145268365,0,1
0.8951674610720188,-1.5104101963200112,1.2717988986409308,-1.0318557299675197,-0.1720567882484611,-0.6823984345920682,NotPlaced,-0.2374279355424807,0,0
-0.5331506499163802,0.050554537486061424,-1.0852784214895703,-1.0318557299675197,-0.8149108349469326,-0.9306297263350372,NotPlaced,-1.121576165093496,0,1
0.8951674610720188,1.611519271292134,1.2717988986409308,1.2142535652005348,1.4993637331675649,0.31052673237980744,Placed,1.8845278153799556,1,1
-1.8027667485727352,0.050554537486061424,1.2717988986409308,0.09119891761650768,-0.3006275975881554,-0.4341671428491004,NotPlaced,0.8235499399187379,0,1
1.0538694734040654,-1.5104101963200112,-1.0852784214895703,-1.0318557299675197,-1.2006232629660154,0.06229544063683744,NotPlaced,-1.6520651028241051,0,0
0.260359411743842,1.611519271292134,0.09326023857568026,1.2142535652005348,0.0850848304309275,0.5587580241227753,NotPlaced,1.177209231739143,0,1
-0.057044612920247185,0.050554537486061424,0.09326023857568026,0.09119891761650768,0.9850804958087876,1.3034518993516808,NotPlaced,0.11623135627792522,0,1
1.529975510400197,0.050554537486061424,0.09326023857568026,-1.0318557299675197,-1.3291940723057099,-0.9306297263350372,Placed,-0.41425758145268365,1,1
0.10165739941179809,1.611519271292134,0.09326023857568026,-1.0318557299675197,-0.943481644286627,0.06229544063683744,Placed,0.11623135627792522,1,1
1.0538694734040654,1.611519271292134,1.2717988986409308,1.2142535652005348,1.3707929238278704,0.31052673237980744,Placed,1.8845278153799556,1,1
-0.691852662248424,0.050554537486061424,0.09326023857568026,-1.0318557299675197,-0.4291984069278497,-0.18593585110613037,Placed,-0.41425758145268365,1,1
-0.691852662248424,0.050554537486061424,1.2717988986409308,1.2142535652005348,0.2136556397706218,0.8069893158657431,Placed,1.3540388776493464,1,1
-1.4853627239086462,0.050554537486061424,1.2717988986409308,-1.0318557299675197,-0.6863400256072383,0.5587580241227753,Placed,0.2930610021881282,1,1
-1.3266607115766023,0.050554537486061424,0.09326023857568026,1.2142535652005348,0.5993680677897048,0.5587580241227753,Placed,0.6467202940085341,1,1
1.688677522732241,-1.5104101963200112,-1.0852784214895703,1.2142535652005348,-0.0434859789087668,1.0552206076087132,NotPlaced,-0.5910872273628871,0,0
-0.21574662525229105,0.050554537486061424,-1.0852784214895703,-1.0318557299675197,0.8565096864690933,0.5587580241227753,NotPlaced,-1.121576165093496,0,1
-1.3266607115766023,-1.5104101963200112,-1.0852784214895703,1.2142535652005348,-0.943481644286627,-0.18593585110613037,NotPlaced,-0.5910872273628871,0,0
1.0538694734040654,1.611519271292134,0.09326023857568026,-1.0318557299675197,-0.557769216267544,1.3034518993516808,Placed,0.11623135627792522,1,1
0.577763436407931,0.050554537486061424,0.09326023857568026,0.09119891761650768,0.2136556397706218,1.0552206076087132,NotPlaced,0.11623135627792522,0,1
-1.4853627239086462,0.050554537486061424,-1.0852784214895703,0.09119891761650768,-1.457764881645404,-0.18593585110613037,NotPlaced,-0.5910872273628871,0,1
1.3712734980681531,1.611519271292134,1.2717988986409308,2.337308212784562,1.4993637331675649,1.0552206076087132,Placed,2.4150167531105646,1,1
0.8951674610720188,1.611519271292134,1.2717988986409308,1.2142535652005348,0.9850804958087876,1.3034518993516808,Placed,1.8845278153799556,1,1
-0.21574662525229105,-1.5104101963200112,-1.0852784214895703,-1.0318557299675197,-1.5863356909850983,-1.9235548933069118,NotPlaced,-1.6520651028241051,0,0
-0.21574662525229105,0.050554537486061424,-1.0852784214895703,-1.0318557299675197,0.34222644911031613,0.5587580241227753,Placed,-1.121576165093496,1,1
-1.8027667485727352,0.050554537486061424,-1.0852784214895703,0.09119891761650768,-2.1006189283438754,-1.9235548933069118,NotPlaced,-0.5910872273628871,0,1
0.736465448739975,0.050554537486061424,1.2717988986409308,-1.0318557299675197,-2.22918973768357,-0.9306297263350372,NotPlaced,0.2930610021881282,0,1
0.8951674610720188,0.050554537486061424,0.09326023857568026,-1.0318557299675197,0.4707972584500104,0.5587580241227753,NotPlaced,-0.41425758145268365,0,1
0.10165739941179809,0.050554537486061424,0.09326023857568026,1.2142535652005348,1.4993637331675649,1.3034518993516808,NotPlaced,0.6467202940085341,0,1
-0.21574662525229105,-1.5104101963200112,-1.0852784214895703,1.2142535652005348,-0.557769216267544,-0.6823984345920682,NotPlaced,-0.5910872273628871,0,0
-0.5331506499163802,-1.5104101963200112,-1.0852784214895703,0.09119891761650768,0.2136556397706218,-1.6753236015639428,NotPlaced,-1.121576165093496,0,0
1.529975510400197,1.611519271292134,1.2717988986409308,1.2142535652005348,0.34222644911031613,1.3034518993516808,Placed,1.8845278153799556,1,1
0.8951674610720188,1.611519271292134,1.2717988986409308,1.2142535652005348,0.34222644911031613,1.3034518993516808,Placed,1.8845278153799556,1,1
-0.057044612920247185,0.050554537486061424,0.09326023857568026,0.09119891761650768,-1.7149065003247927,-0.18593585110613037,NotPlaced,0.11623135627792522,0,1
-1.8027667485727352,0.050554537486061424,0.09326023857568026,0.09119891761650768,-1.3291940723057099,0.06229544063683744,NotPlaced,0.11623135627792522,0,1
0.736465448739975,1.611519271292134,1.2717988986409308,1.2142535652005348,0.4707972584500104,-0.18593585110613037,NotPlaced,1.8845278153799556,0,1
0.4190614240758872,0.050554537486061424,0.09326023857568026,0.09119891761650768,0.9850804958087876,0.31052673237980744,NotPlaced,0.11623135627792522,0,1
-0.21574662525229105,0.050554537486061424,-1.0852784214895703,-1.0318557299675197,1.2422221144881762,0.8069893158657431,NotPlaced,-1.121576165093496,0,1
1.529975510400197,0.050554537486061424,0.09326023857568026,-1.0318557299675197,0.4707972584500104,-1.4270923098209738,Placed,-0.41425758145268365,1,1
0.8951674610720188,1.611519271292134,0.09326023857568026,1.2142535652005348,1.4993637331675649,1.3034518993516808,NotPlaced,1.177209231739143,0,1
-0.057044612920247185,0.050554537486061424,0.09326023857568026,-1.0318557299675197,-0.1720567882484611,-0.6823984345920682,NotPlaced,-0.41425758145268365,0,1
0.260359411743842,-1.5104101963200112,-1.0852784214895703,0.09119891761650768,-0.8149108349469326,-0.6823984345920682,NotPlaced,-1.121576165093496,0,0
-1.8027667485727352,0.050554537486061424,-1.0852784214895703,0.09119891761650768,-0.0434859789087668,-0.6823984345920682,NotPlaced,-0.5910872273628871,0,1
0.736465448739975,0.050554537486061424,0.09326023857568026,-1.0318557299675197,-0.557769216267544,-0.18593585110613037,NotPlaced,-0.41425758145268365,0,1
-0.5331506499163802,-1.5104101963200112,-1.0852784214895703,-1.0318557299675197,-0.3006275975881554,-0.6823984345920682,NotPlaced,-1.6520651028241051,0,0
-0.3744486375843349,0.050554537486061424,-1.0852784214895703,-1.0318557299675197,-0.943481644286627,-2.4200174767928493,NotPlaced,-1.121576165093496,0,1
0.260359411743842,0.050554537486061424,0.09326023857568026,0.09119891761650768,-0.1720567882484611,0.5587580241227753,Placed,0.11623135627792522,1,1
0.577763436407931,0.050554537486061424,-1.0852784214895703,0.09119891761650768,0.2136556397706218,-0.18593585110613037,NotPlaced,-0.5910872273628871,0,1
-0.21574662525229105,-1.5104101963200112,-1.0852784214895703,-1.0318557299675197,-0.4291984069278497,-0.4341671428491004,Placed,-1.6520651028241051,1,0
0.10165739941179809,1.611519271292134,1.2717988986409308,1.2142535652005348,0.4707972584500104,1.3034518993516808,NotPlaced,1.8845278153799556,0,1
0.8951674610720188,0.050554537486061424,1.2717988986409308,1.2142535652005348,-0.6863400256072383,0.5587580241227753,Placed,1.3540388776493464,1,1
1.3712734980681531,1.611519271292134,1.2717988986409308,1.2142535652005348,0.0850848304309275,1.3034518993516808,NotPlaced,1.8845278153799556,0,1
-0.691852662248424,0.050554537486061424,-1.0852784214895703,-1.0318557299675197,0.5993680677897048,-0.4341671428491004,NotPlaced,-1.121576165093496,0,1
-1.167958699244557,0.050554537486061424,-1.0852784214895703,0.09119891761650768,-2.1006189283438754,-1.9235548933069118,NotPlaced,-0.5910872273628871,0,1
1.0538694734040654,0.050554537486061424,-1.0852784214895703,1.2142535652005348,0.0850848304309275,-1.4270923098209738,Placed,-0.060598289632277744,1,1
0.10165739941179809,0.050554537486061424,1.2717988986409308,1.2142535652005348,0.9850804958087876,0.31052673237980744,Placed,1.3540388776493464,1,1
0.736465448739975,1.611519271292134,1.2717988986409308,1.2142535652005348,1.3707929238278704,0.8069893158657431,NotPlaced,1.8845278153799556,0,1
1.0538694734040654,1.611519271292134,1.2717988986409308,1.2142535652005348,1.2422221144881762,1.0552206076087132,Placed,1.8845278153799556,1,1
-1.8027667485727352,0.050554537486061424,0.09326023857568026,0.09119891761650768,-0.3006275975881554,-0.18593585110613037,NotPlaced,0.11623135627792522,0,1
1.0538694734040654,-1.5104101963200112,0.09326023857568026,-1.0318557299675197,1.4993637331675649,0.8069893158657431,Placed,-0.944746519183293,1,0
-0.3744486375843349,-1.5104101963200112,1.2717988986409308,0.09119891761650768,1.4993637331675649,-1.1788610180780061,NotPlaced,0.2930610021881282,0,0
1.0538694734040654,-1.5104101963200112,1.2717988986409308,-1.0318557299675197,-0.3006275975881554,-0.9306297263350372,NotPlaced,-0.2374279355424807,0,0
0.4190614240758872,0.050554537486061424,-1.0852784214895703,1.2142535652005348,-0.557769216267544,1.3034518993516808,NotPlaced,-0.060598289632277744,0,1
1.529975510400197,1.611519271292134,0.09326023857568026,1.2142535652005348,1.113651305148482,1.3034518993516808,Placed,1.177209231739143,1,1
0.577763436407931,-1.5104101963200112,1.2717988986409308,0.09119891761650768,0.5993680677897048,0.31052673237980744,Placed,0.2930610021881282,1,0
-0.057044612920247185,0.050554537486061424,-1.0852784214895703,-1.0318557299675197,-1.457764881645404,-1.6753236015639428,NotPlaced,-1.121576165093496,0,1
-0.5331506499163802,0.050554537486061424,1.2717988986409308,-1.0318557299675197,-0.1720567882484611,-0.18593585110613037,NotPlaced,0.2930610021881282,0,1
1.0538694734040654,0.050554537486061424,0.09326023857568026,1.2142535652005348,1.2422221144881762,0.8069893158657431,Placed,0.6467202940085341,1,1
-0.3744486375843349,-1.5104101963200112,-1.0852784214895703,0.09119891761650768,-0.3006275975881554,0.06229544063683744,NotPlaced,-1.121576165093496,0,0
-0.3744486375843349,0.050554537486061424,1.2717988986409308,0.09119891761650768,-0.943481644286627,-0.4341671428491004,Placed,0.8235499399187379,1,1
0.260359411743842,0.050554537486061424,-1.0852784214895703,-1.0318557299675197,-1.0720524536263212,-0.18593585110613037,NotPlaced,-1.121576165093496,0,1
-1.8027667485727352,0.050554537486061424,-1.0852784214895703,0.09119891761650768,0.0850848304309275,-1.1788610180780061,NotPlaced,-0.5910872273628871,0,1
0.260359411743842,-1.5104101963200112,-1.0852784214895703,0.09119891761650768,-0.8149108349469326,-0.9306297263350372,NotPlaced,-1.121576165093496,0,0
0.577763436407931,0.050554537486061424,1.2717988986409308,1.2142535652005348,-0.0434859789087668,-0.18593585110613037,NotPlaced,1.3540388776493464,0,1
0.260359411743842,-1.5104101963200112,-1.0852784214895703,0.09119891761650768,-0.0434859789087668,1.0552206076087132,Placed,-1.121576165093496,1,0
-0.21574662525229105,0.050554537486061424,0.09326023857568026,-1.0318557299675197,-0.3006275975881554,1.0552206076087132,NotPlaced,-0.41425758145268365,0,1
0.4190614240758872,-1.5104101963200112,-1.0852784214895703,-1.0318557299675197,-1.0720524536263212,-1.4270923098209738,NotPlaced,-1.6520651028241051,0,0
-1.8027667485727352,0.050554537486061424,1.2717988986409308,-1.0318557299675197,-0.8149108349469326,0.8069893158657431,Placed,0.2930610021881282,1,1
0.4190614240758872,1.611519271292134,0.09326023857568026,0.09119891761650768,1.4993637331675649,1.3034518993516808,Placed,0.6467202940085345,1,1
-1.167958699244557,0.050554537486061424,1.2717988986409308,-1.0318557299675197,-0.6863400256072383,0.5587580241227753,NotPlaced,0.2930610021881282,0,1
-1.3266607115766023,0.050554537486061424,-1.0852784214895703,-1.0318557299675197,0.5993680677897048,-0.9306297263350372,NotPlaced,-1.121576165093496,0,1
0.10165739941179809,0.050554537486061424,-1.0852784214895703,-1.0318557299675197,1.4993637331675649,1.3034518993516808,Placed,-1.121576165093496,1,1
1.529975510400197,1.611519271292134,1.2717988986409308,0.09119891761650768,1.4993637331675649,1.3034518993516808,Placed,1.3540388776493464,1,1
-0.21574662525229105,0.050554537486061424,0.09326023857568026,-1.0318557299675197,0.2136556397706218,-1.9235548933069118,NotPlaced,-0.41425758145268365,0,1
-0.057044612920247185,0.050554537486061424,0.09326023857568026,1.2142535652005348,-1.0720524536263212,1.3034518993516808,Placed,0.6467202940085341,1,1
-0.057044612920247185,0.050554537486061424,-1.0852784214895703,-1.0318557299675197,-0.943481644286627,-0.4341671428491004,NotPlaced,-1.121576165093496,0,1
0.4190614240758872,0.050554537486061424,-1.0852784214895703,0.09119891761650768,-1.9720481190041814,-0.18593585110613037,NotPlaced,-0.5910872273628871,0,1
-0.057044612920247185,-1.5104101963200112,-1.0852784214895703,0.09119891761650768,-0.8149108349469326,-1.4270923098209738,NotPlaced,-1.121576165093496,0,0
0.10165739941179809,-1.5104101963200112,1.2717988986409308,1.2142535652005348,0.9850804958087876,1.0552206076087132,NotPlaced,0.8235499399187379,0,0
-0.057044612920247185,-1.5104101963200112,1.2717988986409308,0.09119891761650768,-1.0720524536263212,-0.4341671428491004,NotPlaced,0.2930610021881282,0,0
-0.3744486375843349,0.050554537486061424,-1.0852784214895703,-1.0318557299675197,-0.1720567882484611,0.5587580241227753,NotPlaced,-1.121576165093496,0,1
1.2125714857361094,0.050554537486061424,-1.0852784214895703,-1.0318557299675197,0.727938877129399,0.5587580241227753,NotPlaced,-1.121576165093496,0,1
-1.8027667485727352,0.050554537486061424,-1.0852784214895703,0.09119891761650768,-0.3006275975881554,0.8069893158657431,NotPlaced,-0.5910872273628871,0,1
-0.3744486375843349,-1.5104101963200112,-1.0852784214895703,-1.0318557299675197,-0.943481644286627,0.31052673237980744,NotPlaced,-1.6520651028241051,0,0
-1.3266607115766023,-1.5104101963200112,-1.0852784214895703,0.09119891761650768,-2.1006189283438754,-1.9235548933069118,NotPlaced,-1.121576165093496,0,0
0.260359411743842,0.050554537486061424,1.2717988986409308,1.2142535652005348,-0.6863400256072383,-0.4341671428491004,Placed,1.3540388776493464,1,1
-1.8027667485727352,0.050554537486061424,0.09326023857568026,0.09119891761650768,-1.0720524536263212,-1.1788610180780061,NotPlaced,0.11623135627792522,0,1
-0.057044612920247185,-1.5104101963200112,-1.0852784214895703,0.09119891761650768,-0.1720567882484611,-2.1717861850498807,NotPlaced,-1.121576165093496,0,0
1.529975510400197,0.050554537486061424,1.2717988986409308,2.337308212784562,0.34222644911031613,-0.9306297263350372,Placed,1.8845278153799556,1,1
0.577763436407931,0.050554537486061424,0.09326023857568026,1.2142535652005348,0.4707972584500104,1.0552206076087132,Placed,0.6467202940085341,1,1
1.0538694734040654,1.611519271292134,1.2717988986409308,1.2142535652005348,0.727938877129399,1.0552206076087132,Placed,1.8845278153799556,1,1
-0.3744486375843349,0.050554537486061424,1.2717988986409308,0.09119891761650768,-0.0434859789087668,0.06229544063683744,NotPlaced,0.8235499399187379,0,1
-0.21574662525229105,0.050554537486061424,-1.0852784214895703,0.09119891761650768,-0.3006275975881554,-0.6823984345920682,NotPlaced,-0.5910872273628871,0,1
1.0538694734040654,1.611519271292134,0.09326023857568026,-1.0318557299675197,0.0850848304309275,0.5587580241227753,Placed,0.11623135627792522,1,1
-1.8027667485727352,0.050554537486061424,1.2717988986409308,0.09119891761650768,-0.4291984069278497,0.5587580241227753,NotPlaced,0.8235499399187379,0,1
0.260359411743842,0.050554537486061424,1.2717988986409308,0.09119891761650768,0.4707972584500104,1.3034518993516808,Placed,0.8235499399187379,1,1
-1.8027667485727352,0.050554537486061424,-1.0852784214895703,0.09119891761650768,0.727938877129399,0.8069893158657431,NotPlaced,-0.5910872273628871,0,1
1.2125714857361094,-1.5104101963200112,1.2717988986409308,1.2142535652005348,-0.557769216267544,0.5587580241227753,Placed,0.8235499399187379,1,0
0.4190614240758872,0.050554537486061424,-1.0852784214895703,1.2142535652005348,-0.557769216267544,-1.9235548933069118,NotPlaced,-0.060598289632277744,0,1
-0.057044612920247185,0.050554537486061424,-1.0852784214895703,-1.0318557299675197,-0.8149108349469326,-2.1717861850498807,NotPlaced,-1.121576165093496,0,1
0.10165739941179809,0.050554537486061424,1.2717988986409308,1.2142535652005348,-0.557769216267544,0.31052673237980744,NotPlaced,1.3540388776493464,0,1
0.260359411743842,0.050554537486061424,0.09326023857568026,-1.0318557299675197,0.34222644911031613,1.3034518993516808,NotPlaced,-0.41425758145268365,0,1
1.0538694734040654,-1.5104101963200112,-1.0852784214895703,0.09119891761650768,-0.8149108349469326,-1.1788610180780061,NotPlaced,-1.121576165093496,0,0
1.529975510400197,-1.5104101963200112,1.2717988986409308,1.2142535652005348,-0.4291984069278497,-0.6823984345920682,Placed,0.8235499399187379,1,0
-1.8027667485727352,0.050554537486061424,-1.0852784214895703,-1.0318557299675197,-0.4291984069278497,-1.9235548933069118,NotPlaced,-1.121576165093496,0,1
0.4190614240758872,0.050554537486061424,0.09326023857568026,0.09119891761650768,0.4707972584500104,0.5587580241227753,NotPlaced,0.11623135627792522,0,1
0.577763436407931,-1.5104101963200112,-2.2638170815548206,0.09119891761650768,0.8565096864690933,1.3034518993516808,NotPlaced,-1.828894748734308,0,0
0.10165739941179809,1.611519271292134,1.2717988986409308,-1.0318557299675197,-0.0434859789087668,-0.4341671428491004,NotPlaced,0.8235499399187379,0,1
-1.3266607115766023,-1.5104101963200112,-1.0852784214895703,-1.0318557299675197,-2.3577605470232643,-0.9306297263350372,NotPlaced,-1.6520651028241051,0,0
-1.6440647362406915,0.050554537486061424,1.2717988986409308,-1.0318557299675197,0.5993680677897048,1.3034518993516808,Placed,0.2930610021881282,1,1
-0.3744486375843349,1.611519271292134,1.2717988986409308,-1.0318557299675197,0.2136556397706218,0.5587580241227753,Placed,0.8235499399187379,1,1
-1.8027667485727352,0.050554537486061424,-1.0852784214895703,0.09119891761650768,0.5993680677897048,1.0552206076087132,NotPlaced,-0.5910872273628871,0,1
-1.4853627239086462,0.050554537486061424,-1.0852784214895703,-1.0318557299675197,-0.0434859789087668,-0.18593585110613037,Placed,-1.121576165093496,1,1
-1.167958699244557,0.050554537486061424,0.09326023857568026,-1.0318557299675197,-1.457764881645404,-1.4270923098209738,NotPlaced,-0.41425758145268365,0,1
-1.8027667485727352,0.050554537486061424,0.09326023857568026,0.09119891761650768,-0.557769216267544,-0.9306297263350372,NotPlaced,0.11623135627792522,0,1
-1.0092566869125132,0.050554537486061424,-1.0852784214895703,0.09119891761650768,-1.0720524536263212,-0.6823984345920682,NotPlaced,-0.5910872273628871,0,1
0.577763436407931,0.050554537486061424,-1.0852784214895703,0.09119891761650768,0.4707972584500104,-0.6823984345920682,NotPlaced,-0.5910872273628871,0,1
1.3712734980681531,0.050554537486061424,1.2717988986409308,1.2142535652005348,1.2422221144881762,1.3034518993516808,Placed,1.3540388776493464,1,1
-1.3266607115766023,0.050554537486061424,-1.0852784214895703,0.09119891761650768,-1.2006232629660154,-1.4270923098209738,NotPlaced,-0.5910872273628871,0,1
-0.5331506499163802,-1.5104101963200112,0.09326023857568026,-1.0318557299675197,0.4707972584500104,0.5587580241227753,NotPlaced,-0.944746519183293,0,0
1.2125714857361094,0.050554537486061424,1.2717988986409308,1.2142535652005348,0.2136556397706218,0.5587580241227753,Placed,1.3540388776493464,1,1
-0.057044612920247185,-1.5104101963200112,0.09326023857568026,0.09119891761650768,0.8565096864690933,0.8069893158657431,Placed,-0.41425758145268365,1,0
0.736465448739975,0.050554537486061424,0.09326023857568026,1.2142535652005348,1.4993637331675649,-0.6823984345920682,NotPlaced,0.6467202940085341,0,1
-0.3744486375843349,0.050554537486061424,-1.0852784214895703,0.09119891761650768,-1.843477309664487,0.06229544063683744,NotPlaced,-0.5910872273628871,0,1
-0.057044612920247185,0.050554537486061424,-1.0852784214895703,0.09119891761650768,-0.557769216267544,0.06229544063683744,NotPlaced,-0.5910872273628871,0,1
-0.5331506499163802,0.050554537486061424,-1.0852784214895703,-1.0318557299675197,-1.7149065003247927,-2.4200174767928493,NotPlaced,-1.121576165093496,0,1
1.2125714857361094,0.050554537486061424,0.09326023857568026,1.2142535652005348,0.9850804958087876,-0.18593585110613037,NotPlaced,0.6467202940085341,0,1
1.0538694734040654,1.611519271292134,1.2717988986409308,-1.0318557299675197,1.4993637331675649,1.3034518993516808,Placed,0.8235499399187379,1,1
-0.3744486375843349,0.050554537486061424,0.09326023857568026,0.09119891761650768,-1.3291940723057099,-0.18593585110613037,NotPlaced,0.11623135627792522,0,1
-0.057044612920247185,0.050554537486061424,-1.0852784214895703,1.2142535652005348,1.4993637331675649,1.3034518993516808,NotPlaced,-0.060598289632277744,0,1
-0.3744486375843349,0.050554537486061424,-1.0852784214895703,2.337308212784562,0.8565096864690933,-0.6823984345920682,NotPlaced,0.46989064809833114,0,1
1.2125714857361094,0.050554537486061424,-1.0852784214895703,1.2142535652005348,0.34222644911031613,-0.9306297263350372,Placed,-0.060598289632277744,1,1
-0.057044612920247185,1.611519271292134,1.2717988986409308,1.2142535652005348,0.727938877129399,0.8069893158657431,Placed,1.8845278153799556,1,1
0.736465448739975,1.611519271292134,1.2717988986409308,1.2142535652005348,1.113651305148482,1.3034518993516808,Placed,1.8845278153799556,1,1
0.577763436407931,1.611519271292134,0.09326023857568026,-1.0318557299675197,1.113651305148482,-0.18593585110613037,NotPlaced,0.11623135627792522,0,1
-0.3744486375843349,-1.5104101963200112,0.09326023857568026,-1.0318557299675197,0.2136556397706218,-0.18593585110613037,NotPlaced,-0.944746519183293,0,0
0.10165739941179809,1.611519271292134,1.2717988986409308,1.2142535652005348,-0.3006275975881554,1.3034518993516808,Placed,1.8845278153799556,1,1
-1.8027667485727352,0.050554537486061424,-1.0852784214895703,-1.0318557299675197,-0.943481644286627,-1.6753236015639428,NotPlaced,-1.121576165093496,0,1
1.688677522732241,0.050554537486061424,1.2717988986409308,1.2142535652005348,0.8565096864690933,-0.4341671428491004,NotPlaced,1.3540388776493464,0,1
1.0538694734040654,1.611519271292134,1.2717988986409308,1.2142535652005348,0.0850848304309275,1.0552206076087132,Placed,1.8845278153799556,1,1
-0.057044612920247185,0.050554537486061424,0.09326023857568026,1.2142535652005348,0.0850848304309275,0.06229544063683744,Placed,0.6467202940085341,1,1
0.260359411743842,-1.5104101963200112,-1.0852784214895703,-1.0318557299675197,-1.9720481190041814,-0.18593585110613037,NotPlaced,-1.6520651028241051,0,0
-1.167958699244557,-1.5104101963200112,1.2717988986409308,-1.0318557299675197,1.3707929238278704,0.31052673237980744,Placed,-0.2374279355424807,1,0
0.8951674610720188,1.611519271292134,1.2717988986409308,1.2142535652005348,1.4993637331675649,0.8069893158657431,NotPlaced,1.8845278153799556,0,1
1.2125714857361094,0.050554537486061424,1.2717988986409308,1.2142535652005348,1.4993637331675649,1.3034518993516808,NotPlaced,1.3540388776493464,0,1
-1.0092566869125132,0.050554537486061424,1.2717988986409308,0.09119891761650768,-0.1720567882484611,-0.18593585110613037,Placed,0.8235499399187379,1,1
-0.21574662525229105,1.611519271292134,1.2717988986409308,1.2142535652005348,-0.1720567882484611,1.3034518993516808,Placed,1.8845278153799556,1,1
0.260359411743842,0.050554537486061424,1.2717988986409308,1.2142535652005348,0.5993680677897048,-0.18593585110613037,NotPlaced,1.3540388776493464,0,1
-1.8027667485727352,0.050554537486061424,0.09326023857568026,-1.0318557299675197,-0.3006275975881554,0.31052673237980744,NotPlaced,-0.41425758145268365,0,1
1.2125714857361094,-1.5104101963200112,0.09326023857568026,1.2142535652005348,1.113651305148482,0.06229544063683744,NotPlaced,0.11623135627792522,0,0
-0.8505546745804693,1.611519271292134,-1.0852784214895703,1.2142535652005348,-0.1720567882484611,-0.4341671428491004,NotPlaced,0.46989064809833114,0,1
-1.8027667485727352,0.050554537486061424,-1.0852784214895703,-1.0318557299675197,-0.4291984069278497,-1.6753236015639428,NotPlaced,-1.121576165093496,0,1
-1.4853627239086462,-1.5104101963200112,-1.0852784214895703,0.09119891761650768,-0.3006275975881554,-0.9306297263350372,NotPlaced,-1.121576165093496,0,0
0.8951674610720188,0.050554537486061424,-1.0852784214895703,-1.0318557299675197,-0.4291984069278497,-0.4341671428491004,NotPlaced,-1.121576165093496,0,1
-1.167958699244557,0.050554537486061424,-1.0852784214895703,0.09119891761650768,-1.7149065003247927,0.31052673237980744,NotPlaced,-0.5910872273628871,0,1
0.8951674610720188,0.050554537486061424,-1.0852784214895703,0.09119891761650768,1.113651305148482,1.0552206076087132,NotPlaced,-0.5910872273628871,0,1
0.8951674610720188,0.050554537486061424,-1.0852784214895703,-1.0318557299675197,-0.6863400256072383,0.5587580241227753,NotPlaced,-1.121576165093496,0,1
0.736465448739975,-1.5104101963200112,0.09326023857568026,-1.0318557299675197,-0.1720567882484611,-1.1788610180780061,NotPlaced,-0.944746519183293,0,0
-0.3744486375843349,0.050554537486061424,1.2717988986409308,0.09119891761650768,0.34222644911031613,1.0552206076087132,NotPlaced,0.8235499399187379,0,1
-0.21574662525229105,1.611519271292134,-1.0852784214895703,-1.0318557299675197,0.4707972584500104,0.06229544063683744,NotPlaced,-0.5910872273628871,0,1
0.10165739941179809,0.050554537486061424,1.2717988986409308,1.2142535652005348,1.4993637331675649,0.5587580241227753,Placed,1.3540388776493464,1,1
0.10165739941179809,0.050554537486061424,0.09326023857568026,1.2142535652005348,0.5993680677897048,-0.9306297263350372,NotPlaced,0.6467202940085341,0,1
-1.6440647362406915,-1.5104101963200112,-1.0852784214895703,1.2142535652005348,0.0850848304309275,-0.18593585110613037,Placed,-0.5910872273628871,1,0
0.260359411743842,-1.5104101963200112,1.2717988986409308,-1.0318557299675197,0.5993680677897048,0.31052673237980744,NotPlaced,-0.2374279355424807,0,0
-0.057044612920247185,0.050554537486061424,-1.0852784214895703,-1.0318557299675197,-0.1720567882484611,0.5587580241227753,NotPlaced,-1.121576165093496,0,1
1.2125714857361094,0.050554537486061424,1.2717988986409308,-1.0318557299675197,0.727938877129399,0.31052673237980744,Placed,0.2930610021881282,1,1
1.0538694734040654,0.050554537486061424,1.2717988986409308,-1.0318557299675197,1.4993637331675649,1.3034518993516808,Placed,0.2930610021881282,1,1
1.2125714857361094,1.611519271292134,1.2717988986409308,1.2142535652005348,1.4993637331675649,0.06229544063683744,Placed,1.8845278153799556,1,1
-1.8027667485727352,-1.5104101963200112,0.09326023857568026,0.09119891761650768,0.727938877129399,1.3034518993516808,Placed,-0.41425758145268365,1,0
0.8951674610720188,0.050554537486061424,0.09326023857568026,2.337308212784562,0.5993680677897048,-0.18593585110613037,NotPlaced,1.177209231739143,0,1
0.260359411743842,-1.5104101963200112,-1.0852784214895703,-1.0318557299675197,-2.22918973768357,-1.1788610180780061,NotPlaced,-1.6520651028241051,0,0
0.10165739941179809,0.050554537486061424,-1.0852784214895703,-1.0318557299675197,-1.457764881645404,-1.6753236015639428,NotPlaced,-1.121576165093496,0,1
0.736465448739975,0.050554537486061424,1.2717988986409308,0.09119891761650768,0.2136556397706218,-0.6823984345920682,NotPlaced,0.8235499399187379,0,1
0.10165739941179809,0.050554537486061424,0.09326023857568026,-1.0318557299675197,-0.6863400256072383,1.3034518993516808,NotPlaced,-0.41425758145268365,0,1
-0.057044612920247185,-1.5104101963200112,1.2717988986409308,-1.0318557299675197,-0.0434859789087668,0.5587580241227753,NotPlaced,-0.2374279355424807,0,0
-1.6440647362406915,0.050554537486061424,1.2717988986409308,1.2142535652005348,-0.3006275975881554,0.5587580241227753,Placed,1.3540388776493464,1,1
0.4190614240758872,-1.5104101963200112,-1.0852784214895703,1.2142535652005348,0.5993680677897048,1.3034518993516808,NotPlaced,-0.5910872273628871,0,0
-1.4853627239086462,0.050554537486061424,0.09326023857568026,-1.0318557299675197,-1.457764881645404,-0.9306297263350372,NotPlaced,-0.41425758145268365,0,1
-0.21574662525229105,-1.5104101963200112,-1.0852784214895703,-1.0318557299675197,-0.8149108349469326,0.5587580241227753,NotPlaced,-1.6520651028241051,0,0
0.4190614240758872,1.611519271292134,0.09326023857568026,0.09119891761650768,1.2422221144881762,0.5587580241227753,Placed,0.6467202940085345,1,1
-0.21574662525229105,1.611519271292134,0.09326023857568026,-1.0318557299675197,-0.6863400256072383,-2.4200174767928493,NotPlaced,0.11623135627792522,0,1
1.2125714857361094,-1.5104101963200112,1.2717988986409308,-1.0318557299675197,1.4993637331675649,0.5587580241227753,Placed,-0.2374279355424807,1,0
1.529975510400197,1.611519271292134,1.2717988986409308,1.2142535652005348,1.4993637331675649,1.3034518993516808,NotPlaced,1.8845278153799556,0,1
1.529975510400197,0.050554537486061424,0.09326023857568026,0.09119891761650768,-0.1720567882484611,-0.9306297263350372,NotPlaced,0.11623135627792522,0,1
0.260359411743842,-1.5104101963200112,0.09326023857568026,-1.0318557299675197,0.9850804958087876,-0.4341671428491004,NotPlaced,-0.944746519183293,0,0
0.4190614240758872,0.050554537486061424,1.2717988986409308,0.09119891761650768,-0.4291984069278497,-1.4270923098209738,NotPlaced,0.8235499399187379,0,1
-1.8027667485727352,0.050554537486061424,0.09326023857568026,0.09119891761650768,-0.0434859789087668,0.5587580241227753,NotPlaced,0.11623135627792522,0,1
-0.21574662525229105,1.611519271292134,-1.0852784214895703,-1.0318557299675197,0.727938877129399,-1.1788610180780061,Placed,-0.5910872273628871,1,1
-0.3744486375843349,0.050554537486061424,-1.0852784214895703,0.09119891761650768,-0.0434859789087668,1.3034518993516808,NotPlaced,-0.5910872273628871,0,1
-0.057044612920247185,0.050554537486061424,0.09326023857568026,-1.0318557299675197,0.727938877129399,-1.6753236015639428,Placed,-0.41425758145268365,1,1
-0.5331506499163802,-1.5104101963200112,1.2717988986409308,-1.0318557299675197,0.5993680677897048,0.06229544063683744,NotPlaced,-0.2374279355424807,0,0
1.3712734980681531,1.611519271292134,1.2717988986409308,1.2142535652005348,0.8565096864690933,1.0552206076087132,Placed,1.8845278153799556,1,1
-0.3744486375843349,0.050554537486061424,1.2717988986409308,1.2142535652005348,-0.557769216267544,0.8069893158657431,NotPlaced,1.3540388776493464,0,1
-0.3744486375843349,-1.5104101963200112,0.09326023857568026,0.09119891761650768,-0.4291984069278497,-0.4341671428491004,Placed,-0.41425758145268365,1,0
1.3712734980681531,1.611519271292134,1.2717988986409308,1.2142535652005348,0.5993680677897048,1.3034518993516808,Placed,1.8845278153799556,1,1
-1.8027667485727352,0.050554537486061424,0.09326023857568026,0.09119891761650768,-1.0720524536263212,-0.9306297263350372,NotPlaced,0.11623135627792522,0,1
1.529975510400197,1.611519271292134,1.2717988986409308,1.2142535652005348,1.4993637331675649,0.06229544063683744,Placed,1.8845278153799556,1,1
1.2125714857361094,-1.5104101963200112,0.09326023857568026,0.09119891761650768,1.113651305148482,0.31052673237980744,Placed,-0.41425758145268365,1,0
-1.6440647362406915,0.050554537486061424,0.09326023857568026,0.09119891761650768,0.2136556397706218,-0.4341671428491004,NotPlaced,0.11623135627792522,0,1
-1.8027667485727352,-1.5104101963200112,1.2717988986409308,-1.0318557299675197,-0.8149108349469326,-0.18593585110613037,NotPlaced,-0.2374279355424807,0,0
-0.691852662248424,0.050554537486061424,-1.0852784214895703,-1.0318557299675197,-2.3577605470232643,-2.6682487685358174,NotPlaced,-1.121576165093496,0,1
-0.8505546745804693,0.050554537486061424,0.09326023857568026,-1.0318557299675197,1.3707929238278704,1.0552206076087132,NotPlaced,-0.41425758145268365,0,1
0.8951674610720188,1.611519271292134,0.09326023857568026,1.2142535652005348,0.34222644911031613,1.3034518993516808,Placed,1.177209231739143,1,1
0.736465448739975,0.050554537486061424,0.09326023857568026,-1.0318557299675197,0.9850804958087876,1.3034518993516808,NotPlaced,-0.41425758145268365,0,1
-1.3266607115766023,0.050554537486061424,0.09326023857568026,0.09119891761650768,-0.4291984069278497,-0.6823984345920682,NotPlaced,0.11623135627792522,0,1
0.260359411743842,1.611519271292134,1.2717988986409308,1.2142535652005348,0.727938877129399,-0.4341671428491004,Placed,1.8845278153799556,1,1
1.2125714857361094,1.611519271292134,1.2717988986409308,1.2142535652005348,1.4993637331675649,0.8069893158657431,Placed,1.8845278153799556,1,1
-0.691852662248424,0.050554537486061424,0.09326023857568026,-1.0318557299675197,-0.557769216267544,-0.4341671428491004,NotPlaced,-0.41425758145268365,0,1
0.4190614240758872,-1.5104101963200112,1.2717988986409308,1.2142535652005348,1.4993637331675649,0.31052673237980744,Placed,0.8235499399187379,1,0
-0.21574662525229105,0.050554537486061424,-1.0852784214895703,0.09119891761650768,-0.3006275975881554,-0.9306297263350372,NotPlaced,-0.5910872273628871,0,1
-1.8027667485727352,0.050554537486061424,0.09326023857568026,-1.0318557299675197,-1.7149065003247927,-0.6823984345920682,NotPlaced,-0.41425758145268365,0,1
0.8951674610720188,0.050554537486061424,0.09326023857568026,2.337308212784562,0.5993680677897048,0.31052673237980744,Placed,1.177209231739143,1,1
1.2125714857361094,0.050554537486061424,1.2717988986409308,-1.0318557299675197,0.34222644911031613,1.0552206076087132,NotPlaced,0.2930610021881282,0,1
-1.8027667485727352,0.050554537486061424,0.09326023857568026,-1.0318557299675197,0.727938877129399,0.8069893158657431,NotPlaced,-0.41425758145268365,0,1
1.688677522732241,1.611519271292134,1.2717988986409308,2.337308212784562,1.4993637331675649,1.3034518993516808,Placed,2.4150167531105646,1,1
-0.3744486375843349,1.611519271292134,1.2717988986409308,0.09119891761650768,-0.0434859789087668,1.0552206076087132,NotPlaced,1.3540388776493464,0,1
1.2125714857361094,1.611519271292134,1.2717988986409308,-1.0318557299675197,1.3707929238278704,0.8069893158657431,Placed,0.8235499399187379,1,1
1.529975510400197,0.050554537486061424,-1.0852784214895703,0.09119891761650768,1.2422221144881762,-0.6823984345920682,Placed,-0.5910872273628871,1,1
1.529975510400197,1.611519271292134,1.2717988986409308,1.2142535652005348,1.2422221144881762,1.3034518993516808,Placed,1.8845278153799556,1,1
-0.21574662525229105,-1.5104101963200112,0.09326023857568026,0.09119891761650768,-0.557769216267544,0.5587580241227753,Placed,-0.41425758145268365,1,0
0.8951674610720188,0.050554537486061424,1.2717988986409308,1.2142535652005348,1.4993637331675649,1.3034518993516808,Placed,1.3540388776493464,1,1
0.260359411743842,0.050554537486061424,1.2717988986409308,0.09119891761650768,0.0850848304309275,-1.4270923098209738,NotPlaced,0.8235499399187379,0,1
0.10165739941179809,-1.5104101963200112,0.09326023857568026,-1.0318557299675197,1.4993637331675649,0.5587580241227753,Placed,-0.944746519183293,1,0
1.0538694734040654,0.050554537486061424,-1.0852784214895703,2.337308212784562,-0.3006275975881554,-0.18593585110613037,NotPlaced,0.46989064809833114,0,1
-0.21574662525229105,0.050554537486061424,1.2717988986409308,1.2142535652005348,1.2422221144881762,0.5587580241227753,Placed,1.3540388776493464,1,1
-0.057044612920247185,-1.5104101963200112,0.09326023857568026,-1.0318557299675197,-0.557769216267544,-0.6823984345920682,Placed,-0.944746519183293,1,0
0.736465448739975,0.050554537486061424,-1.0852784214895703,0.09119891761650768,0.0850848304309275,-2.1717861850498807,NotPlaced,-0.5910872273628871,0,1
-1.6440647362406915,-1.5104101963200112,1.2717988986409308,0.09119891761650768,1.4993637331675649,0.31052673237980744,NotPlaced,0.2930610021881282,0,0
-0.057044612920247185,0.050554537486061424,0.09326023857568026,-1.0318557299675197,1.3707929238278704,0.5587580241227753,NotPlaced,-0.41425758145268365,0,1
-0.3744486375843349,0.050554537486061424,-1.0852784214895703,-1.0318557299675197,-0.0434859789087668,-0.9306297263350372,NotPlaced,-1.121576165093496,0,1
-1.0092566869125132,0.050554537486061424,0.09326023857568026,0.09119891761650768,-0.0434859789087668,1.3034518993516808,NotPlaced,0.11623135627792522,0,1
0.260359411743842,0.050554537486061424,-1.0852784214895703,0.09119891761650768,-0.8149108349469326,0.8069893158657431,NotPlaced,-0.5910872273628871,0,1
0.4190614240758872,0.050554537486061424,1.2717988986409308,2.337308212784562,0.34222644911031613,0.5587580241227753,Placed,1.8845278153799556,1,1
0.10165739941179809,0.050554537486061424,0.09326023857568026,-1.0318557299675197,-1.9720481190041814,0.06229544063683744,NotPlaced,-0.41425758145268365,0,1
0.4190614240758872,1.611519271292134,-1.0852784214895703,2.337308212784562,-1.0720524536263212,-0.6823984345920682,Placed,1.00037958582894,1,1
-0.5331506499163802,0.050554537486061424,0.09326023857568026,0.09119891761650768,-1.0720524536263212,-0.6823984345920682,NotPlaced,0.11623135627792522,0,1
-0.691852662248424,0.050554537486061424,-1.0852784214895703,0.09119891761650768,0.5993680677897048,0.31052673237980744,NotPlaced,-0.5910872273628871,0,1
0.4190614240758872,0.050554537486061424,1.2717988986409308,1.2142535652005348,0.4707972584500104,0.31052673237980744,NotPlaced,1.3540388776493464,0,1
0.10165739941179809,0.050554537486061424,0.09326023857568026,-1.0318557299675197,-0.4291984069278497,0.31052673237980744,NotPlaced,-0.41425758145268365,0,1
-0.5331506499163802,0.050554537486061424,-1.0852784214895703,-1.0318557299675197,-2.22918973768357,-2.4200174767928493,NotPlaced,-1.121576165093496,0,1
0.8951674610720188,-1.5104101963200112,1.2717988986409308,1.2142535652005348,0.9850804958087876,-0.9306297263350372,NotPlaced,0.8235499399187379,0,0
-0.21574662525229105,0.050554537486061424,-1.0852784214895703,0.09119891761650768,-1.0720524536263212,0.8069893158657431,NotPlaced,-0.5910872273628871,0,1
0.260359411743842,0.050554537486061424,0.09326023857568026,-1.0318557299675197,0.4707972584500104,1.0552206076087132,NotPlaced,-0.41425758145268365,0,1
-1.8027667485727352,-1.5104101963200112,0.09326023857568026,0.09119891761650768,0.0850848304309275,0.06229544063683744,NotPlaced,-0.41425758145268365,0,0
0.8951674610720188,0.050554537486061424,1.2717988986409308,-1.0318557299675197,0.9850804958087876,1.3034518993516808,Placed,0.2930610021881282,1,1
-0.5331506499163802,0.050554537486061424,-1.0852784214895703,-1.0318557299675197,-0.557769216267544,0.06229544063683744,NotPlaced,-1.121576165093496,0,1
0.260359411743842,1.611519271292134,1.2717988986409308,1.2142535652005348,0.727938877129399,1.0552206076087132,Placed,1.8845278153799556,1,1
-0.3744486375843349,0.050554537486061424,-1.0852784214895703,-1.0318557299675197,-2.3577605470232643,-1.1788610180780061,NotPlaced,-1.121576165093496,0,1
0.260359411743842,-1.5104101963200112,-1.0852784214895703,-1.0318557299675197,-0.6863400256072383,-0.6823984345920682,NotPlaced,-1.6520651028241051,0,0
-1.8027667485727352,0.050554537486061424,-1.0852784214895703,1.2142535652005348,0.34222644911031613,-1.1788610180780061,NotPlaced,-0.060598289632277744,0,1
-1.4853627239086462,-1.5104101963200112,-1.0852784214895703,-1.0318557299675197,-0.1720567882484611,-0.4341671428491004,NotPlaced,-1.6520651028241051,0,0
0.8951674610720188,1.611519271292134,1.2717988986409308,1.2142535652005348,0.9850804958087876,1.0552206076087132,Placed,1.8845278153799556,1,1
0.10165739941179809,-1.5104101963200112,-1.0852784214895703,0.09119891761650768,-1.457764881645404,1.3034518993516808,NotPlaced,-1.121576165093496,0,0
1.0538694734040654,0.050554537486061424,1.2717988986409308,-1.0318557299675197,-0.4291984069278497,-0.9306297263350372,Placed,0.2930610021881282,1,1
-0.057044612920247185,-1.5104101963200112,-1.0852784214895703,-1.0318557299675197,-0.943481644286627,-0.9306297263350372,NotPlaced,-1.6520651028241051,0,0
-0.057044612920247185,0.050554537486061424,-1.0852784214895703,-1.0318557299675197,-1.2006232629660154,-2.1717861850498807,NotPlaced,-1.121576165093496,0,1
0.8951674610720188,1.611519271292134,1.2717988986409308,1.2142535652005348,1.4993637331675649,1.0552206076087132,Placed,1.8845278153799556,1,1
0.736465448739975,1.611519271292134,-1.0852784214895703,0.09119891761650768,1.113651305148482,-1.1788610180780061,NotPlaced,-0.06059828963227817,0,1
-0.057044612920247185,0.050554537486061424,-1.0852784214895703,0.09119891761650768,-2.3577605470232643,0.31052673237980744,NotPlaced,-0.5910872273628871,0,1
-0.5331506499163802,-1.5104101963200112,-1.0852784214895703,0.09119891761650768,-1.0720524536263212,-1.9235548933069118,NotPlaced,-1.121576165093496,0,0
0.4190614240758872,0.050554537486061424,1.2717988986409308,-1.0318557299675197,0.5993680677897048,0.8069893158657431,Placed,0.2930610021881282,1,1
1.529975510400197,0.050554537486061424,0.09326023857568026,-1.0318557299675197,-0.1720567882484611,1.0552206076087132,Placed,-0.41425758145268365,1,1
-0.3744486375843349,0.050554537486061424,-1.0852784214895703,-1.0318557299675197,0.4707972584500104,-1.1788610180780061,Placed,-1.121576165093496,1,1
0.10165739941179809,0.050554537486061424,0.09326023857568026,0.09119891761650768,-0.3006275975881554,1.3034518993516808,NotPlaced,0.11623135627792522,0,1
0.10165739941179809,0.050554537486061424,1.2717988986409308,1.2142535652005348,-0.3006275975881554,1.3034518993516808,Placed,1.3540388776493464,1,1
-1.8027667485727352,0.050554537486061424,-1.0852784214895703,-1.0318557299675197,-1.2006232629660154,-0.6823984345920682,NotPlaced,-1.121576165093496,0,1
-1.8027667485727352,-1.5104101963200112,-1.0852784214895703,0.09119891761650768,-1.7149065003247927,-0.18593585110613037,NotPlaced,-1.121576165093496,0,0
1.3712734980681531,-1.5104101963200112,0.09326023857568026,-1.0318557299675197,0.0850848304309275,0.5587580241227753,NotPlaced,-0.944746519183293,0,0
-1.0092566869125132,-1.5104101963200112,1.2717988986409308,-1.0318557299675197,-0.4291984069278497,-0.9306297263350372,Placed,-0.2374279355424807,1,0
1.0538694734040654,0.050554537486061424,1.2717988986409308,1.2142535652005348,1.113651305148482,1.3034518993516808,Placed,1.3540388776493464,1,1
0.736465448739975,1.611519271292134,1.2717988986409308,1.2142535652005348,1.3707929238278704,1.3034518993516808,Placed,1.8845278153799556,1,1
-1.167958699244557,0.050554537486061424,-1.0852784214895703,0.09119891761650768,-0.557769216267544,0.31052673237980744,NotPlaced,-0.5910872273628871,0,1
0.10165739941179809,1.611519271292134,0.09326023857568026,0.09119891761650768,-0.557769216267544,-0.4341671428491004,NotPlaced,0.6467202940085345,0,1
-1.4853627239086462,0.050554537486061424,-1.0852784214895703,-1.0318557299675197,0.0850848304309275,-0.4341671428491004,NotPlaced,-1.121576165093496,0,1
-1.4853627239086462,0.050554537486061424,1.2717988986409308,-1.0318557299675197,1.113651305148482,0.31052673237980744,NotPlaced,0.2930610021881282,0,1
1.529975510400197,1.611519271292134,1.2717988986409308,1.2142535652005348,1.3707929238278704,1.0552206076087132,Placed,1.8845278153799556,1,1
-1.8027667485727352,0.050554537486061424,-1.0852784214895703,-1.0318557299675197,0.9850804958087876,-0.18593585110613037,NotPlaced,-1.121576165093496,0,1
0.577763436407931,0.050554537486061424,-1.0852784214895703,0.09119891761650768,-1.0720524536263212,-0.6823984345920682,NotPlaced,-0.5910872273628871,0,1
1.3712734980681531,0.050554537486061424,1.2717988986409308,-1.0318557299675197,0.8565096864690933,1.3034518993516808,Placed,0.2930610021881282,1,1
0.736465448739975,0.050554537486061424,-1.0852784214895703,0.09119891761650768,-1.457764881645404,-1.1788610180780061,NotPlaced,-0.5910872273628871,0,1
-0.057044612920247185,-1.5104101963200112,-1.0852784214895703,0.09119891761650768,0.2136556397706218,-0.9306297263350372,NotPlaced,-1.121576165093496,0,0
-0.057044612920247185,0.050554537486061424,1.2717988986409308,-1.0318557299675197,-0.4291984069278497,-0.18593585110613037,Placed,0.2930610021881282,1,1
-0.21574662525229105,-1.5104101963200112,-1.0852784214895703,-1.0318557299675197,-1.843477309664487,-1.4270923098209738,Placed,-1.6520651028241051,1,0
-0.21574662525229105,0.050554537486061424,0.09326023857568026,-1.0318557299675197,-1.7149065003247927,0.31052673237980744,NotPlaced,-0.41425758145268365,0,1
1.0538694734040654,0.050554537486061424,-1.0852784214895703,-1.0318557299675197,-1.0720524536263212,0.8069893158657431,NotPlaced,-1.121576165093496,0,1
-0.3744486375843349,0.050554537486061424,0.09326023857568026,0.09119891761650768,-1.9720481190041814,-0.9306297263350372,NotPlaced,0.11623135627792522,0,1
1.3712734980681531,0.050554537486061424,1.2717988986409308,1.2142535652005348,0.5993680677897048,0.31052673237980744,Placed,1.3540388776493464,1,1
-0.8505546745804693,0.050554537486061424,-1.0852784214895703,0.09119891761650768,-0.8149108349469326,-0.9306297263350372,NotPlaced,-0.5910872273628871,0,1
1.0538694734040654,0.050554537486061424,1.2717988986409308,-1.0318557299675197,1.2422221144881762,1.3034518993516808,Placed,0.2930610021881282,1,1
-0.3744486375843349,0.050554537486061424,0.09326023857568026,1.2142535652005348,-1.5863356909850983,0.31052673237980744,NotPlaced,0.6467202940085341,0,1
-0.21574662525229105,0.050554537486061424,-1.0852784214895703,-1.0318557299675197,-0.0434859789087668,-1.1788610180780061,NotPlaced,-1.121576165093496,0,1
-0.057044612920247185,0.050554537486061424,-1.0852784214895703,-1.0318557299675197,-1.9720481190041814,0.06229544063683744,NotPlaced,-1.121576165093496,0,1
-0.3744486375843349,1.611519271292134,0.09326023857568026,0.09119891761650768,-0.557769216267544,-1.1788610180780061,NotPlaced,0.6467202940085345,0,1
-0.057044612920247185,0.050554537486061424,-1.0852784214895703,-1.0318557299675197,-0.0434859789087668,-0.18593585110613037,NotPlaced,-1.121576165093496,0,1
0.8951674610720188,0.050554537486061424,-1.0852784214895703,-1.0318557299675197,0.34222644911031613,0.06229544063683744,Placed,-1.121576165093496,1,1
-0.057044612920247185,0.050554537486061424,0.09326023857568026,1.2142535652005348,0.4707972584500104,1.3034518993516808,NotPlaced,0.6467202940085341,0,1
0.10165739941179809,0.050554537486061424,-1.0852784214895703,-1.0318557299675197,-0.557769216267544,0.06229544063683744,NotPlaced,-1.121576165093496,0,1
0.8951674610720188,-1.5104101963200112,1.2717988986409308,1.2142535652005348,1.4993637331675649,1.0552206076087132,Placed,0.8235499399187379,1,0
-1.6440647362406915,0.050554537486061424,0.09326023857568026,-1.0318557299675197,0.5993680677897048,-0.6823984345920682,NotPlaced,-0.41425758145268365,0,1
-1.8027667485727352,0.050554537486061424,0.09326023857568026,-1.0318557299675197,-0.3006275975881554,0.5587580241227753,NotPlaced,-0.41425758145268365,0,1
-0.057044612920247185,-1.5104101963200112,0.09326023857568026,-1.0318557299675197,0.8565096864690933,-0.18593585110613037,Placed,-0.944746519183293,1,0
0.736465448739975,0.050554537486061424,-1.0852784214895703,-1.0318557299675197,0.34222644911031613,-1.9235548933069118,NotPlaced,-1.121576165093496,0,1
-0.057044612920247185,1.611519271292134,0.09326023857568026,-1.0318557299675197,-0.1720567882484611,0.5587580241227753,NotPlaced,0.11623135627792522,0,1
0.10165739941179809,0.050554537486061424,0.09326023857568026,0.09119891761650768,-0.3006275975881554,-1.1788610180780061,NotPlaced,0.11623135627792522,0,1
-0.21574662525229105,-1.5104101963200112,0.09326023857568026,-1.0318557299675197,-0.557769216267544,-0.6823984345920682,NotPlaced,-0.944746519183293,0,0
-0.3744486375843349,0.050554537486061424,-1.0852784214895703,-1.0318557299675197,-2.3577605470232643,-0.18593585110613037,NotPlaced,-1.121576165093496,0,1
1.0538694734040654,0.050554537486061424,1.2717988986409308,0.09119891761650768,1.4993637331675649,1.3034518993516808,Placed,0.8235499399187379,1,1
-0.21574662525229105,0.050554537486061424,0.09326023857568026,-1.0318557299675197,0.727938877129399,0.5587580241227753,NotPlaced,-0.41425758145268365,0,1
-0.5331506499163802,0.050554537486061424,0.09326023857568026,-1.0318557299675197,-0.1720567882484611,-0.9306297263350372,NotPlaced,-0.41425758145268365,0,1
0.10165739941179809,0.050554537486061424,1.2717988986409308,0.09119891761650768,1.3707929238278704,0.8069893158657431,Placed,0.8235499399187379,1,1
-0.21574662525229105,0.050554537486061424,0.09326023857568026,0.09119891761650768,0.4707972584500104,0.5587580241227753,NotPlaced,0.11623135627792522,0,1
-0.3744486375843349,0.050554537486061424,0.09326023857568026,0.09119891761650768,-0.943481644286627,1.3034518993516808,NotPlaced,0.11623135627792522,0,1
-1.4853627239086462,0.050554537486061424,-1.0852784214895703,-1.0318557299675197,-0.943481644286627,-0.9306297263350372,NotPlaced,-1.121576165093496,0,1
1.2125714857361094,1.611519271292134,1.2717988986409308,-1.0318557299675197,1.4993637331675649,1.0552206076087132,Placed,0.8235499399187379,1,1
0.10165739941179809,0.050554537486061424,1.2717988986409308,1.2142535652005348,-0.557769216267544,0.5587580241227753,NotPlaced,1.3540388776493464,0,1
-1.8027667485727352,-1.5104101963200112,-1.0852784214895703,1.2142535652005348,-1.9720481190041814,-0.9306297263350372,NotPlaced,-0.5910872273628871,0,0
-1.3266607115766023,0.050554537486061424,-1.0852784214895703,-1.0318557299675197,0.4707972584500104,-0.9306297263350372,NotPlaced,-1.121576165093496,0,1
-0.3744486375843349,0.050554537486061424,0.09326023857568026,-1.0318557299675197,0.2136556397706218,1.0552206076087132,NotPlaced,-0.41425758145268365,0,1
1.529975510400197,0.050554537486061424,0.09326023857568026,1.2142535652005348,1.2422221144881762,0.06229544063683744,Placed,0.6467202940085341,1,1
0.4190614240758872,0.050554537486061424,0.09326023857568026,-1.0318557299675197,1.4993637331675649,-0.4341671428491004,Placed,-0.41425758145268365,1,1
0.736465448739975,0.050554537486061424,1.2717988986409308,-1.0318557299675197,1.2422221144881762,-0.6823984345920682,Placed,0.2930610021881282,1,1
-0.21574662525229105,0.050554537486061424,1.2717988986409308,0.09119891761650768,1.4993637331675649,1.3034518993516808,Placed,0.8235499399187379,1,1
-1.4853627239086462,1.611519271292134,-1.0852784214895703,1.2142535652005348,-0.3006275975881554,1.3034518993516808,NotPlaced,0.46989064809833114,0,1
0.577763436407931,0.050554537486061424,1.2717988986409308,1.2142535652005348,1.113651305148482,1.3034518993516808,NotPlaced,1.3540388776493464,0,1
-0.21574662525229105,0.050554537486061424,-1.0852784214895703,-1.0318557299675197,-0.943481644286627,-1.6753236015639428,Placed,-1.121576165093496,1,1
-1.8027667485727352,0.050554537486061424,1.2717988986409308,0.09119891761650768,-0.6863400256072383,-0.18593585110613037,NotPlaced,0.8235499399187379,0,1
0.736465448739975,1.611519271292134,1.2717988986409308,-1.0318557299675197,0.5993680677897048,-1.1788610180780061,Placed,0.8235499399187379,1,1
0.260359411743842,-1.5104101963200112,-1.0852784214895703,-1.0318557299675197,-0.943481644286627,-1.1788610180780061,NotPlaced,-1.6520651028241051,0,0
-0.057044612920247185,1.611519271292134,1.2717988986409308,-1.0318557299675197,1.4993637331675649,1.3034518993516808,NotPlaced,0.8235499399187379,0,1
-0.057044612920247185,0.050554537486061424,1.2717988986409308,1.2142535652005348,-0.8149108349469326,-0.18593585110613037,NotPlaced,1.3540388776493464,0,1
0.4190614240758872,0.050554537486061424,1.2717988986409308,0.09119891761650768,0.2136556397706218,-0.18593585110613037,Placed,0.8235499399187379,1,1
1.2125714857361094,1.611519271292134,1.2717988986409308,1.2142535652005348,0.2136556397706218,0.5587580241227753,Placed,1.8845278153799556,1,1
0.4190614240758872,0.050554537486061424,0.09326023857568026,0.09119891761650768,-0.1720567882484611,-0.18593585110613037,Placed,0.11623135627792522,1,1
-0.057044612920247185,0.050554537486061424,-1.0852784214895703,0.09119891761650768,-0.8149108349469326,-2.4200174767928493,NotPlaced,-0.5910872273628871,0,1
1.0538694734040654,-1.5104101963200112,1.2717988986409308,0.09119891761650768,-0.943481644286627,-2.1717861850498807,NotPlaced,0.2930610021881282,0,0
1.2125714857361094,0.050554537486061424,1.2717988986409308,-1.0318557299675197,0.2136556397706218,1.0552206076087132,Placed,0.2930610021881282,1,1
-0.8505546745804693,0.050554537486061424,-1.0852784214895703,0.09119891761650768,-0.8149108349469326,-2.6682487685358174,NotPlaced,-0.5910872273628871,0,1
-0.21574662525229105,0.050554537486061424,0.09326023857568026,1.2142535652005348,-0.8149108349469326,-0.9306297263350372,NotPlaced,0.6467202940085341,0,1
0.736465448739975,0.050554537486061424,-1.0852784214895703,0.09119891761650768,-0.557769216267544,0.5587580241227753,NotPlaced,-0.5910872273628871,0,1
1.0538694734040654,-1.5104101963200112,1.2717988986409308,1.2142535652005348,0.34222644911031613,0.8069893158657431,Placed,0.8235499399187379,1,0
-0.21574662525229105,0.050554537486061424,0.09326023857568026,0.09119891761650768,0.0850848304309275,0.5587580241227753,NotPlaced,0.11623135627792522,0,1
-0.21574662525229105,0.050554537486061424,1.2717988986409308,0.09119891761650768,0.0850848304309275,-1.1788610180780061,NotPlaced,0.8235499399187379,0,1
-0.3744486375843349,1.611519271292134,0.09326023857568026,-1.0318557299675197,-1.5863356909850983,-0.18593585110613037,NotPlaced,0.11623135627792522,0,1
0.10165739941179809,-1.5104101963200112,-1.0852784214895703,-1.0318557299675197,-0.943481644286627,-1.9235548933069118,NotPlaced,-1.6520651028241051,0,0
0.260359411743842,0.050554537486061424,-1.0852784214895703,-1.0318557299675197,-0.6863400256072383,-0.9306297263350372,Placed,-1.121576165093496,1,1
1.2125714857361094,1.611519271292134,1.2717988986409308,1.2142535652005348,0.727938877129399,1.0552206076087132,Placed,1.8845278153799556,1,1
0.10165739941179809,0.050554537486061424,-1.0852784214895703,0.09119891761650768,0.2136556397706218,-0.4341671428491004,NotPlaced,-0.5910872273628871,0,1
-0.3744486375843349,0.050554537486061424,-1.0852784214895703,-1.0318557299675197,-0.4291984069278497,0.5587580241227753,Placed,-1.121576165093496,1,1
-0.3744486375843349,0.050554537486061424,-1.0852784214895703,0.09119891761650768,0.2136556397706218,0.06229544063683744,NotPlaced,-0.5910872273628871,0,1
-0.3744486375843349,0.050554537486061424,0.09326023857568026,-1.0318557299675197,-1.5863356909850983,1.0552206076087132,NotPlaced,-0.41425758145268365,0,1
0.736465448739975,1.611519271292134,0.09326023857568026,0.09119891761650768,0.9850804958087876,0.31052673237980744,Placed,0.6467202940085345,1,1
-0.3744486375843349,0.050554537486061424,0.09326023857568026,0.09119891761650768,-0.4291984069278497,-0.6823984345920682,NotPlaced,0.11623135627792522,0,1
0.4190614240758872,0.050554537486061424,-1.0852784214895703,-1.0318557299675197,-0.557769216267544,0.5587580241227753,Placed,-1.121576165093496,1,1
1.2125714857361094,0.050554537486061424,0.09326023857568026,0.09119891761650768,0.0850848304309275,-1.1788610180780061,Placed,0.11623135627792522,1,1
-0.691852662248424,0.050554537486061424,1.2717988986409308,0.09119891761650768,-0.943481644286627,0.31052673237980744,NotPlaced,0.8235499399187379,0,1
-0.3744486375843349,0.050554537486061424,1.2717988986409308,-1.0318557299675197,1.113651305148482,1.3034518993516808,Placed,0.2930610021881282,1,1
-0.057044612920247185,-1.5104101963200112,-1.0852784214895703,-1.0318557299675197,0.9850804958087876,-0.18593585110613037,NotPlaced,-1.6520651028241051,0,0
1.3712734980681531,1.611519271292134,1.2717988986409308,1.2142535652005348,1.113651305148482,1.3034518993516808,Placed,1.8845278153799556,1,1
-0.057044612920247185,0.050554537486061424,0.09326023857568026,0.09119891761650768,-1.3291940723057099,0.5587580241227753,NotPlaced,0.11623135627792522,0,1
0.10165739941179809,0.050554537486061424,1.2717988986409308,-1.0318557299675197,0.4707972584500104,-0.18593585110613037,Placed,0.2930610021881282,1,1
0.10165739941179809,0.050554537486061424,-1.0852784214895703,-1.0318557299675197,-0.3006275975881554,-1.1788610180780061,NotPlaced,-1.121576165093496,0,1
1.0538694734040654,1.611519271292134,1.2717988986409308,1.2142535652005348,1.3707929238278704,1.0552206076087132,Placed,1.8845278153799556,1,1
-0.3744486375843349,0.050554537486061424,0.09326023857568026,1.2142535652005348,-0.0434859789087668,0.5587580241227753,NotPlaced,0.6467202940085341,0,1
-0.691852662248424,0.050554537486061424,-1.0852784214895703,0.09119891761650768,0.0850848304309275,0.06229544063683744,NotPlaced,-0.5910872273628871,0,1
-1.4853627239086462,1.611519271292134,0.09326023857568026,1.2142535652005348,-0.0434859789087668,0.5587580241227753,NotPlaced,1.177209231739143,0,1
-1.4853627239086462,0.050554537486061424,0.09326023857568026,1.2142535652005348,0.5993680677897048,1.3034518993516808,Placed,0.6467202940085341,1,1
0.260359411743842,-1.5104101963200112,0.09326023857568026,-1.0318557299675197,0.5993680677897048,1.3034518993516808,NotPlaced,-0.944746519183293,0,0
-1.4853627239086462,0.050554537486061424,-1.0852784214895703,0.09119891761650768,-0.8149108349469326,-0.18593585110613037,NotPlaced,-0.5910872273628871,0,1
0.260359411743842,1.611519271292134,1.2717988986409308,0.09119891761650768,-0.6863400256072383,0.06229544063683744,Placed,1.3540388776493464,1,1
-1.0092566869125132,-1.5104101963200112,0.09326023857568026,0.09119891761650768,-1.457764881645404,-1.1788610180780061,NotPlaced,-0.41425758145268365,0,0
1.8473795350642876,1.611519271292134,1.2717988986409308,2.337308212784562,1.4993637331675649,1.3034518993516808,Placed,2.4150167531105646,1,1
0.260359411743842,1.611519271292134,1.2717988986409308,1.2142535652005348,1.113651305148482,0.5587580241227753,Placed,1.8845278153799556,1,1
-0.21574662525229105,0.050554537486061424,0.09326023857568026,0.09119891761650768,0.727938877129399,0.31052673237980744,NotPlaced,0.11623135627792522,0,1
-1.6440647362406915,0.050554537486061424,-1.0852784214895703,0.09119891761650768,-0.4291984069278497,-1.6753236015639428,Placed,-0.5910872273628871,1,1
1.2125714857361094,1.611519271292134,1.2717988986409308,1.2142535652005348,1.113651305148482,1.0552206076087132,Placed,1.8845278153799556,1,1
1.2125714857361094,0.050554537486061424,-1.0852784214895703,-1.0318557299675197,-0.4291984069278497,1.3034518993516808,NotPlaced,-1.121576165093496,0,1
0.260359411743842,0.050554537486061424,0.09326023857568026,0.09119891761650768,0.34222644911031613,0.8069893158657431,NotPlaced,0.11623135627792522,0,1
-1.0092566869125132,0.050554537486061424,0.09326023857568026,-1.0318557299675197,0.34222644911031613,0.5587580241227753,NotPlaced,-0.41425758145268365,0,1
-0.691852662248424,0.050554537486061424,-1.0852784214895703,0.09119891761650768,-1.457764881645404,-1.1788610180780061,NotPlaced,-0.5910872273628871,0,1
0.736465448739975,-1.5104101963200112,-1.0852784214895703,1.2142535652005348,-0.1720567882484611,0.8069893158657431,Placed,-0.5910872273628871,1,0
1.0538694734040654,1.611519271292134,1.2717988986409308,0.09119891761650768,0.5993680677897048,-0.4341671428491004,NotPlaced,1.3540388776493464,0,1
-1.3266607115766023,0.050554537486061424,0.09326023857568026,0.09119891761650768,-0.3006275975881554,-1.1788610180780061,NotPlaced,0.11623135627792522,0,1
-0.3744486375843349,0.050554537486061424,-1.0852784214895703,1.2142535652005348,0.34222644911031613,0.8069893158657431,Placed,-0.060598289632277744,1,1
0.260359411743842,1.611519271292134,0.09326023857568026,1.2142535652005348,0.2136556397706218,0.8069893158657431,Placed,1.177209231739143,1,1
-1.8027667485727352,-1.5104101963200112,0.09326023857568026,0.09119891761650768,-1.2006232629660154,-1.1788610180780061,NotPlaced,-0.41425758145268365,0,0
0.736465448739975,0.050554537486061424,0.09326023857568026,1.2142535652005348,0.5993680677897048,0.31052673237980744,Placed,0.6467202940085341,1,1
-1.8027667485727352,0.050554537486061424,1.2717988986409308,-1.0318557299675197,-0.557769216267544,-0.6823984345920682,Placed,0.2930610021881282,1,1
0.260359411743842,0.050554537486061424,0.09326023857568026,-1.0318557299675197,-0.3006275975881554,-0.6823984345920682,NotPlaced,-0.41425758145268365,0,1
0.4190614240758872,1.611519271292134,1.2717988986409308,1.2142535652005348,1.4993637331675649,1.3034518993516808,Placed,1.8845278153799556,1,1
-1.0092566869125132,0.050554537486061424,-1.0852784214895703,0.09119891761650768,-2.1006189283438754,-2.1717861850498807,NotPlaced,-0.5910872273628871,0,1
-0.057044612920247185,0.050554537486061424,-1.0852784214895703,-1.0318557299675197,-0.3006275975881554,-0.6823984345920682,Placed,-1.121576165093496,1,1
-0.057044612920247185,-1.5104101963200112,1.2717988986409308,1.2142535652005348,1.113651305148482,1.0552206076087132,Placed,0.8235499399187379,1,0
0.260359411743842,0.050554537486061424,0.09326023857568026,-1.0318557299675197,-0.1720567882484611,-0.18593585110613037,Placed,-0.41425758145268365,1,1
-0.3744486375843349,0.050554537486061424,-1.0852784214895703,0.09119891761650768,-0.943481644286627,-2.4200174767928493,NotPlaced,-0.5910872273628871,0,1
-0.057044612920247185,0.050554537486061424,-1.0852784214895703,-1.0318557299675197,-0.557769216267544,0.8069893158657431,NotPlaced,-1.121576165093496,0,1
0.8951674610720188,0.050554537486061424,0.09326023857568026,-1.0318557299675197,0.4707972584500104,-0.9306297263350372,NotPlaced,-0.41425758145268365,0,1
-0.3744486375843349,0.050554537486061424,-1.0852784214895703,-1.0318557299675197,0.4707972584500104,0.5587580241227753,NotPlaced,-1.121576165093496,0,1
-0.21574662525229105,0.050554537486061424,0.09326023857568026,-1.0318557299675197,0.4707972584500104,0.31052673237980744,Placed,-0.41425758145268365,1,1
1.0538694734040654,0.050554537486061424,0.09326023857568026,0.09119891761650768,-0.0434859789087668,1.0552206076087132,NotPlaced,0.11623135627792522,0,1
-1.4853627239086462,0.050554537486061424,0.09326023857568026,0.09119891761650768,-0.1720567882484611,0.5587580241227753,NotPlaced,0.11623135627792522,0,1
0.736465448739975,1.611519271292134,1.2717988986409308,1.2142535652005348,1.4993637331675649,0.8069893158657431,Placed,1.8845278153799556,1,1
1.0538694734040654,1.611519271292134,1.2717988986409308,1.2142535652005348,0.0850848304309275,0.31052673237980744,Placed,1.8845278153799556,1,1
-0.5331506499163802,-1.5104101963200112,-1.0852784214895703,-1.0318557299675197,-0.4291984069278497,-2.1717861850498807,NotPlaced,-1.6520651028241051,0,0
1.3712734980681531,0.050554537486061424,1.2717988986409308,-1.0318557299675197,0.0850848304309275,0.5587580241227753,NotPlaced,0.2930610021881282,0,1
1.8473795350642876,0.050554537486061424,1.2717988986409308,-1.0318557299675197,0.9850804958087876,0.31052673237980744,NotPlaced,0.2930610021881282,0,1
-1.8027667485727352,0.050554537486061424,1.2717988986409308,-1.0318557299675197,0.5993680677897048,1.3034518993516808,NotPlaced,0.2930610021881282,0,1
1.8473795350642876,1.611519271292134,1.2717988986409308,1.2142535652005348,1.4993637331675649,1.0552206076087132,Placed,1.8845278153799556,1,1
1.2125714857361094,1.611519271292134,0.09326023857568026,1.2142535652005348,-0.6863400256072383,1.3034518993516808,Placed,1.177209231739143,1,1
1.0538694734040654,1.611519271292134,1.2717988986409308,1.2142535652005348,0.9850804958087876,0.8069893158657431,Placed,1.8845278153799556,1,1
-0.8505546745804693,0.050554537486061424,-1.0852784214895703,0.09119891761650768,1.113651305148482,-0.18593585110613037,NotPlaced,-0.5910872273628871,0,1
1.0538694734040654,-1.5104101963200112,0.09326023857568026,1.2142535652005348,-0.8149108349469326,-0.6823984345920682,NotPlaced,0.11623135627792522,0,0
1.0538694734040654,0.050554537486061424,1.2717988986409308,-1.0318557299675197,-0.4291984069278497,0.8069893158657431,Placed,0.2930610021881282,1,1
0.8951674610720188,0.050554537486061424,-2.2638170815548206,-1.0318557299675197,0.8565096864690933,1.3034518993516808,Placed,-1.828894748734308,1,1
1.0538694734040654,-1.5104101963200112,-1.0852784214895703,1.2142535652005348,-0.4291984069278497,-0.18593585110613037,NotPlaced,-0.5910872273628871,0,0
1.529975510400197,0.050554537486061424,1.2717988986409308,1.2142535652005348,1.113651305148482,-0.4341671428491004,Placed,1.3540388776493464,1,1
-0.057044612920247185,-1.5104101963200112,-1.0852784214895703,0.09119891761650768,-1.3291940723057099,-0.4341671428491004,NotPlaced,-1.121576165093496,0,0
-0.057044612920247185,0.050554537486061424,0.09326023857568026,0.09119891761650768,0.9850804958087876,1.3034518993516808,Placed,0.11623135627792522,1,1
-1.3266607115766023,-1.5104101963200112,-1.0852784214895703,-1.0318557299675197,-0.6863400256072383,0.5587580241227753,NotPlaced,-1.6520651028241051,0,0
0.10165739941179809,-1.5104101963200112,1.2717988986409308,-1.0318557299675197,1.2422221144881762,1.3034518993516808,Placed,-0.2374279355424807,1,0
-1.167958699244557,0.050554537486061424,0.09326023857568026,-1.0318557299675197,-0.6863400256072383,-0.18593585110613037,NotPlaced,-0.41425758145268365,0,1
1.2125714857361094,-1.5104101963200112,1.2717988986409308,1.2142535652005348,0.8565096864690933,0.8069893158657431,NotPlaced,0.8235499399187379,0,0
-1.8027667485727352,1.611519271292134,0.09326023857568026,-1.0318557299675197,0.5993680677897048,-0.4341671428491004,NotPlaced,0.11623135627792522,0,1
1.3712734980681531,0.050554537486061424,1.2717988986409308,-1.0318557299675197,1.4993637331675649,0.06229544063683744,Placed,0.2930610021881282,1,1
1.0538694734040654,1.611519271292134,1.2717988986409308,-1.0318557299675197,1.4993637331675649,0.8069893158657431,Placed,0.8235499399187379,1,1
0.736465448739975,-1.5104101963200112,-1.0852784214895703,0.09119891761650768,0.34222644911031613,0.5587580241227753,Placed,-1.121576165093496,1,0
0.10165739941179809,0.050554537486061424,-1.0852784214895703,1.2142535652005348,0.8565096864690933,-1.6753236015639428,Placed,-0.060598289632277744,1,1
-0.057044612920247185,0.050554537486061424,0.09326023857568026,0.09119891761650768,-0.0434859789087668,0.06229544063683744,NotPlaced,0.11623135627792522,0,1
0.10165739941179809,0.050554537486061424,0.09326023857568026,-1.0318557299675197,0.34222644911031613,0.31052673237980744,Placed,-0.41425758145268365,1,1
-1.3266607115766023,-1.5104101963200112,-1.0852784214895703,0.09119891761650768,-0.4291984069278497,0.06229544063683744,NotPlaced,-1.121576165093496,0,0
-0.21574662525229105,0.050554537486061424,1.2717988986409308,1.2142535652005348,-0.4291984069278497,0.5587580241227753,Placed,1.3540388776493464,1,1
-1.6440647362406915,0.050554537486061424,-1.0852784214895703,0.09119891761650768,-2.3577605470232643,-0.6823984345920682,NotPlaced,-0.5910872273628871,0,1
-1.8027667485727352,0.050554537486061424,-1.0852784214895703,-1.0318557299675197,-0.8149108349469326,-1.1788610180780061,NotPlaced,-1.121576165093496,0,1
-0.057044612920247185,0.050554537486061424,1.2717988986409308,0.09119891761650768,-0.6863400256072383,1.3034518993516808,Placed,0.8235499399187379,1,1
0.577763436407931,1.611519271292134,1.2717988986409308,1.2142535652005348,1.3707929238278704,-1.4270923098209738,Placed,1.8845278153799556,1,1
-1.8027667485727352,0.050554537486061424,-1.0852784214895703,0.09119891761650768,0.5993680677897048,0.31052673237980744,NotPlaced,-0.5910872273628871,0,1
0.736465448739975,-1.5104101963200112,1.2717988986409308,-1.0318557299675197,0.9850804958087876,-1.4270923098209738,Placed,-0.2374279355424807,1,0
-0.3744486375843349,0.050554537486061424,1.2717988986409308,1.2142535652005348,1.2422221144881762,1.3034518993516808,Placed,1.3540388776493464,1,1
1.0538694734040654,0.050554537486061424,1.2717988986409308,-1.0318557299675197,0.4707972584500104,-0.4341671428491004,NotPlaced,0.2930610021881282,0,1
1.0538694734040654,0.050554537486061424,-1.0852784214895703,1.2142535652005348,0.34222644911031613,0.8069893158657431,NotPlaced,-0.060598289632277744,0,1
1.0538694734040654,0.050554537486061424,1.2717988986409308,1.2142535652005348,0.4707972584500104,1.0552206076087132,Placed,1.3540388776493464,1,1
-0.21574662525229105,0.050554537486061424,0.09326023857568026,2.337308212784562,-0.6863400256072383,-1.9235548933069118,NotPlaced,1.177209231739143,0,1
-0.3744486375843349,1.611519271292134,1.2717988986409308,1.2142535652005348,-0.4291984069278497,-0.18593585110613037,NotPlaced,1.8845278153799556,0,1
0.736465448739975,0.050554537486061424,1.2717988986409308,1.2142535652005348,0.2136556397706218,0.31052673237980744,NotPlaced,1.3540388776493464,0,1
-0.5331506499163802,0.050554537486061424,-1.0852784214895703,0.09119891761650768,-1.457764881645404,0.31052673237980744,NotPlaced,-0.5910872273628871,0,1
0.260359411743842,0.050554537486061424,1.2717988986409308,-1.0318557299675197,-0.0434859789087668,0.31052673237980744,Placed,0.2930610021881282,1,1
1.3712734980681531,1.611519271292134,1.2717988986409308,1.2142535652005348,0.4707972584500104,0.31052673237980744,Placed,1.8845278153799556,1,1
-0.21574662525229105,-1.5104101963200112,-1.0852784214895703,-1.0318557299675197,-1.9720481190041814,-1.6753236015639428,NotPlaced,-1.6520651028241051,0,0
0.10165739941179809,-1.5104101963200112,-1.0852784214895703,0.09119891761650768,1.4993637331675649,0.31052673237980744,NotPlaced,-1.121576165093496,0,0
-1.4853627239086462,0.050554537486061424,1.2717988986409308,-1.0318557299675197,1.113651305148482,0.8069893158657431,NotPlaced,0.2930610021881282,0,1
-0.21574662525229105,0.050554537486061424,0.09326023857568026,-1.0318557299675197,-0.3006275975881554,-2.1717861850498807,NotPlaced,-0.41425758145268365,0,1
-1.3266607115766023,0.050554537486061424,0.09326023857568026,0.09119891761650768,-0.8149108349469326,0.06229544063683744,NotPlaced,0.11623135627792522,0,1
-0.8505546745804693,0.050554537486061424,0.09326023857568026,0.09119891761650768,0.2136556397706218,1.0552206076087132,Placed,0.11623135627792522,1,1
1.3712734980681531,1.611519271292134,1.2717988986409308,-1.0318557299675197,1.3707929238278704,1.3034518993516808,Placed,0.8235499399187379,1,1
0.260359411743842,-1.5104101963200112,0.09326023857568026,-1.0318557299675197,-0.557769216267544,0.06229544063683744,NotPlaced,-0.944746519183293,0,0
1.2125714857361094,0.050554537486061424,1.2717988986409308,-1.0318557299675197,0.34222644911031613,1.3034518993516808,Placed,0.2930610021881282,1,1
-1.8027667485727352,0.050554537486061424,0.09326023857568026,-1.0318557299675197,-0.943481644286627,-0.9306297263350372,NotPlaced,-0.41425758145268365,0,1
0.260359411743842,0.050554537486061424,-1.0852784214895703,-1.0318557299675197,-1.5863356909850983,-1.4270923098209738,Placed,-1.121576165093496,1,1
-1.4853627239086462,-1.5104101963200112,-1.0852784214895703,-1.0318557299675197,-1.9720481190041814,-2.1717861850498807,NotPlaced,-1.6520651028241051,0,0
0.577763436407931,-1.5104101963200112,-1.0852784214895703,0.09119891761650768,-1.457764881645404,-0.4341671428491004,Placed,-1.121576165093496,1,0
-0.057044612920247185,0.050554537486061424,0.09326023857568026,0.09119891761650768,-0.557769216267544,0.8069893158657431,Placed,0.11623135627792522,1,1
-1.4853627239086462,0.050554537486061424,0.09326023857568026,-1.0318557299675197,-0.0434859789087668,-1.4270923098209738,NotPlaced,-0.41425758145268365,0,1
-0.3744486375843349,-1.5104101963200112,0.09326023857568026,-1.0318557299675197,1.2422221144881762,-1.6753236015639428,NotPlaced,-0.944746519183293,0,0
-0.691852662248424,-1.5104101963200112,-1.0852784214895703,-1.0318557299675197,-0.6863400256072383,-0.4341671428491004,Placed,-1.6520651028241051,1,0
-0.5331506499163802,0.050554537486061424,0.09326023857568026,1.2142535652005348,0.4707972584500104,1.3034518993516808,NotPlaced,0.6467202940085341,0,1
-1.3266607115766023,0.050554537486061424,-1.0852784214895703,-1.0318557299675197,-0.3006275975881554,-0.4341671428491004,NotPlaced,-1.121576165093496,0,1
-1.8027667485727352,0.050554537486061424,-1.0852784214895703,-1.0318557299675197,-0.557769216267544,-0.18593585110613037,NotPlaced,-1.121576165093496,0,1
1.2125714857361094,1.611519271292134,1.2717988986409308,0.09119891761650768,0.9850804958087876,1.0552206076087132,Placed,1.3540388776493464,1,1
1.2125714857361094,1.611519271292134,-1.0852784214895703,1.2142535652005348,0.34222644911031613,1.0552206076087132,NotPlaced,0.46989064809833114,0,1
-1.6440647362406915,-1.5104101963200112,-1.0852784214895703,0.09119891761650768,-1.5863356909850983,-1.4270923098209738,NotPlaced,-1.121576165093496,0,0
-0.057044612920247185,0.050554537486061424,-1.0852784214895703,-1.0318557299675197,-0.943481644286627,-0.6823984345920682,NotPlaced,-1.121576165093496,0,1
-0.057044612920247185,0.050554537486061424,0.09326023857568026,-1.0318557299675197,-0.1720567882484611,-0.4341671428491004,Placed,-0.41425758145268365,1,1
-1.6440647362406915,0.050554537486061424,0.09326023857568026,-1.0318557299675197,-0.943481644286627,-0.6823984345920682,Placed,-0.41425758145268365,1,1
1.688677522732241,1.611519271292134,0.09326023857568026,1.2142535652005348,1.4993637331675649,1.3034518993516808,Placed,1.177209231739143,1,1
-0.21574662525229105,0.050554537486061424,-1.0852784214895703,1.2142535652005348,0.2136556397706218,0.5587580241227753,NotPlaced,-0.060598289632277744,0,1
0.10165739941179809,0.050554537486061424,-1.0852784214895703,-1.0318557299675197,0.4707972584500104,0.8069893158657431,NotPlaced,-1.121576165093496,0,1
-0.057044612920247185,0.050554537486061424,0.09326023857568026,0.09119891761650768,0.9850804958087876,0.31052673237980744,NotPlaced,0.11623135627792522,0,1
-1.4853627239086462,1.611519271292134,-2.2638170815548206,-1.0318557299675197,-1.2006232629660154,-0.9306297263350372,NotPlaced,-1.298405811003699,0,1
-0.8505546745804693,0.050554537486061424,0.09326023857568026,-1.0318557299675197,1.113651305148482,-0.18593585110613037,Placed,-0.41425758145268365,1,1
-1.8027667485727352,0.050554537486061424,-1.0852784214895703,-1.0318557299675197,0.727938877129399,0.5587580241227753,NotPlaced,-1.121576165093496,0,1
0.736465448739975,0.050554537486061424,1.2717988986409308,-1.0318557299675197,1.4993637331675649,1.3034518993516808,Placed,0.2930610021881282,1,1
-0.057044612920247185,1.611519271292134,1.2717988986409308,1.2142535652005348,1.4993637331675649,1.3034518993516808,Placed,1.8845278153799556,1,1
0.10165739941179809,0.050554537486061424,-1.0852784214895703,-1.0318557299675197,-0.943481644286627,-0.18593585110613037,NotPlaced,-1.121576165093496,0,1
-0.057044612920247185,-1.5104101963200112,0.09326023857568026,0.09119891761650768,0.34222644911031613,0.31052673237980744,Placed,-0.41425758145268365,1,0
0.736465448739975,-1.5104101963200112,-1.0852784214895703,1.2142535652005348,1.4993637331675649,1.0552206076087132,Placed,-0.5910872273628871,1,0
-0.057044612920247185,0.050554537486061424,0.09326023857568026,-1.0318557299675197,-0.4291984069278497,-1.1788610180780061,NotPlaced,-0.41425758145268365,0,1
0.577763436407931,0.050554537486061424,1.2717988986409308,1.2142535652005348,1.4993637331675649,0.31052673237980744,Placed,1.3540388776493464,1,1
-0.691852662248424,1.611519271292134,0.09326023857568026,-1.0318557299675197,1.2422221144881762,1.3034518993516808,NotPlaced,0.11623135627792522,0,1
-1.6440647362406915,0.050554537486061424,0.09326023857568026,-1.0318557299675197,-0.943481644286627,0.31052673237980744,NotPlaced,-0.41425758145268365,0,1
-0.5331506499163802,-1.5104101963200112,-1.0852784214895703,-1.0318557299675197,0.2136556397706218,-1.9235548933069118,NotPlaced,-1.6520651028241051,0,0
-0.3744486375843349,0.050554537486061424,-1.0852784214895703,-1.0318557299675197,-0.557769216267544,-0.6823984345920682,NotPlaced,-1.121576165093496,0,1
0.10165739941179809,0.050554537486061424,-1.0852784214895703,0.09119891761650768,-1.843477309664487,-1.4270923098209738,NotPlaced,-0.5910872273628871,0,1
0.8951674610720188,0.050554537486061424,1.2717988986409308,1.2142535652005348,1.2422221144881762,1.3034518993516808,NotPlaced,1.3540388776493464,0,1
1.0538694734040654,0.050554537486061424,1.2717988986409308,1.2142535652005348,0.9850804958087876,1.3034518993516808,NotPlaced,1.3540388776493464,0,1
-1.6440647362406915,-1.5104101963200112,-1.0852784214895703,-1.0318557299675197,-0.0434859789087668,1.3034518993516808,NotPlaced,-1.6520651028241051,0,0
-0.057044612920247185,0.050554537486061424,-1.0852784214895703,0.09119891761650768,-0.1720567882484611,-0.6823984345920682,NotPlaced,-0.5910872273628871,0,1
1.3712734980681531,1.611519271292134,-1.0852784214895703,-1.0318557299675197,0.5993680677897048,1.0552206076087132,NotPlaced,-0.5910872273628871,0,1
-0.21574662525229105,0.050554537486061424,-1.0852784214895703,-1.0318557299675197,-0.4291984069278497,-1.1788610180780061,NotPlaced,-1.121576165093496,0,1
-0.8505546745804693,-1.5104101963200112,-1.0852784214895703,-1.0318557299675197,-1.2006232629660154,-0.18593585110613037,Placed,-1.6520651028241051,1,0
-1.8027667485727352,-1.5104101963200112,-1.0852784214895703,-1.0318557299675197,-0.3006275975881554,-0.6823984345920682,NotPlaced,-1.6520651028241051,0,0
0.10165739941179809,-1.5104101963200112,-1.0852784214895703,-1.0318557299675197,-0.557769216267544,-1.1788610180780061,NotPlaced,-1.6520651028241051,0,0
0.10165739941179809,0.050554537486061424,0.09326023857568026,0.09119891761650768,-1.2006232629660154,0.5587580241227753,NotPlaced,0.11623135627792522,0,1
0.10165739941179809,0.050554537486061424,1.2717988986409308,1.2142535652005348,-0.0434859789087668,0.8069893158657431,NotPlaced,1.3540388776493464,0,1
-0.057044612920247185,0.050554537486061424,0.09326023857568026,-1.0318557299675197,1.4993637331675649,1.3034518993516808,NotPlaced,-0.41425758145268365,0,1
0.10165739941179809,0.050554537486061424,0.09326023857568026,1.2142535652005348,-0.3006275975881554,-0.4341671428491004,NotPlaced,0.6467202940085341,0,1
-1.8027667485727352,0.050554537486061424,0.09326023857568026,0.09119891761650768,-0.3006275975881554,0.5587580241227753,NotPlaced,0.11623135627792522,0,1
-1.167958699244557,0.050554537486061424,0.09326023857568026,0.09119891761650768,-1.0720524536263212,-0.4341671428491004,NotPlaced,0.11623135627792522,0,1
0.577763436407931,0.050554537486061424,-1.0852784214895703,-1.0318557299675197,0.4707972584500104,-2.4200174767928493,NotPlaced,-1.121576165093496,0,1
0.577763436407931,0.050554537486061424,1.2717988986409308,1.2142535652005348,1.4993637331675649,1.3034518993516808,Placed,1.3540388776493464,1,1
1.0538694734040654,1.611519271292134,1.2717988986409308,1.2142535652005348,1.4993637331675649,0.8069893158657431,Placed,1.8845278153799556,1,1
-0.5331506499163802,0.050554537486061424,0.09326023857568026,0.09119891761650768,-0.943481644286627,1.3034518993516808,NotPlaced,0.11623135627792522,0,1
0.260359411743842,1.611519271292134,0.09326023857568026,1.2142535652005348,0.34222644911031613,0.5587580241227753,Placed,1.177209231739143,1,1
-1.8027667485727352,-1.5104101963200112,-1.0852784214895703,0.09119891761650768,-1.2006232629660154,-0.9306297263350372,NotPlaced,-1.121576165093496,0,0
1.529975510400197,0.050554537486061424,1.2717988986409308,1.2142535652005348,0.8565096864690933,1.3034518993516808,Placed,1.3540388776493464,1,1
-1.4853627239086462,0.050554537486061424,0.09326023857568026,-1.0318557299675197,-0.6863400256072383,-0.6823984345920682,Placed,-0.41425758145268365,1,1
0.10165739941179809,0.050554537486061424,0.09326023857568026,-1.0318557299675197,-1.0720524536263212,-1.6753236015639428,NotPlaced,-0.41425758145268365,0,1
0.260359411743842,0.050554537486061424,-1.0852784214895703,0.09119891761650768,-0.4291984069278497,-1.1788610180780061,NotPlaced,-0.5910872273628871,0,1
-0.057044612920247185,-1.5104101963200112,1.2717988986409308,1.2142535652005348,0.8565096864690933,-1.4270923098209738,NotPlaced,0.8235499399187379,0,0
-0.057044612920247185,0.050554537486061424,-1.0852784214895703,-1.0318557299675197,-1.457764881645404,-1.1788610180780061,NotPlaced,-1.121576165093496,0,1
0.736465448739975,0.050554537486061424,0.09326023857568026,-1.0318557299675197,-0.0434859789087668,0.06229544063683744,NotPlaced,-0.41425758145268365,0,1
0.8951674610720188,0.050554537486061424,0.09326023857568026,-1.0318557299675197,1.2422221144881762,0.06229544063683744,Placed,-0.41425758145268365,1,1
1.3712734980681531,1.611519271292134,0.09326023857568026,1.2142535652005348,1.3707929238278704,1.3034518993516808,Placed,1.177209231739143,1,1
0.577763436407931,0.050554537486061424,1.2717988986409308,1.2142535652005348,1.4993637331675649,1.0552206076087132,NotPlaced,1.3540388776493464,0,1
0.736465448739975,0.050554537486061424,1.2717988986409308,-1.0318557299675197,0.8565096864690933,-1.4270923098209738,Placed,0.2930610021881282,1,1
1.0538694734040654,0.050554537486061424,1.2717988986409308,2.337308212784562,1.2422221144881762,-0.6823984345920682,Placed,1.8845278153799556,1,1
-0.21574662525229105,0.050554537486061424,1.2717988986409308,-1.0318557299675197,-0.943481644286627,1.0552206076087132,NotPlaced,0.2930610021881282,0,1
-0.691852662248424,0.050554537486061424,-1.0852784214895703,0.09119891761650768,-0.1720567882484611,1.0552206076087132,Placed,-0.5910872273628871,1,1
1.529975510400197,-1.5104101963200112,1.2717988986409308,1.2142535652005348,1.3707929238278704,0.06229544063683744,Placed,0.8235499399187379,1,0
-0.057044612920247185,0.050554537486061424,-1.0852784214895703,2.337308212784562,-0.3006275975881554,-1.1788610180780061,NotPlaced,0.46989064809833114,0,1
-0.5331506499163802,0.050554537486061424,0.09326023857568026,-1.0318557299675197,0.0850848304309275,0.8069893158657431,NotPlaced,-0.41425758145268365,0,1
0.260359411743842,0.050554537486061424,-1.0852784214895703,-1.0318557299675197,0.8565096864690933,-0.4341671428491004,NotPlaced,-1.121576165093496,0,1
1.688677522732241,1.611519271292134,1.2717988986409308,1.2142535652005348,0.34222644911031613,1.0552206076087132,Placed,1.8845278153799556,1,1
0.10165739941179809,0.050554537486061424,-1.0852784214895703,1.2142535652005348,-0.943481644286627,-0.6823984345920682,NotPlaced,-0.060598289632277744,0,1
-0.8505546745804693,0.050554537486061424,0.09326023857568026,-1.0318557299675197,-0.8149108349469326,0.31052673237980744,NotPlaced,-0.41425758145268365,0,1
-0.691852662248424,0.050554537486061424,0.09326023857568026,-1.0318557299675197,-1.3291940723057099,-0.18593585110613037,NotPlaced,-0.41425758145268365,0,1
-0.057044612920247185,0.050554537486061424,0.09326023857568026,-1.0318557299675197,-0.4291984069278497,1.3034518993516808,NotPlaced,-0.41425758145268365,0,1
-1.8027667485727352,0.050554537486061424,0.09326023857568026,0.09119891761650768,-1.5863356909850983,-0.18593585110613037,NotPlaced,0.11623135627792522,0,1
0.8951674610720188,0.050554537486061424,1.2717988986409308,1.2142535652005348,0.8565096864690933,1.3034518993516808,NotPlaced,1.3540388776493464,0,1
-0.21574662525229105,0.050554537486061424,-1.0852784214895703,0.09119891761650768,-1.0720524536263212,0.31052673237980744,NotPlaced,-0.5910872273628871,0,1
-0.057044612920247185,0.050554537486061424,-1.0852784214895703,0.09119891761650768,-2.1006189283438754,-1.1788610180780061,NotPlaced,-0.5910872273628871,0,1
0.8951674610720188,0.050554537486061424,0.09326023857568026,1.2142535652005348,1.4993637331675649,1.3034518993516808,Placed,0.6467202940085341,1,1
-0.21574662525229105,1.611519271292134,1.2717988986409308,-1.0318557299675197,1.4993637331675649,1.0552206076087132,Placed,0.8235499399187379,1,1
1.0538694734040654,0.050554537486061424,0.09326023857568026,-1.0318557299675197,-0.3006275975881554,0.5587580241227753,Placed,-0.41425758145268365,1,1
-1.3266607115766023,-1.5104101963200112,-1.0852784214895703,-1.0318557299675197,-1.457764881645404,-1.6753236015639428,NotPlaced,-1.6520651028241051,0,0
1.3712734980681531,0.050554537486061424,-1.0852784214895703,1.2142535652005348,0.5993680677897048,0.06229544063683744,Placed,-0.060598289632277744,1,1
-0.057044612920247185,0.050554537486061424,-1.0852784214895703,-1.0318557299675197,-0.943481644286627,-0.9306297263350372,NotPlaced,-1.121576165093496,0,1
0.260359411743842,-1.5104101963200112,0.09326023857568026,0.09119891761650768,-1.5863356909850983,-1.6753236015639428,NotPlaced,-0.41425758145268365,0,0
0.577763436407931,1.611519271292134,-1.0852784214895703,-1.0318557299675197,-0.0434859789087668,0.8069893158657431,Placed,-0.5910872273628871,1,1
-0.3744486375843349,1.611519271292134,-1.0852784214895703,-1.0318557299675197,-0.1720567882484611,0.06229544063683744,Placed,-0.5910872273628871,1,1
-0.691852662248424,0.050554537486061424,-1.0852784214895703,0.09119891761650768,-0.8149108349469326,0.5587580241227753,NotPlaced,-0.5910872273628871,0,1
0.10165739941179809,0.050554537486061424,-1.0852784214895703,0.09119891761650768,-0.6863400256072383,-0.18593585110613037,NotPlaced,-0.5910872273628871,0,1
-0.3744486375843349,0.050554537486061424,-1.0852784214895703,-1.0318557299675197,-1.3291940723057099,-0.9306297263350372,NotPlaced,-1.121576165093496,0,1
-1.8027667485727352,-1.5104101963200112,-1.0852784214895703,-1.0318557299675197,1.4993637331675649,0.5587580241227753,NotPlaced,-1.6520651028241051,0,0
0.736465448739975,0.050554537486061424,0.09326023857568026,0.09119891761650768,-0.8149108349469326,-0.18593585110613037,NotPlaced,0.11623135627792522,0,1
-1.3266607115766023,1.611519271292134,1.2717988986409308,1.2142535652005348,0.4707972584500104,-0.9306297263350372,Placed,1.8845278153799556,1,1
-0.5331506499163802,0.050554537486061424,0.09326023857568026,0.09119891761650768,0.9850804958087876,-2.1717861850498807,NotPlaced,0.11623135627792522,0,1
0.10165739941179809,-1.5104101963200112,-1.0852784214895703,0.09119891761650768,1.113651305148482,-0.9306297263350372,NotPlaced,-1.121576165093496,0,0
1.0538694734040654,1.611519271292134,1.2717988986409308,0.09119891761650768,0.2136556397706218,0.8069893158657431,NotPlaced,1.3540388776493464,0,1
-1.167958699244557,0.050554537486061424,0.09326023857568026,0.09119891761650768,-0.557769216267544,-0.6823984345920682,NotPlaced,0.11623135627792522,0,1
1.688677522732241,0.050554537486061424,1.2717988986409308,-1.0318557299675197,-0.0434859789087668,-2.6682487685358174,NotPlaced,0.2930610021881282,0,1
0.260359411743842,0.050554537486061424,0.09326023857568026,0.09119891761650768,-0.557769216267544,0.06229544063683744,NotPlaced,0.11623135627792522,0,1
-1.4853627239086462,0.050554537486061424,-1.0852784214895703,0.09119891761650768,-1.457764881645404,-1.4270923098209738,NotPlaced,-0.5910872273628871,0,1
1.529975510400197,1.611519271292134,1.2717988986409308,1.2142535652005348,0.5993680677897048,1.3034518993516808,NotPlaced,1.8845278153799556,0,1
-0.057044612920247185,0.050554537486061424,1.2717988986409308,-1.0318557299675197,-0.8149108349469326,-0.6823984345920682,NotPlaced,0.2930610021881282,0,1
0.577763436407931,1.611519271292134,1.2717988986409308,-1.0318557299675197,1.4993637331675649,1.3034518993516808,Placed,0.8235499399187379,1,1
-0.057044612920247185,0.050554537486061424,-1.0852784214895703,-1.0318557299675197,-0.6863400256072383,0.06229544063683744,NotPlaced,-1.121576165093496,0,1
-0.057044612920247185,-1.5104101963200112,-1.0852784214895703,-1.0318557299675197,0.5993680677897048,-1.1788610180780061,NotPlaced,-1.6520651028241051,0,0
-1.0092566869125132,0.050554537486061424,0.09326023857568026,-1.0318557299675197,-1.3291940723057099,-0.6823984345920682,NotPlaced,-0.41425758145268365,0,1
1.8473795350642876,1.611519271292134,1.2717988986409308,2.337308212784562,0.0850848304309275,0.31052673237980744,Placed,2.4150167531105646,1,1
-0.3744486375843349,-1.5104101963200112,-1.0852784214895703,0.09119891761650768,-1.3291940723057099,-0.4341671428491004,NotPlaced,-1.121576165093496,0,0
1.529975510400197,1.611519271292134,0.09326023857568026,1.2142535652005348,0.727938877129399,-0.6823984345920682,NotPlaced,1.177209231739143,0,1
-0.057044612920247185,-1.5104101963200112,0.09326023857568026,0.09119891761650768,-0.1720567882484611,1.0552206076087132,NotPlaced,-0.41425758145268365,0,0
-1.8027667485727352,-1.5104101963200112,-1.0852784214895703,0.09119891761650768,0.0850848304309275,-0.9306297263350372,NotPlaced,-1.121576165093496,0,0
0.260359411743842,0.050554537486061424,0.09326023857568026,1.2142535652005348,0.8565096864690933,0.06229544063683744,Placed,0.6467202940085341,1,1
-1.167958699244557,1.611519271292134,1.2717988986409308,2.337308212784562,0.2136556397706218,1.3034518993516808,Placed,2.4150167531105646,1,1
-0.21574662525229105,0.050554537486061424,-1.0852784214895703,1.2142535652005348,-1.2006232629660154,0.06229544063683744,NotPlaced,-0.060598289632277744,0,1
1.529975510400197,-1.5104101963200112,1.2717988986409308,0.09119891761650768,0.34222644911031613,0.8069893158657431,Placed,0.2930610021881282,1,0
1.0538694734040654,0.050554537486061424,0.09326023857568026,-1.0318557299675197,0.34222644911031613,-1.6753236015639428,NotPlaced,-0.41425758145268365,0,1
-0.3744486375843349,0.050554537486061424,-1.0852784214895703,0.09119891761650768,-0.943481644286627,-0.4341671428491004,NotPlaced,-0.5910872273628871,0,1
1.3712734980681531,0.050554537486061424,1.2717988986409308,-1.0318557299675197,1.4993637331675649,-0.4341671428491004,Placed,0.2930610021881282,1,1
-1.8027667485727352,0.050554537486061424,-1.0852784214895703,-1.0318557299675197,1.113651305148482,1.3034518993516808,Placed,-1.121576165093496,1,1
1.0538694734040654,1.611519271292134,-1.0852784214895703,0.09119891761650768,0.727938877129399,-1.9235548933069118,NotPlaced,-0.06059828963227817,0,1
-0.21574662525229105,0.050554537486061424,-1.0852784214895703,0.09119891761650768,-0.8149108349469326,1.3034518993516808,NotPlaced,-0.5910872273628871,0,1
0.577763436407931,-1.5104101963200112,1.2717988986409308,1.2142535652005348,0.9850804958087876,0.06229544063683744,Placed,0.8235499399187379,1,0
-1.6440647362406915,0.050554537486061424,-1.0852784214895703,0.09119891761650768,-2.3577605470232643,-0.9306297263350372,NotPlaced,-0.5910872273628871,0,1
0.10165739941179809,-1.5104101963200112,-1.0852784214895703,-1.0318557299675197,0.34222644911031613,0.31052673237980744,NotPlaced,-1.6520651028241051,0,0
-1.8027667485727352,-1.5104101963200112,1.2717988986409308,1.2142535652005348,0.727938877129399,0.8069893158657431,Placed,0.8235499399187379,1,0
0.736465448739975,1.611519271292134,0.09326023857568026,-1.0318557299675197,1.4993637331675649,1.3034518993516808,Placed,0.11623135627792522,1,1
-1.0092566869125132,1.611519271292134,0.09326023857568026,0.09119891761650768,-0.557769216267544,0.06229544063683744,NotPlaced,0.6467202940085345,0,1
-0.057044612920247185,0.050554537486061424,0.09326023857568026,0.09119891761650768,0.2136556397706218,-0.9306297263350372,NotPlaced,0.11623135627792522,0,1
0.577763436407931,1.611519271292134,1.2717988986409308,-1.0318557299675197,1.4993637331675649,1.3034518993516808,NotPlaced,0.8235499399187379,0,1
0.10165739941179809,1.611519271292134,-1.0852784214895703,-1.0318557299675197,-1.3291940723057099,0.8069893158657431,NotPlaced,-0.5910872273628871,0,1
1.2125714857361094,0.050554537486061424,0.09326023857568026,1.2142535652005348,0.0850848304309275,1.3034518993516808,NotPlaced,0.6467202940085341,0,1
1.3712734980681531,1.611519271292134,1.2717988986409308,-1.0318557299675197,1.2422221144881762,1.0552206076087132,Placed,0.8235499399187379,1,1
1.0538694734040654,1.611519271292134,1.2717988986409308,1.2142535652005348,1.113651305148482,1.0552206076087132,Placed,1.8845278153799556,1,1
0.8951674610720188,0.050554537486061424,-1.0852784214895703,1.2142535652005348,0.5993680677897048,0.31052673237980744,Placed,-0.060598289632277744,1,1
0.577763436407931,0.050554537486061424,1.2717988986409308,1.2142535652005348,0.2136556397706218,1.3034518993516808,Placed,1.3540388776493464,1,1
0.260359411743842,0.050554537486061424,0.09326023857568026,-1.0318557299675197,-0.0434859789087668,1.3034518993516808,NotPlaced,-0.41425758145268365,0,1
-1.3266607115766023,0.050554537486061424,-1.0852784214895703,-1.0318557299675197,-1.457764881645404,-0.4341671428491004,NotPlaced,-1.121576165093496,0,1
1.0538694734040654,0.050554537486061424,1.2717988986409308,0.09119891761650768,-0.6863400256072383,0.5587580241227753,Placed,0.8235499399187379,1,1
0.577763436407931,0.050554537486061424,-1.0852784214895703,1.2142535652005348,-0.0434859789087668,0.06229544063683744,NotPlaced,-0.060598289632277744,0,1
1.529975510400197,-1.5104101963200112,0.09326023857568026,0.09119891761650768,1.4993637331675649,0.8069893158657431,Placed,-0.41425758145268365,1,0
-0.057044612920247185,-1.5104101963200112,-1.0852784214895703,-1.0318557299675197,0.4707972584500104,-1.1788610180780061,NotPlaced,-1.6520651028241051,0,0
-0.057044612920247185,-1.5104101963200112,1.2717988986409308,0.09119891761650768,1.4993637331675649,0.8069893158657431,Placed,0.2930610021881282,1,0
1.3712734980681531,0.050554537486061424,0.09326023857568026,-1.0318557299675197,-1.0720524536263212,-0.9306297263350372,Placed,-0.41425758145268365,1,1
-1.4853627239086462,0.050554537486061424,-1.0852784214895703,1.2142535652005348,-1.2006232629660154,-1.9235548933069118,NotPlaced,-0.060598289632277744,0,1
-1.8027667485727352,0.050554537486061424,0.09326023857568026,-1.0318557299675197,1.3707929238278704,0.5587580241227753,NotPlaced,-0.41425758145268365,0,1
-0.21574662525229105,0.050554537486061424,-1.0852784214895703,-1.0318557299675197,1.4993637331675649,0.8069893158657431,NotPlaced,-1.121576165093496,0,1
1.0538694734040654,1.611519271292134,1.2717988986409308,1.2142535652005348,1.4993637331675649,0.31052673237980744,Placed,1.8845278153799556,1,1
-0.21574662525229105,0.050554537486061424,0.09326023857568026,-1.0318557299675197,-2.3577605470232643,-0.6823984345920682,NotPlaced,-0.41425758145268365,0,1
0.260359411743842,-1.5104101963200112,1.2717988986409308,0.09119891761650768,1.4993637331675649,-1.1788610180780061,NotPlaced,0.2930610021881282,0,0
0.4190614240758872,0.050554537486061424,1.2717988986409308,-1.0318557299675197,0.727938877129399,1.0552206076087132,Placed,0.2930610021881282,1,1
-1.167958699244557,0.050554537486061424,0.09326023857568026,-1.0318557299675197,-1.0720524536263212,0.06229544063683744,Placed,-0.41425758145268365,1,1
-0.3744486375843349,1.611519271292134,-1.0852784214895703,0.09119891761650768,0.34222644911031613,-0.6823984345920682,Placed,-0.06059828963227817,1,1
-0.5331506499163802,0.050554537486061424,1.2717988986409308,-1.0318557299675197,1.113651305148482,0.06229544063683744,Placed,0.2930610021881282,1,1
1.8473795350642876,1.611519271292134,-1.0852784214895703,1.2142535652005348,0.5993680677897048,1.3034518993516808,Placed,0.46989064809833114,1,1
-1.3266607115766023,-1.5104101963200112,-1.0852784214895703,0.09119891761650768,-1.0720524536263212,-2.916480060278785,NotPlaced,-1.121576165093496,0,0
-0.3744486375843349,0.050554537486061424,-1.0852784214895703,0.09119891761650768,-1.2006232629660154,-1.1788610180780061,Placed,-0.5910872273628871,1,1
-0.057044612920247185,0.050554537486061424,0.09326023857568026,-1.0318557299675197,-1.3291940723057099,0.06229544063683744,NotPlaced,-0.41425758145268365,0,1
-0.057044612920247185,0.050554537486061424,-1.0852784214895703,0.09119891761650768,-0.3006275975881554,-0.18593585110613037,Placed,-0.5910872273628871,1,1
-0.21574662525229105,0.050554537486061424,-1.0852784214895703,-1.0318557299675197,-0.943481644286627,-0.6823984345920682,NotPlaced,-1.121576165093496,0,1
-1.4853627239086462,-1.5104101963200112,-1.0852784214895703,0.09119891761650768,0.0850848304309275,-1.6753236015639428,NotPlaced,-1.121576165093496,0,0
-1.3266607115766023,0.050554537486061424,0.09326023857568026,0.09119891761650768,0.0850848304309275,0.8069893158657431,NotPlaced,0.11623135627792522,0,1
1.0538694734040654,1.611519271292134,1.2717988986409308,1.2142535652005348,1.2422221144881762,1.3034518993516808,Placed,1.8845278153799556,1,1
1.0538694734040654,0.050554537486061424,1.2717988986409308,1.2142535652005348,1.4993637331675649,1.0552206076087132,Placed,1.3540388776493464,1,1
-0.3744486375843349,0.050554537486061424,0.09326023857568026,1.2142535652005348,-0.1720567882484611,-1.4270923098209738,NotPlaced,0.6467202940085341,0,1
0.4190614240758872,1.611519271292134,1.2717988986409308,1.2142535652005348,0.8565096864690933,1.0552206076087132,Placed,1.8845278153799556,1,1
0.10165739941179809,0.050554537486061424,-1.0852784214895703,-1.0318557299675197,-1.7149065003247927,-2.916480060278785,NotPlaced,-1.121576165093496,0,1
0.736465448739975,0.050554537486061424,0.09326023857568026,1.2142535652005348,-0.3006275975881554,0.5587580241227753,Placed,0.6467202940085341,1,1
-1.8027667485727352,-1.5104101963200112,1.2717988986409308,-1.0318557299675197,0.2136556397706218,0.31052673237980744,NotPlaced,-0.2374279355424807,0,0
0.8951674610720188,0.050554537486061424,1.2717988986409308,-1.0318557299675197,0.727938877129399,0.5587580241227753,Placed,0.2930610021881282,1,1
1.8473795350642876,1.611519271292134,1.2717988986409308,1.2142535652005348,0.8565096864690933,1.0552206076087132,Placed,1.8845278153799556,1,1
-0.3744486375843349,-1.5104101963200112,-1.0852784214895703,1.2142535652005348,0.0850848304309275,0.31052673237980744,Placed,-0.5910872273628871,1,0
1.2125714857361094,1.611519271292134,1.2717988986409308,1.2142535652005348,1.4993637331675649,1.3034518993516808,NotPlaced,1.8845278153799556,0,1
-1.167958699244557,0.050554537486061424,-1.0852784214895703,0.09119891761650768,0.0850848304309275,-1.9235548933069118,NotPlaced,-0.5910872273628871,0,1
-1.4853627239086462,-1.5104101963200112,-1.0852784214895703,0.09119891761650768,-1.3291940723057099,-2.1717861850498807,NotPlaced,-1.121576165093496,0,0
-1.6440647362406915,0.050554537486061424,-1.0852784214895703,-1.0318557299675197,-0.943481644286627,0.5587580241227753,Placed,-1.121576165093496,1,1
1.0538694734040654,0.050554537486061424,0.09326023857568026,-1.0318557299675197,-0.0434859789087668,0.5587580241227753,NotPlaced,-0.41425758145268365,0,1
-0.21574662525229105,0.050554537486061424,-1.0852784214895703,-1.0318557299675197,0.727938877129399,1.0552206076087132,Placed,-1.121576165093496,1,1
1.529975510400197,1.611519271292134,1.2717988986409308,1.2142535652005348,1.113651305148482,1.3034518993516808,Placed,1.8845278153799556,1,1
-1.8027667485727352,-1.5104101963200112,-1.0852784214895703,0.09119891761650768,-1.9720481190041814,-1.4270923098209738,NotPlaced,-1.121576165093496,0,0
1.2125714857361094,0.050554537486061424,1.2717988986409308,-1.0318557299675197,1.113651305148482,0.06229544063683744,NotPlaced,0.2930610021881282,0,1
0.8951674610720188,0.050554537486061424,1.2717988986409308,-1.0318557299675197,1.4993637331675649,0.31052673237980744,NotPlaced,0.2930610021881282,0,1
0.260359411743842,1.611519271292134,-1.0852784214895703,0.09119891761650768,-0.557769216267544,-1.6753236015639428,NotPlaced,-0.06059828963227817,0,1
0.10165739941179809,-1.5104101963200112,-1.0852784214895703,-1.0318557299675197,0.5993680677897048,1.0552206076087132,NotPlaced,-1.6520651028241051,0,0
0.10165739941179809,0.050554537486061424,-1.0852784214895703,-1.0318557299675197,-1.3291940723057099,0.06229544063683744,NotPlaced,-1.121576165093496,0,1
0.260359411743842,0.050554537486061424,-1.0852784214895703,-1.0318557299675197,1.4993637331675649,0.06229544063683744,Placed,-1.121576165093496,1,1
0.4190614240758872,1.611519271292134,1.2717988986409308,1.2142535652005348,0.9850804958087876,1.0552206076087132,Placed,1.8845278153799556,1,1
-1.8027667485727352,0.050554537486061424,-1.0852784214895703,-1.0318557299675197,-0.557769216267544,-1.9235548933069118,NotPlaced,-1.121576165093496,0,1
1.2125714857361094,-1.5104101963200112,1.2717988986409308,1.2142535652005348,-0.0434859789087668,1.3034518993516808,Placed,0.8235499399187379,1,0
0.4190614240758872,-1.5104101963200112,1.2717988986409308,0.09119891761650768,-0.1720567882484611,-0.6823984345920682,NotPlaced,0.2930610021881282,0,0
-0.3744486375843349,-1.5104101963200112,0.09326023857568026,0.09119891761650768,0.34222644911031613,-0.6823984345920682,NotPlaced,-0.41425758145268365,0,0
1.8473795350642876,0.050554537486061424,1.2717988986409308,-1.0318557299675197,-0.8149108349469326,-0.4341671428491004,Placed,0.2930610021881282,1,1
0.10165739941179809,-1.5104101963200112,0.09326023857568026,1.2142535652005348,-0.8149108349469326,1.3034518993516808,NotPlaced,0.11623135627792522,0,0
0.577763436407931,0.050554537486061424,1.2717988986409308,-1.0318557299675197,0.8565096864690933,1.3034518993516808,NotPlaced,0.2930610021881282,0,1
0.577763436407931,0.050554537486061424,-1.0852784214895703,-1.0318557299675197,-0.1720567882484611,-0.9306297263350372,Placed,-1.121576165093496,1,1
0.4190614240758872,-1.5104101963200112,1.2717988986409308,0.09119891761650768,0.727938877129399,0.06229544063683744,Placed,0.2930610021881282,1,0
0.10165739941179809,1.611519271292134,1.2717988986409308,1.2142535652005348,1.113651305148482,1.3034518993516808,Placed,1.8845278153799556,1,1
0.8951674610720188,0.050554537486061424,1.2717988986409308,1.2142535652005348,1.4993637331675649,0.31052673237980744,NotPlaced,1.3540388776493464,0,1
1.2125714857361094,1.611519271292134,1.2717988986409308,1.2142535652005348,0.727938877129399,1.0552206076087132,NotPlaced,1.8845278153799556,0,1
-0.057044612920247185,1.611519271292134,0.09326023857568026,1.2142535652005348,1.3707929238278704,0.8069893158657431,Placed,1.177209231739143,1,1
0.736465448739975,-1.5104101963200112,1.2717988986409308,1.2142535652005348,-0.6863400256072383,-0.18593585110613037,Placed,0.8235499399187379,1,0
0.10165739941179809,0.050554537486061424,-1.0852784214895703,-1.0318557299675197,-0.4291984069278497,-1.6753236015639428,NotPlaced,-1.121576165093496,0,1
2.164783559728375,1.611519271292134,1.2717988986409308,1.2142535652005348,1.2422221144881762,1.3034518993516808,Placed,1.8845278153799556,1,1
1.0538694734040654,-1.5104101963200112,1.2717988986409308,1.2142535652005348,1.3707929238278704,0.31052673237980744,NotPlaced,0.8235499399187379,0,0
0.260359411743842,0.050554537486061424,0.09326023857568026,-1.0318557299675197,0.4707972584500104,-0.6823984345920682,NotPlaced,-0.41425758145268365,0,1
0.4190614240758872,-1.5104101963200112,0.09326023857568026,1.2142535652005348,0.8565096864690933,1.3034518993516808,NotPlaced,0.11623135627792522,0,0
-0.5331506499163802,0.050554537486061424,-1.0852784214895703,-1.0318557299675197,-1.3291940723057099,0.31052673237980744,NotPlaced,-1.121576165093496,0,1
-0.057044612920247185,-1.5104101963200112,-1.0852784214895703,0.09119891761650768,-2.1006189283438754,-0.4341671428491004,NotPlaced,-1.121576165093496,0,0
-1.3266607115766023,0.050554537486061424,0.09326023857568026,-1.0318557299675197,-1.457764881645404,-0.4341671428491004,NotPlaced,-0.41425758145268365,0,1
-0.3744486375843349,0.050554537486061424,-1.0852784214895703,0.09119891761650768,-0.6863400256072383,-0.18593585110613037,NotPlaced,-0.5910872273628871,0,1
0.4190614240758872,0.050554537486061424,-1.0852784214895703,0.09119891761650768,-1.2006232629660154,-0.9306297263350372,NotPlaced,-0.5910872273628871,0,1
0.260359411743842,-1.5104101963200112,-1.0852784214895703,-1.0318557299675197,-1.843477309664487,-0.9306297263350372,NotPlaced,-1.6520651028241051,0,0
-0.5331506499163802,-1.5104101963200112,-1.0852784214895703,-1.0318557299675197,-0.4291984069278497,-1.4270923098209738,NotPlaced,-1.6520651028241051,0,0
0.736465448739975,-1.5104101963200112,-1.0852784214895703,-1.0318557299675197,-1.0720524536263212,-1.6753236015639428,NotPlaced,-1.6520651028241051,0,0
-0.057044612920247185,-1.5104101963200112,-1.0852784214895703,-1.0318557299675197,0.9850804958087876,-0.6823984345920682,NotPlaced,-1.6520651028241051,0,0
1.529975510400197,-1.5104101963200112,1.2717988986409308,0.09119891761650768,-0.1720567882484611,1.3034518993516808,NotPlaced,0.2930610021881282,0,0
-1.8027667485727352,0.050554537486061424,-1.0852784214895703,-1.0318557299675197,-0.557769216267544,-0.6823984345920682,NotPlaced,-1.121576165093496,0,1
-0.21574662525229105,-1.5104101963200112,-1.0852784214895703,1.2142535652005348,1.3707929238278704,-0.6823984345920682,NotPlaced,-0.5910872273628871,0,0
0.577763436407931,1.611519271292134,1.2717988986409308,1.2142535652005348,0.9850804958087876,-1.1788610180780061,Placed,1.8845278153799556,1,1
-0.057044612920247185,0.050554537486061424,-1.0852784214895703,0.09119891761650768,0.5993680677897048,0.06229544063683744,Placed,-0.5910872273628871,1,1
1.2125714857361094,1.611519271292134,0.09326023857568026,-1.0318557299675197,1.4993637331675649,0.5587580241227753,NotPlaced,0.11623135627792522,0,1
0.10165739941179809,1.611519271292134,0.09326023857568026,2.337308212784562,0.5993680677897048,0.06229544063683744,NotPlaced,1.707698169469752,0,1
-0.057044612920247185,0.050554537486061424,0.09326023857568026,-1.0318557299675197,0.727938877129399,0.31052673237980744,Placed,-0.41425758145268365,1,1
-1.8027667485727352,0.050554537486061424,-1.0852784214895703,0.09119891761650768,-1.457764881645404,-0.6823984345920682,NotPlaced,-0.5910872273628871,0,1
1.2125714857361094,-1.5104101963200112,-1.0852784214895703,-1.0318557299675197,0.2136556397706218,0.5587580241227753,Placed,-1.6520651028241051,1,0
0.736465448739975,1.611519271292134,-1.0852784214895703,1.2142535652005348,-0.0434859789087668,1.0552206076087132,Placed,0.46989064809833114,1,1
-1.3266607115766023,0.050554537486061424,1.2717988986409308,-1.0318557299675197,-1.5863356909850983,-1.6753236015639428,Placed,0.2930610021881282,1,1
0.10165739941179809,0.050554537486061424,0.09326023857568026,1.2142535652005348,0.9850804958087876,1.3034518993516808,Placed,0.6467202940085341,1,1
1.3712734980681531,1.611519271292134,-1.0852784214895703,0.09119891761650768,-0.6863400256072383,0.5587580241227753,NotPlaced,-0.06059828963227817,0,1
0.4190614240758872,1.611519271292134,-1.0852784214895703,-1.0318557299675197,-0.943481644286627,1.3034518993516808,NotPlaced,-0.5910872273628871,0,1
0.260359411743842,0.050554537486061424,-1.0852784214895703,0.09119891761650768,-0.0434859789087668,-1.4270923098209738,NotPlaced,-0.5910872273628871,0,1
-0.3744486375843349,0.050554537486061424,-1.0852784214895703,0.09119891761650768,0.2136556397706218,1.0552206076087132,NotPlaced,-0.5910872273628871,0,1
-1.0092566869125132,-1.5104101963200112,1.2717988986409308,0.09119891761650768,-1.457764881645404,-1.6753236015639428,NotPlaced,0.2930610021881282,0,0
-0.691852662248424,-1.5104101963200112,-1.0852784214895703,-1.0318557299675197,0.0850848304309275,-1.1788610180780061,NotPlaced,-1.6520651028241051,0,0
0.577763436407931,0.050554537486061424,0.09326023857568026,-1.0318557299675197,1.113651305148482,0.31052673237980744,Placed,-0.41425758145268365,1,1
0.736465448739975,0.050554537486061424,1.2717988986409308,-1.0318557299675197,1.113651305148482,-0.4341671428491004,Placed,0.2930610021881282,1,1
-0.21574662525229105,0.050554537486061424,0.09326023857568026,1.2142535652005348,-1.0720524536263212,1.0552206076087132,NotPlaced,0.6467202940085341,0,1
1.529975510400197,0.050554537486061424,1.2717988986409308,0.09119891761650768,1.2422221144881762,1.3034518993516808,Placed,0.8235499399187379,1,1
-0.21574662525229105,-1.5104101963200112,0.09326023857568026,0.09119891761650768,-1.5863356909850983,-0.9306297263350372,NotPlaced,-0.41425758145268365,0,0
-0.21574662525229105,-1.5104101963200112,0.09326023857568026,-1.0318557299675197,-1.457764881645404,0.06229544063683744,NotPlaced,-0.944746519183293,0,0
1.2125714857361094,0.050554537486061424,1.2717988986409308,1.2142535652005348,-0.3006275975881554,0.5587580241227753,Placed,1.3540388776493464,1,1
-0.057044612920247185,-1.5104101963200112,1.2717988986409308,1.2142535652005348,-0.0434859789087668,1.3034518993516808,Placed,0.8235499399187379,1,0
-1.8027667485727352,1.611519271292134,-1.0852784214895703,-1.0318557299675197,1.113651305148482,0.31052673237980744,NotPlaced,-0.5910872273628871,0,1
0.4190614240758872,0.050554537486061424,1.2717988986409308,0.09119891761650768,1.4993637331675649,1.3034518993516808,Placed,0.8235499399187379,1,1
-1.167958699244557,-1.5104101963200112,-1.0852784214895703,0.09119891761650768,-1.7149065003247927,-0.4341671428491004,Placed,-1.121576165093496,1,0
-1.4853627239086462,0.050554537486061424,-1.0852784214895703,-1.0318557299675197,-0.557769216267544,-1.9235548933069118,NotPlaced,-1.121576165093496,0,1
0.10165739941179809,0.050554537486061424,-1.0852784214895703,0.09119891761650768,-1.0720524536263212,0.8069893158657431,NotPlaced,-0.5910872273628871,0,1
-1.6440647362406915,0.050554537486061424,0.09326023857568026,1.2142535652005348,-0.1720567882484611,-0.6823984345920682,NotPlaced,0.6467202940085341,0,1
-1.8027667485727352,-1.5104101963200112,1.2717988986409308,1.2142535652005348,1.4993637331675649,1.3034518993516808,Placed,0.8235499399187379,1,0
1.0538694734040654,1.611519271292134,-1.0852784214895703,1.2142535652005348,0.5993680677897048,1.3034518993516808,Placed,0.46989064809833114,1,1
0.8951674610720188,0.050554537486061424,1.2717988986409308,1.2142535652005348,0.4707972584500104,0.06229544063683744,NotPlaced,1.3540388776493464,0,1
0.8951674610720188,0.050554537486061424,-1.0852784214895703,-1.0318557299675197,-0.1720567882484611,-1.1788610180780061,NotPlaced,-1.121576165093496,0,1
-0.5331506499163802,-1.5104101963200112,-1.0852784214895703,1.2142535652005348,-0.4291984069278497,0.5587580241227753,Placed,-0.5910872273628871,1,0
-0.5331506499163802,0.050554537486061424,-1.0852784214895703,-1.0318557299675197,-1.7149065003247927,-0.6823984345920682,NotPlaced,-1.121576165093496,0,1
1.2125714857361094,1.611519271292134,1.2717988986409308,1.2142535652005348,0.727938877129399,-1.4270923098209738,NotPlaced,1.8845278153799556,0,1
-0.21574662525229105,0.050554537486061424,-1.0852784214895703,-1.0318557299675197,-1.9720481190041814,-0.4341671428491004,NotPlaced,-1.121576165093496,0,1
0.736465448739975,1.611519271292134,1.2717988986409308,-1.0318557299675197,-0.557769216267544,0.06229544063683744,NotPlaced,0.8235499399187379,0,1
-1.0092566869125132,0.050554537486061424,1.2717988986409308,-1.0318557299675197,0.4707972584500104,1.0552206076087132,Placed,0.2930610021881282,1,1
1.3712734980681531,0.050554537486061424,-1.0852784214895703,-1.0318557299675197,-0.6863400256072383,-0.6823984345920682,NotPlaced,-1.121576165093496,0,1
-0.5331506499163802,0.050554537486061424,0.09326023857568026,0.09119891761650768,-2.22918973768357,1.0552206076087132,NotPlaced,0.11623135627792522,0,1
-1.4853627239086462,0.050554537486061424,0.09326023857568026,0.09119891761650768,0.34222644911031613,0.5587580241227753,Placed,0.11623135627792522,1,1
-1.8027667485727352,0.050554537486061424,-1.0852784214895703,0.09119891761650768,0.34222644911031613,0.8069893158657431,NotPlaced,-0.5910872273628871,0,1
1.0538694734040654,1.611519271292134,1.2717988986409308,1.2142535652005348,0.8565096864690933,1.0552206076087132,Placed,1.8845278153799556,1,1
0.260359411743842,0.050554537486061424,1.2717988986409308,0.09119891761650768,-0.4291984069278497,0.8069893158657431,Placed,0.8235499399187379,1,1
0.260359411743842,1.611519271292134,0.09326023857568026,0.09119891761650768,0.727938877129399,-0.6823984345920682,NotPlaced,0.6467202940085345,0,1
0.736465448739975,1.611519271292134,-1.0852784214895703,-1.0318557299675197,1.113651305148482,-0.6823984345920682,NotPlaced,-0.5910872273628871,0,1
1.2125714857361094,1.611519271292134,1.2717988986409308,1.2142535652005348,0.2136556397706218,0.8069893158657431,Placed,1.8845278153799556,1,1
0.8951674610720188,0.050554537486061424,1.2717988986409308,1.2142535652005348,-0.4291984069278497,0.5587580241227753,NotPlaced,1.3540388776493464,0,1
0.10165739941179809,0.050554537486061424,-1.0852784214895703,1.2142535652005348,-1.0720524536263212,-0.9306297263350372,NotPlaced,-0.060598289632277744,0,1
-1.3266607115766023,0.050554537486061424,-1.0852784214895703,0.09119891761650768,-0.8149108349469326,1.3034518993516808,NotPlaced,-0.5910872273628871,0,1
0.10165739941179809,-1.5104101963200112,-1.0852784214895703,0.09119891761650768,-0.0434859789087668,0.8069893158657431,NotPlaced,-1.121576165093496,0,0
0.4190614240758872,-1.5104101963200112,1.2717988986409308,1.2142535652005348,1.3707929238278704,0.5587580241227753,NotPlaced,0.8235499399187379,0,0
-0.3744486375843349,0.050554537486061424,-1.0852784214895703,-1.0318557299675197,-0.557769216267544,0.5587580241227753,Placed,-1.121576165093496,1,1
0.260359411743842,-1.5104101963200112,-1.0852784214895703,-1.0318557299675197,-0.557769216267544,-2.4200174767928493,NotPlaced,-1.6520651028241051,0,0
-0.21574662525229105,0.050554537486061424,1.2717988986409308,0.09119891761650768,-0.0434859789087668,0.06229544063683744,NotPlaced,0.8235499399187379,0,1
0.10165739941179809,0.050554537486061424,-1.0852784214895703,-1.0318557299675197,-0.8149108349469326,-0.4341671428491004,Placed,-1.121576165093496,1,1
-0.691852662248424,0.050554537486061424,-1.0852784214895703,-1.0318557299675197,-1.7149065003247927,-1.4270923098209738,NotPlaced,-1.121576165093496,0,1
1.2125714857361094,0.050554537486061424,-1.0852784214895703,0.09119891761650768,-0.6863400256072383,0.06229544063683744,NotPlaced,-0.5910872273628871,0,1
-0.3744486375843349,0.050554537486061424,0.09326023857568026,-1.0318557299675197,0.4707972584500104,0.8069893158657431,NotPlaced,-0.41425758145268365,0,1
-1.8027667485727352,0.050554537486061424,-1.0852784214895703,-1.0318557299675197,-0.8149108349469326,-0.6823984345920682,NotPlaced,-1.121576165093496,0,1
-1.8027667485727352,1.611519271292134,0.09326023857568026,0.09119891761650768,0.34222644911031613,1.3034518993516808,NotPlaced,0.6467202940085345,0,1
0.8951674610720188,0.050554537486061424,-1.0852784214895703,-1.0318557299675197,-0.3006275975881554,1.0552206076087132,NotPlaced,-1.121576165093496,0,1
-0.5331506499163802,0.050554537486061424,1.2717988986409308,-1.0318557299675197,1.113651305148482,0.8069893158657431,NotPlaced,0.2930610021881282,0,1
0.260359411743842,-1.5104101963200112,1.2717988986409308,1.2142535652005348,1.4993637331675649,1.3034518993516808,Placed,0.8235499399187379,1,0
-1.4853627239086462,-1.5104101963200112,0.09326023857568026,-1.0318557299675197,-0.557769216267544,-0.18593585110613037,NotPlaced,-0.944746519183293,0,0
-0.8505546745804693,0.050554537486061424,0.09326023857568026,0.09119891761650768,-0.6863400256072383,0.06229544063683744,NotPlaced,0.11623135627792522,0,1
-0.21574662525229105,-1.5104101963200112,-1.0852784214895703,0.09119891761650768,-1.0720524536263212,0.31052673237980744,NotPlaced,-1.121576165093496,0,0
0.736465448739975,1.611519271292134,0.09326023857568026,0.09119891761650768,1.2422221144881762,1.3034518993516808,NotPlaced,0.6467202940085345,0,1
0.4190614240758872,0.050554537486061424,0.09326023857568026,0.09119891761650768,-1.843477309664487,-0.18593585110613037,NotPlaced,0.11623135627792522,0,1
0.8951674610720188,0.050554537486061424,-1.0852784214895703,0.09119891761650768,-0.3006275975881554,-1.9235548933069118,Placed,-0.5910872273628871,1,1
1.3712734980681531,1.611519271292134,1.2717988986409308,1.2142535652005348,1.2422221144881762,0.06229544063683744,NotPlaced,1.8845278153799556,0,1
-1.4853627239086462,0.050554537486061424,-1.0852784214895703,-1.0318557299675197,0.34222644911031613,0.5587580241227753,NotPlaced,-1.121576165093496,0,1
1.2125714857361094,0.050554537486061424,1.2717988986409308,-1.0318557299675197,0.9850804958087876,-1.6753236015639428,Placed,0.2930610021881282,1,1
0.736465448739975,0.050554537486061424,1.2717988986409308,1.2142535652005348,1.4993637331675649,0.8069893158657431,NotPlaced,1.3540388776493464,0,1
1.529975510400197,0.050554537486061424,0.09326023857568026,-1.0318557299675197,-0.557769216267544,0.31052673237980744,Placed,-0.41425758145268365,1,1
-1.6440647362406915,-1.5104101963200112,-1.0852784214895703,0.09119891761650768,0.34222644911031613,-1.9235548933069118,NotPlaced,-1.121576165093496,0,0
-1.8027667485727352,1.611519271292134,-1.0852784214895703,-1.0318557299675197,-0.0434859789087668,0.31052673237980744,NotPlaced,-0.5910872273628871,0,1
-1.4853627239086462,-1.5104101963200112,0.09326023857568026,-1.0318557299675197,0.4707972584500104,0.06229544063683744,NotPlaced,-0.944746519183293,0,0
-0.3744486375843349,-1.5104101963200112,-1.0852784214895703,-1.0318557299675197,-0.3006275975881554,-1.4270923098209738,NotPlaced,-1.6520651028241051,0,0
0.10165739941179809,0.050554537486061424,1.2717988986409308,-1.0318557299675197,-0.0434859789087668,1.0552206076087132,Placed,0.2930610021881282,1,1
-1.3266607115766023,0.050554537486061424,0.09326023857568026,-1.0318557299675197,-0.4291984069278497,-0.18593585110613037,NotPlaced,-0.41425758145268365,0,1
-0.3744486375843349,0.050554537486061424,0.09326023857568026,0.09119891761650768,-0.1720567882484611,0.06229544063683744,NotPlaced,0.11623135627792522,0,1
-1.8027667485727352,-1.5104101963200112,1.2717988986409308,-1.0318557299675197,0.2136556397706218,0.5587580241227753,NotPlaced,-0.2374279355424807,0,0
-0.21574662525229105,-1.5104101963200112,0.09326023857568026,0.09119891761650768,1.113651305148482,-0.4341671428491004,NotPlaced,-0.41425758145268365,0,0
0.4190614240758872,0.050554537486061424,0.09326023857568026,1.2142535652005348,-0.943481644286627,0.06229544063683744,NotPlaced,0.6467202940085341,0,1
0.10165739941179809,0.050554537486061424,0.09326023857568026,-1.0318557299675197,-0.943481644286627,-0.6823984345920682,NotPlaced,-0.41425758145268365,0,1
0.10165739941179809,-1.5104101963200112,1.2717988986409308,-1.0318557299675197,1.3707929238278704,-0.18593585110613037,NotPlaced,-0.2374279355424807,0,0
-1.8027667485727352,0.050554537486061424,-1.0852784214895703,1.2142535652005348,0.8565096864690933,0.06229544063683744,NotPlaced,-0.060598289632277744,0,1
-0.21574662525229105,0.050554537486061424,0.09326023857568026,-1.0318557299675197,-1.0720524536263212,-1.4270923098209738,NotPlaced,-0.41425758145268365,0,1
-1.6440647362406915,0.050554537486061424,-1.0852784214895703,0.09119891761650768,0.2136556397706218,-1.9235548933069118,NotPlaced,-0.5910872273628871,0,1
-1.3266607115766023,0.050554537486061424,-1.0852784214895703,0.09119891761650768,-0.0434859789087668,-0.6823984345920682,NotPlaced,-0.5910872273628871,0,1
0.10165739941179809,-1.5104101963200112,0.09326023857568026,-1.0318557299675197,-0.1720567882484611,0.8069893158657431,NotPlaced,-0.944746519183293,0,0
1.2125714857361094,0.050554537486061424,1.2717988986409308,-1.0318557299675197,1.2422221144881762,-0.4341671428491004,Placed,0.2930610021881282,1,1
-0.8505546745804693,0.050554537486061424,-1.0852784214895703,-1.0318557299675197,-1.9720481190041814,-0.18593585110613037,NotPlaced,-1.121576165093496,0,1
0.4190614240758872,0.050554537486061424,-1.0852784214895703,-1.0318557299675197,1.113651305148482,0.31052673237980744,Placed,-1.121576165093496,1,1
0.736465448739975,1.611519271292134,0.09326023857568026,-1.0318557299675197,0.5993680677897048,0.31052673237980744,NotPlaced,0.11623135627792522,0,1
0.8951674610720188,0.050554537486061424,-1.0852784214895703,1.2142535652005348,-0.943481644286627,-0.18593585110613037,NotPlaced,-0.060598289632277744,0,1
0.8951674610720188,1.611519271292134,-1.0852784214895703,-1.0318557299675197,0.4707972584500104,0.8069893158657431,Placed,-0.5910872273628871,1,1
-0.21574662525229105,0.050554537486061424,-1.0852784214895703,-1.0318557299675197,-1.0720524536263212,0.5587580241227753,NotPlaced,-1.121576165093496,0,1
1.688677522732241,1.611519271292134,0.09326023857568026,-1.0318557299675197,1.3707929238278704,0.5587580241227753,Placed,0.11623135627792522,1,1
-0.21574662525229105,-1.5104101963200112,-1.0852784214895703,-1.0318557299675197,0.34222644911031613,0.31052673237980744,NotPlaced,-1.6520651028241051,0,0
-1.3266607115766023,-1.5104101963200112,1.2717988986409308,-1.0318557299675197,0.5993680677897048,0.06229544063683744,Placed,-0.2374279355424807,1,0
1.0538694734040654,0.050554537486061424,1.2717988986409308,0.09119891761650768,0.4707972584500104,0.31052673237980744,Placed,0.8235499399187379,1,1
-0.057044612920247185,0.050554537486061424,0.09326023857568026,-1.0318557299675197,-0.557769216267544,-2.1717861850498807,NotPlaced,-0.41425758145268365,0,1
-1.6440647362406915,-1.5104101963200112,-1.0852784214895703,0.09119891761650768,-1.2006232629660154,-0.18593585110613037,NotPlaced,-1.121576165093496,0,0
-0.8505546745804693,0.050554537486061424,1.2717988986409308,1.2142535652005348,-0.8149108349469326,-1.1788610180780061,NotPlaced,1.3540388776493464,0,1
-0.057044612920247185,-1.5104101963200112,-1.0852784214895703,-1.0318557299675197,0.34222644911031613,-0.9306297263350372,Placed,-1.6520651028241051,1,0
-0.057044612920247185,-1.5104101963200112,-1.0852784214895703,0.09119891761650768,-0.1720567882484611,0.8069893158657431,NotPlaced,-1.121576165093496,0,0
-1.6440647362406915,0.050554537486061424,-1.0852784214895703,1.2142535652005348,0.34222644911031613,1.3034518993516808,NotPlaced,-0.060598289632277744,0,1
0.10165739941179809,0.050554537486061424,-1.0852784214895703,-1.0318557299675197,-1.0720524536263212,0.06229544063683744,NotPlaced,-1.121576165093496,0,1
-1.8027667485727352,0.050554537486061424,0.09326023857568026,0.09119891761650768,-0.1720567882484611,-0.6823984345920682,NotPlaced,0.11623135627792522,0,1
-0.3744486375843349,0.050554537486061424,0.09326023857568026,0.09119891761650768,-0.943481644286627,-0.4341671428491004,NotPlaced,0.11623135627792522,0,1
0.10165739941179809,-1.5104101963200112,0.09326023857568026,2.337308212784562,-0.1720567882484611,1.3034518993516808,NotPlaced,0.6467202940085341,0,0
0.8951674610720188,1.611519271292134,1.2717988986409308,-1.0318557299675197,1.2422221144881762,-0.6823984345920682,Placed,0.8235499399187379,1,1
-1.8027667485727352,0.050554537486061424,-1.0852784214895703,-1.0318557299675197,-0.1720567882484611,-1.6753236015639428,NotPlaced,-1.121576165093496,0,1
-0.057044612920247185,0.050554537486061424,-1.0852784214895703,0.09119891761650768,-1.457764881645404,0.31052673237980744,NotPlaced,-0.5910872273628871,0,1
-0.691852662248424,0.050554537486061424,-1.0852784214895703,0.09119891761650768,-1.9720481190041814,-0.9306297263350372,NotPlaced,-0.5910872273628871,0,1
-1.8027667485727352,0.050554537486061424,0.09326023857568026,2.337308212784562,0.34222644911031613,-0.18593585110613037,NotPlaced,1.177209231739143,0,1
0.8951674610720188,0.050554537486061424,-1.0852784214895703,-1.0318557299675197,-0.943481644286627,0.31052673237980744,NotPlaced,-1.121576165093496,0,1
-0.057044612920247185,0.050554537486061424,-1.0852784214895703,0.09119891761650768,-0.943481644286627,-0.4341671428491004,NotPlaced,-0.5910872273628871,0,1
-0.21574662525229105,0.050554537486061424,-1.0852784214895703,0.09119891761650768,-0.6863400256072383,-0.18593585110613037,NotPlaced,-0.5910872273628871,0,1
-1.4853627239086462,0.050554537486061424,1.2717988986409308,0.09119891761650768,-0.0434859789087668,-0.4341671428491004,Placed,0.8235499399187379,1,1
0.10165739941179809,-1.5104101963200112,-2.2638170815548206,0.09119891761650768,-0.0434859789087668,-1.4270923098209738,NotPlaced,-1.828894748734308,0,0
0.8951674610720188,0.050554537486061424,-1.0852784214895703,1.2142535652005348,-0.3006275975881554,0.5587580241227753,Placed,-0.060598289632277744,1,1
-1.6440647362406915,-1.5104101963200112,-1.0852784214895703,1.2142535652005348,0.34222644911031613,0.06229544063683744,NotPlaced,-0.5910872273628871,0,0
-0.3744486375843349,-1.5104101963200112,-1.0852784214895703,-1.0318557299675197,-0.6863400256072383,0.31052673237980744,NotPlaced,-1.6520651028241051,0,0
0.260359411743842,0.050554537486061424,-1.0852784214895703,0.09119891761650768,-1.7149065003247927,-1.4270923098209738,NotPlaced,-0.5910872273628871,0,1
1.0538694734040654,1.611519271292134,-1.0852784214895703,1.2142535652005348,0.727938877129399,1.3034518993516808,Placed,0.46989064809833114,1,1
-0.057044612920247185,0.050554537486061424,-1.0852784214895703,-1.0318557299675197,-0.3006275975881554,-0.9306297263350372,Placed,-1.121576165093496,1,1
0.8951674610720188,1.611519271292134,1.2717988986409308,1.2142535652005348,0.9850804958087876,0.31052673237980744,Placed,1.8845278153799556,1,1
1.3712734980681531,1.611519271292134,1.2717988986409308,2.337308212784562,-0.3006275975881554,1.0552206076087132,Placed,2.4150167531105646,1,1
1.0538694734040654,-1.5104101963200112,0.09326023857568026,-1.0318557299675197,0.8565096864690933,-0.18593585110613037,NotPlaced,-0.944746519183293,0,0
-0.3744486375843349,0.050554537486061424,-1.0852784214895703,1.2142535652005348,0.8565096864690933,0.31052673237980744,Placed,-0.060598289632277744,1,1
-0.057044612920247185,0.050554537486061424,-1.0852784214895703,-1.0318557299675197,0.34222644911031613,0.5587580241227753,NotPlaced,-1.121576165093496,0,1
0.260359411743842,1.611519271292134,1.2717988986409308,1.2142535652005348,0.9850804958087876,-0.18593585110613037,Placed,1.8845278153799556,1,1
0.8951674610720188,1.611519271292134,0.09326023857568026,1.2142535652005348,1.4993637331675649,0.8069893158657431,Placed,1.177209231739143,1,1
0.10165739941179809,0.050554537486061424,-1.0852784214895703,0.09119891761650768,-2.22918973768357,-0.9306297263350372,NotPlaced,-0.5910872273628871,0,1
1.2125714857361094,-1.5104101963200112,1.2717988986409308,-1.0318557299675197,0.5993680677897048,-0.6823984345920682,NotPlaced,-0.2374279355424807,0,0
0.736465448739975,1.611519271292134,1.2717988986409308,-1.0318557299675197,0.727938877129399,1.3034518993516808,Placed,0.8235499399187379,1,1
-0.21574662525229105,0.050554537486061424,1.2717988986409308,2.337308212784562,-1.3291940723057099,-0.4341671428491004,NotPlaced,1.8845278153799556,0,1
-0.057044612920247185,-1.5104101963200112,1.2717988986409308,-1.0318557299675197,-0.943481644286627,-0.9306297263350372,NotPlaced,-0.2374279355424807,0,0
-1.167958699244557,0.050554537486061424,-1.0852784214895703,-1.0318557299675197,-1.457764881645404,-0.4341671428491004,NotPlaced,-1.121576165093496,0,1
-0.3744486375843349,1.611519271292134,1.2717988986409308,-1.0318557299675197,-0.943481644286627,1.3034518993516808,NotPlaced,0.8235499399187379,0,1
0.8951674610720188,0.050554537486061424,1.2717988986409308,-1.0318557299675197,1.2422221144881762,-0.18593585110613037,Placed,0.2930610021881282,1,1
1.2125714857361094,1.611519271292134,1.2717988986409308,1.2142535652005348,1.3707929238278704,0.8069893158657431,Placed,1.8845278153799556,1,1
-1.8027667485727352,0.050554537486061424,-1.0852784214895703,0.09119891761650768,-0.0434859789087668,-0.4341671428491004,NotPlaced,-0.5910872273628871,0,1
0.736465448739975,1.611519271292134,1.2717988986409308,0.09119891761650768,0.0850848304309275,0.31052673237980744,Placed,1.3540388776493464,1,1
-0.3744486375843349,1.611519271292134,1.2717988986409308,1.2142535652005348,0.2136556397706218,0.8069893158657431,NotPlaced,1.8845278153799556,0,1
0.10165739941179809,-1.5104101963200112,-1.0852784214895703,-1.0318557299675197,0.34222644911031613,1.3034518993516808,NotPlaced,-1.6520651028241051,0,0
1.3712734980681531,1.611519271292134,1.2717988986409308,-1.0318557299675197,-0.3006275975881554,1.3034518993516808,Placed,0.8235499399187379,1,1
0.10165739941179809,0.050554537486061424,1.2717988986409308,-1.0318557299675197,-0.557769216267544,0.06229544063683744,NotPlaced,0.2930610021881282,0,1
0.4190614240758872,1.611519271292134,-1.0852784214895703,1.2142535652005348,-0.4291984069278497,-0.9306297263350372,NotPlaced,0.46989064809833114,0,1
-1.3266607115766023,0.050554537486061424,-1.0852784214895703,0.09119891761650768,-0.4291984069278497,-1.1788610180780061,NotPlaced,-0.5910872273628871,0,1
0.4190614240758872,0.050554537486061424,-1.0852784214895703,0.09119891761650768,-1.457764881645404,-2.4200174767928493,NotPlaced,-0.5910872273628871,0,1
0.4190614240758872,0.050554537486061424,0.09326023857568026,1.2142535652005348,0.5993680677897048,1.3034518993516808,Placed,0.6467202940085341,1,1
-1.8027667485727352,0.050554537486061424,0.09326023857568026,0.09119891761650768,-1.9720481190041814,-2.916480060278785,NotPlaced,0.11623135627792522,0,1
1.0538694734040654,0.050554537486061424,1.2717988986409308,1.2142535652005348,0.8565096864690933,-0.18593585110613037,Placed,1.3540388776493464,1,1
0.736465448739975,0.050554537486061424,1.2717988986409308,1.2142535652005348,-0.4291984069278497,0.06229544063683744,Placed,1.3540388776493464,1,1
-1.6440647362406915,-1.5104101963200112,0.09326023857568026,0.09119891761650768,0.0850848304309275,-0.18593585110613037,NotPlaced,-0.41425758145268365,0,0
-1.167958699244557,0.050554537486061424,1.2717988986409308,1.2142535652005348,-1.7149065003247927,-0.6823984345920682,NotPlaced,1.3540388776493464,0,1
0.260359411743842,0.050554537486061424,0.09326023857568026,-1.0318557299675197,-1.0720524536263212,-1.1788610180780061,NotPlaced,-0.41425758145268365,0,1
-0.21574662525229105,0.050554537486061424,-1.0852784214895703,-1.0318557299675197,-1.843477309664487,-2.1717861850498807,NotPlaced,-1.121576165093496,0,1
-1.6440647362406915,1.611519271292134,-1.0852784214895703,1.2142535652005348,-2.1006189283438754,0.06229544063683744,NotPlaced,0.46989064809833114,0,1
-1.167958699244557,0.050554537486061424,-1.0852784214895703,0.09119891761650768,-1.457764881645404,-0.9306297263350372,NotPlaced,-0.5910872273628871,0,1
-1.167958699244557,0.050554537486061424,-1.0852784214895703,1.2142535652005348,-0.0434859789087668,0.8069893158657431,NotPlaced,-0.060598289632277744,0,1
-0.5331506499163802,-1.5104101963200112,-1.0852784214895703,-1.0318557299675197,-0.4291984069278497,1.0552206076087132,Placed,-1.6520651028241051,1,0
-1.6440647362406915,-1.5104101963200112,0.09326023857568026,0.09119891761650768,-0.557769216267544,0.8069893158657431,NotPlaced,-0.41425758145268365,0,0
-1.167958699244557,0.050554537486061424,-1.0852784214895703,-1.0318557299675197,-2.22918973768357,-1.9235548933069118,NotPlaced,-1.121576165093496,0,1
1.0538694734040654,1.611519271292134,1.2717988986409308,-1.0318557299675197,0.727938877129399,-0.9306297263350372,Placed,0.8235499399187379,1,1
1.0538694734040654,-1.5104101963200112,1.2717988986409308,-1.0318557299675197,0.727938877129399,0.31052673237980744,Placed,-0.2374279355424807,1,0
-0.21574662525229105,0.050554537486061424,-1.0852784214895703,-1.0318557299675197,-0.4291984069278497,1.3034518993516808,NotPlaced,-1.121576165093496,0,1
-1.3266607115766023,0.050554537486061424,-1.0852784214895703,-1.0318557299675197,0.4707972584500104,-0.18593585110613037,NotPlaced,-1.121576165093496,0,1
1.3712734980681531,0.050554537486061424,1.2717988986409308,1.2142535652005348,1.2422221144881762,1.0552206076087132,Placed,1.3540388776493464,1,1
-0.8505546745804693,0.050554537486061424,-1.0852784214895703,0.09119891761650768,-0.3006275975881554,-0.18593585110613037,Placed,-0.5910872273628871,1,1
-0.21574662525229105,1.611519271292134,1.2717988986409308,-1.0318557299675197,-1.2006232629660154,-0.9306297263350372,NotPlaced,0.8235499399187379,0,1
0.577763436407931,0.050554537486061424,0.09326023857568026,0.09119891761650768,0.8565096864690933,0.5587580241227753,NotPlaced,0.11623135627792522,0,1
0.10165739941179809,0.050554537486061424,-1.0852784214895703,-1.0318557299675197,-0.0434859789087668,-1.1788610180780061,NotPlaced,-1.121576165093496,0,1
0.4190614240758872,0.050554537486061424,1.2717988986409308,-1.0318557299675197,-1.2006232629660154,-0.6823984345920682,Placed,0.2930610021881282,1,1
0.10165739941179809,-1.5104101963200112,-1.0852784214895703,-1.0318557299675197,-0.3006275975881554,-2.1717861850498807,NotPlaced,-1.6520651028241051,0,0
0.260359411743842,0.050554537486061424,-1.0852784214895703,0.09119891761650768,-1.2006232629660154,-0.4341671428491004,NotPlaced,-0.5910872273628871,0,1
-1.8027667485727352,0.050554537486061424,0.09326023857568026,0.09119891761650768,1.3707929238278704,0.8069893158657431,NotPlaced,0.11623135627792522,0,1
0.8951674610720188,1.611519271292134,-1.0852784214895703,0.09119891761650768,-0.4291984069278497,-1.4270923098209738,NotPlaced,-0.06059828963227817,0,1
1.2125714857361094,0.050554537486061424,1.2717988986409308,-1.0318557299675197,0.4707972584500104,1.3034518993516808,Placed,0.2930610021881282,1,1
-1.8027667485727352,0.050554537486061424,-1.0852784214895703,-1.0318557299675197,-0.557769216267544,-0.9306297263350372,NotPlaced,-1.121576165093496,0,1
-0.21574662525229105,0.050554537486061424,0.09326023857568026,-1.0318557299675197,-0.943481644286627,1.0552206076087132,NotPlaced,-0.41425758145268365,0,1
0.260359411743842,-1.5104101963200112,1.2717988986409308,1.2142535652005348,1.4993637331675649,1.0552206076087132,Placed,0.8235499399187379,1,0
-1.6440647362406915,0.050554537486061424,0.09326023857568026,-1.0318557299675197,-0.1720567882484611,0.31052673237980744,NotPlaced,-0.41425758145268365,0,1
0.4190614240758872,1.611519271292134,1.2717988986409308,1.2142535652005348,1.2422221144881762,1.0552206076087132,Placed,1.8845278153799556,1,1
-1.0092566869125132,-1.5104101963200112,-1.0852784214895703,0.09119891761650768,-0.4291984069278497,-0.6823984345920682,NotPlaced,-1.121576165093496,0,0
0.736465448739975,0.050554537486061424,0.09326023857568026,1.2142535652005348,-0.1720567882484611,-2.4200174767928493,NotPlaced,0.6467202940085341,0,1
0.8951674610720188,0.050554537486061424,-1.0852784214895703,0.09119891761650768,-1.3291940723057099,-1.4270923098209738,NotPlaced,-0.5910872273628871,0,1
1.2125714857361094,1.611519271292134,-1.0852784214895703,1.2142535652005348,-0.3006275975881554,-0.4341671428491004,NotPlaced,0.46989064809833114,0,1
-1.8027667485727352,1.611519271292134,1.2717988986409308,0.09119891761650768,0.4707972584500104,0.8069893158657431,NotPlaced,1.3540388776493464,0,1
-1.8027667485727352,0.050554537486061424,-1.0852784214895703,-1.0318557299675197,-0.8149108349469326,-0.18593585110613037,NotPlaced,-1.121576165093496,0,1
-1.6440647362406915,-1.5104101963200112,-1.0852784214895703,-1.0318557299675197,-0.6863400256072383,0.06229544063683744,NotPlaced,-1.6520651028241051,0,0
-0.21574662525229105,0.050554537486061424,1.2717988986409308,0.09119891761650768,-0.0434859789087668,-0.6823984345920682,NotPlaced,0.8235499399187379,0,1
0.736465448739975,0.050554537486061424,1.2717988986409308,1.2142535652005348,-1.0720524536263212,1.0552206076087132,Placed,1.3540388776493464,1,1
-0.21574662525229105,0.050554537486061424,0.09326023857568026,0.09119891761650768,-0.8149108349469326,1.3034518993516808,NotPlaced,0.11623135627792522,0,1
-0.21574662525229105,-1.5104101963200112,0.09326023857568026,-1.0318557299675197,-0.0434859789087668,-1.9235548933069118,NotPlaced,-0.944746519183293,0,0
-1.0092566869125132,0.050554537486061424,-1.0852784214895703,-1.0318557299675197,0.0850848304309275,0.06229544063683744,NotPlaced,-1.121576165093496,0,1
-1.6440647362406915,0.050554537486061424,-1.0852784214895703,-1.0318557299675197,-0.3006275975881554,0.31052673237980744,NotPlaced,-1.121576165093496,0,1
-0.8505546745804693,0.050554537486061424,-1.0852784214895703,0.09119891761650768,-0.3006275975881554,0.06229544063683744,NotPlaced,-0.5910872273628871,0,1
-0.057044612920247185,1.611519271292134,1.2717988986409308,-1.0318557299675197,-0.3006275975881554,1.3034518993516808,NotPlaced,0.8235499399187379,0,1
-0.5331506499163802,-1.5104101963200112,-1.0852784214895703,1.2142535652005348,-0.557769216267544,-0.6823984345920682,NotPlaced,-0.5910872273628871,0,0
-0.057044612920247185,0.050554537486061424,0.09326023857568026,0.09119891761650768,0.0850848304309275,1.3034518993516808,NotPlaced,0.11623135627792522,0,1
0.577763436407931,1.611519271292134,1.2717988986409308,2.337308212784562,1.4993637331675649,0.8069893158657431,Placed,2.4150167531105646,1,1
-0.21574662525229105,0.050554537486061424,-1.0852784214895703,0.09119891761650768,-0.943481644286627,0.06229544063683744,NotPlaced,-0.5910872273628871,0,1
-0.3744486375843349,0.050554537486061424,0.09326023857568026,0.09119891761650768,-1.457764881645404,-2.916480060278785,NotPlaced,0.11623135627792522,0,1
0.736465448739975,1.611519271292134,1.2717988986409308,2.337308212784562,1.4993637331675649,0.8069893158657431,Placed,2.4150167531105646,1,1
1.2125714857361094,1.611519271292134,-1.0852784214895703,-1.0318557299675197,-0.1720567882484611,0.8069893158657431,NotPlaced,-0.5910872273628871,0,1
-1.8027667485727352,0.050554537486061424,-1.0852784214895703,-1.0318557299675197,-0.943481644286627,-0.4341671428491004,NotPlaced,-1.121576165093496,0,1
-0.3744486375843349,0.050554537486061424,-1.0852784214895703,-1.0318557299675197,-1.9720481190041814,-1.1788610180780061,NotPlaced,-1.121576165093496,0,1
0.10165739941179809,0.050554537486061424,-1.0852784214895703,0.09119891761650768,0.5993680677897048,-0.4341671428491004,NotPlaced,-0.5910872273628871,0,1
-1.8027667485727352,0.050554537486061424,-1.0852784214895703,0.09119891761650768,-1.3291940723057099,-1.4270923098209738,NotPlaced,-0.5910872273628871,0,1
1.529975510400197,-1.5104101963200112,-1.0852784214895703,-1.0318557299675197,-1.5863356909850983,0.31052673237980744,NotPlaced,-1.6520651028241051,0,0
1.0538694734040654,0.050554537486061424,-1.0852784214895703,-1.0318557299675197,0.5993680677897048,-0.6823984345920682,NotPlaced,-1.121576165093496,0,1
0.10165739941179809,0.050554537486061424,-1.0852784214895703,0.09119891761650768,-0.557769216267544,0.5587580241227753,NotPlaced,-0.5910872273628871,0,1
-1.8027667485727352,0.050554537486061424,-1.0852784214895703,-1.0318557299675197,-2.1006189283438754,-0.6823984345920682,NotPlaced,-1.121576165093496,0,1
-1.6440647362406915,0.050554537486061424,0.09326023857568026,-1.0318557299675197,-0.6863400256072383,0.06229544063683744,NotPlaced,-0.41425758145268365,0,1
1.0538694734040654,1.611519271292134,1.2717988986409308,1.2142535652005348,-1.3291940723057099,-0.9306297263350372,Placed,1.8845278153799556,1,1
1.688677522732241,-1.5104101963200112,0.09326023857568026,1.2142535652005348,0.727938877129399,0.5587580241227753,NotPlaced,0.11623135627792522,0,0
-0.8505546745804693,0.050554537486061424,-1.0852784214895703,0.09119891761650768,-0.8149108349469326,0.06229544063683744,NotPlaced,-0.5910872273628871,0,1
0.736465448739975,1.611519271292134,1.2717988986409308,1.2142535652005348,0.5993680677897048,0.06229544063683744,Placed,1.8845278153799556,1,1
1.2125714857361094,0.050554537486061424,1.2717988986409308,1.2142535652005348,0.4707972584500104,0.8069893158657431,NotPlaced,1.3540388776493464,0,1
-0.057044612920247185,1.611519271292134,1.2717988986409308,-1.0318557299675197,0.727938877129399,0.5587580241227753,NotPlaced,0.8235499399187379,0,1
0.10165739941179809,0.050554537486061424,-1.0852784214895703,-1.0318557299675197,-0.557769216267544,0.5587580241227753,NotPlaced,-1.121576165093496,0,1
0.577763436407931,0.050554537486061424,1.2717988986409308,-1.0318557299675197,1.4993637331675649,1.3034518993516808,Placed,0.2930610021881282,1,1
1.0538694734040654,1.611519271292134,0.09326023857568026,0.09119891761650768,1.2422221144881762,0.8069893158657431,Placed,0.6467202940085345,1,1
-1.3266607115766023,0.050554537486061424,0.09326023857568026,-1.0318557299675197,-1.2006232629660154,-1.4270923098209738,NotPlaced,-0.41425758145268365,0,1
-0.5331506499163802,0.050554537486061424,-1.0852784214895703,-1.0318557299675197,-0.3006275975881554,-0.18593585110613037,NotPlaced,-1.121576165093496,0,1
0.577763436407931,0.050554537486061424,1.2717988986409308,1.2142535652005348,1.3707929238278704,1.3034518993516808,Placed,1.3540388776493464,1,1
-0.21574662525229105,0.050554537486061424,1.2717988986409308,1.2142535652005348,0.5993680677897048,1.3034518993516808,NotPlaced,1.3540388776493464,0,1
-0.057044612920247185,0.050554537486061424,0.09326023857568026,1.2142535652005348,-0.8149108349469326,0.5587580241227753,Placed,0.6467202940085341,1,1
-0.3744486375843349,-1.5104101963200112,-1.0852784214895703,0.09119891761650768,-1.2006232629660154,0.06229544063683744,NotPlaced,-1.121576165093496,0,0
1.0538694734040654,-1.5104101963200112,-1.0852784214895703,1.2142535652005348,0.727938877129399,1.0552206076087132,Placed,-0.5910872273628871,1,0
1.529975510400197,1.611519271292134,0.09326023857568026,-1.0318557299675197,-0.1720567882484611,-1.9235548933069118,NotPlaced,0.11623135627792522,0,1
0.577763436407931,0.050554537486061424,0.09326023857568026,-1.0318557299675197,1.4993637331675649,0.06229544063683744,NotPlaced,-0.41425758145268365,0,1
1.2125714857361094,1.611519271292134,1.2717988986409308,1.2142535652005348,0.727938877129399,-0.18593585110613037,Placed,1.8845278153799556,1,1
-1.6440647362406915,0.050554537486061424,-1.0852784214895703,-1.0318557299675197,-1.0720524536263212,-2.4200174767928493,NotPlaced,-1.121576165093496,0,1
1.688677522732241,1.611519271292134,1.2717988986409308,1.2142535652005348,-0.3006275975881554,0.06229544063683744,Placed,1.8845278153799556,1,1
0.4190614240758872,0.050554537486061424,-1.0852784214895703,0.09119891761650768,-2.1006189283438754,0.8069893158657431,NotPlaced,-0.5910872273628871,0,1
0.736465448739975,1.611519271292134,1.2717988986409308,2.337308212784562,0.8565096864690933,1.3034518993516808,NotPlaced,2.4150167531105646,0,1
-0.5331506499163802,-1.5104101963200112,1.2717988986409308,1.2142535652005348,1.3707929238278704,0.5587580241227753,Placed,0.8235499399187379,1,0
-0.3744486375843349,0.050554537486061424,0.09326023857568026,0.09119891761650768,-1.5863356909850983,0.06229544063683744,NotPlaced,0.11623135627792522,0,1
-0.057044612920247185,-1.5104101963200112,-1.0852784214895703,-1.0318557299675197,-0.6863400256072383,-1.1788610180780061,Placed,-1.6520651028241051,1,0
-0.691852662248424,0.050554537486061424,0.09326023857568026,-1.0318557299675197,-2.3577605470232643,0.8069893158657431,NotPlaced,-0.41425758145268365,0,1
0.8951674610720188,-1.5104101963200112,0.09326023857568026,1.2142535652005348,1.2422221144881762,-2.4200174767928493,Placed,0.11623135627792522,1,0
-0.21574662525229105,1.611519271292134,1.2717988986409308,-1.0318557299675197,0.727938877129399,0.5587580241227753,NotPlaced,0.8235499399187379,0,1
-0.21574662525229105,0.050554537486061424,-1.0852784214895703,-1.0318557299675197,-2.3577605470232643,-0.18593585110613037,Placed,-1.121576165093496,1,1
0.10165739941179809,0.050554537486061424,0.09326023857568026,1.2142535652005348,1.2422221144881762,0.8069893158657431,Placed,0.6467202940085341,1,1
1.529975510400197,0.050554537486061424,1.2717988986409308,-1.0318557299675197,1.2422221144881762,1.3034518993516808,Placed,0.2930610021881282,1,1
1.2125714857361094,1.611519271292134,1.2717988986409308,1.2142535652005348,0.4707972584500104,1.0552206076087132,Placed,1.8845278153799556,1,1
0.577763436407931,0.050554537486061424,-1.0852784214895703,-1.0318557299675197,0.2136556397706218,0.31052673237980744,NotPlaced,-1.121576165093496,0,1
-0.3744486375843349,0.050554537486061424,1.2717988986409308,0.09119891761650768,0.4707972584500104,0.31052673237980744,NotPlaced,0.8235499399187379,0,1
-0.21574662525229105,0.050554537486061424,0.09326023857568026,0.09119891761650768,-1.457764881645404,-2.4200174767928493,NotPlaced,0.11623135627792522,0,1
-0.3744486375843349,0.050554537486061424,0.09326023857568026,-1.0318557299675197,-0.1720567882484611,-1.1788610180780061,NotPlaced,-0.41425758145268365,0,1
1.3712734980681531,1.611519271292134,1.2717988986409308,1.2142535652005348,0.727938877129399,1.3034518993516808,Placed,1.8845278153799556,1,1
-1.8027667485727352,-1.5104101963200112,-1.0852784214895703,-1.0318557299675197,-1.5863356909850983,-2.1717861850498807,NotPlaced,-1.6520651028241051,0,0
1.2125714857361094,0.050554537486061424,0.09326023857568026,-1.0318557299675197,1.4993637331675649,1.3034518993516808,Placed,-0.41425758145268365,1,1
-0.21574662525229105,-1.5104101963200112,0.09326023857568026,0.09119891761650768,-1.843477309664487,-1.4270923098209738,NotPlaced,-0.41425758145268365,0,0
-0.3744486375843349,0.050554537486061424,0.09326023857568026,-1.0318557299675197,-0.3006275975881554,-0.6823984345920682,NotPlaced,-0.41425758145268365,0,1
0.736465448739975,1.611519271292134,1.2717988986409308,1.2142535652005348,-0.1720567882484611,0.5587580241227753,NotPlaced,1.8845278153799556,0,1
1.0538694734040654,0.050554537486061424,1.2717988986409308,1.2142535652005348,1.4993637331675649,0.5587580241227753,Placed,1.3540388776493464,1,1
1.3712734980681531,-1.5104101963200112,1.2717988986409308,-1.0318557299675197,1.4993637331675649,1.3034518993516808,Placed,-0.2374279355424807,1,0
1.2125714857361094,-1.5104101963200112,1.2717988986409308,1.2142535652005348,0.34222644911031613,1.3034518993516808,NotPlaced,0.8235499399187379,0,0
0.10165739941179809,-1.5104101963200112,0.09326023857568026,0.09119891761650768,-0.4291984069278497,-0.4341671428491004,Placed,-0.41425758145268365,1,0
-0.3744486375843349,0.050554537486061424,0.09326023857568026,0.09119891761650768,0.4707972584500104,-0.9306297263350372,NotPlaced,0.11623135627792522,0,1
1.0538694734040654,-1.5104101963200112,1.2717988986409308,-1.0318557299675197,1.113651305148482,0.5587580241227753,Placed,-0.2374279355424807,1,0
-1.8027667485727352,0.050554537486061424,-1.0852784214895703,1.2142535652005348,0.2136556397706218,0.06229544063683744,NotPlaced,-0.060598289632277744,0,1
0.260359411743842,-1.5104101963200112,1.2717988986409308,-1.0318557299675197,1.4993637331675649,1.0552206076087132,Placed,-0.2374279355424807,1,0
0.10165739941179809,0.050554537486061424,-1.0852784214895703,-1.0318557299675197,-0.943481644286627,-1.9235548933069118,NotPlaced,-1.121576165093496,0,1
1.529975510400197,0.050554537486061424,0.09326023857568026,1.2142535652005348,-0.0434859789087668,1.3034518993516808,Placed,0.6467202940085341,1,1
0.4190614240758872,-1.5104101963200112,1.2717988986409308,0.09119891761650768,0.34222644911031613,0.8069893158657431,NotPlaced,0.2930610021881282,0,0
-1.6440647362406915,0.050554537486061424,-1.0852784214895703,-1.0318557299675197,-0.8149108349469326,-0.9306297263350372,NotPlaced,-1.121576165093496,0,1
-0.3744486375843349,0.050554537486061424,-1.0852784214895703,-1.0318557299675197,-2.3577605470232643,-2.1717861850498807,NotPlaced,-1.121576165093496,0,1
0.10165739941179809,0.050554537486061424,-1.0852784214895703,1.2142535652005348,-0.3006275975881554,1.0552206076087132,NotPlaced,-0.060598289632277744,0,1
0.260359411743842,-1.5104101963200112,0.09326023857568026,-1.0318557299675197,-0.943481644286627,0.31052673237980744,NotPlaced,-0.944746519183293,0,0
0.8951674610720188,0.050554537486061424,0.09326023857568026,0.09119891761650768,1.4993637331675649,1.3034518993516808,Placed,0.11623135627792522,1,1
-0.3744486375843349,0.050554537486061424,-1.0852784214895703,0.09119891761650768,0.34222644911031613,-1.9235548933069118,NotPlaced,-0.5910872273628871,0,1
0.736465448739975,0.050554537486061424,1.2717988986409308,-1.0318557299675197,1.2422221144881762,-1.1788610180780061,NotPlaced,0.2930610021881282,0,1
-1.6440647362406915,0.050554537486061424,-1.0852784214895703,-1.0318557299675197,-1.0720524536263212,0.8069893158657431,NotPlaced,-1.121576165093496,0,1
1.3712734980681531,0.050554537486061424,0.09326023857568026,1.2142535652005348,0.4707972584500104,-0.6823984345920682,Placed,0.6467202940085341,1,1
0.736465448739975,0.050554537486061424,-1.0852784214895703,1.2142535652005348,1.4993637331675649,1.3034518993516808,Placed,-0.060598289632277744,1,1
-0.057044612920247185,0.050554537486061424,-1.0852784214895703,-1.0318557299675197,-1.3291940723057099,0.06229544063683744,NotPlaced,-1.121576165093496,0,1
0.8951674610720188,1.611519271292134,1.2717988986409308,2.337308212784562,1.2422221144881762,0.5587580241227753,NotPlaced,2.4150167531105646,0,1
1.0538694734040654,0.050554537486061424,0.09326023857568026,-1.0318557299675197,-0.3006275975881554,0.31052673237980744,Placed,-0.41425758145268365,1,1
0.736465448739975,1.611519271292134,1.2717988986409308,1.2142535652005348,1.3707929238278704,0.5587580241227753,Placed,1.8845278153799556,1,1
0.736465448739975,1.611519271292134,1.2717988986409308,-1.0318557299675197,-0.1720567882484611,1.3034518993516808,Placed,0.8235499399187379,1,1
1.529975510400197,1.611519271292134,1.2717988986409308,1.2142535652005348,1.4993637331675649,0.5587580241227753,Placed,1.8845278153799556,1,1
2.3234855720604193,1.611519271292134,1.2717988986409308,1.2142535652005348,1.4993637331675649,1.3034518993516808,Placed,1.8845278153799556,1,1
-0.21574662525229105,0.050554537486061424,0.09326023857568026,-1.0318557299675197,1.3707929238278704,0.5587580241227753,Placed,-0.41425758145268365,1,1
0.8951674610720188,0.050554537486061424,-1.0852784214895703,-1.0318557299675197,0.0850848304309275,0.5587580241227753,Placed,-1.121576165093496,1,1
0.577763436407931,0.050554537486061424,1.2717988986409308,1.2142535652005348,1.2422221144881762,-0.9306297263350372,Placed,1.3540388776493464,1,1
1.3712734980681531,-1.5104101963200112,1.2717988986409308,-1.0318557299675197,1.3707929238278704,1.0552206076087132,Placed,-0.2374279355424807,1,0
-0.057044612920247185,0.050554537486061424,0.09326023857568026,-1.0318557299675197,0.9850804958087876,-0.18593585110613037,NotPlaced,-0.41425758145268365,0,1
0.10165739941179809,0.050554537486061424,1.2717988986409308,-1.0318557299675197,0.2136556397706218,1.3034518993516808,NotPlaced,0.2930610021881282,0,1
-1.4853627239086462,0.050554537486061424,-1.0852784214895703,-1.0318557299675197,0.2136556397706218,0.5587580241227753,NotPlaced,-1.121576165093496,0,1
1.2125714857361094,0.050554537486061424,1.2717988986409308,-1.0318557299675197,0.4707972584500104,-0.4341671428491004,NotPlaced,0.2930610021881282,0,1
0.10165739941179809,-1.5104101963200112,-1.0852784214895703,-1.0318557299675197,0.4707972584500104,-0.4341671428491004,NotPlaced,-1.6520651028241051,0,0
1.0538694734040654,1.611519271292134,1.2717988986409308,1.2142535652005348,1.4993637331675649,0.06229544063683744,Placed,1.8845278153799556,1,1
0.260359411743842,-1.5104101963200112,0.09326023857568026,-1.0318557299675197,0.0850848304309275,-0.4341671428491004,NotPlaced,-0.944746519183293,0,0
-1.3266607115766023,0.050554537486061424,-1.0852784214895703,-1.0318557299675197,0.8565096864690933,0.06229544063683744,NotPlaced,-1.121576165093496,0,1
0.4190614240758872,0.050554537486061424,0.09326023857568026,-1.0318557299675197,-0.4291984069278497,-1.1788610180780061,NotPlaced,-0.41425758145268365,0,1
1.0538694734040654,-1.5104101963200112,1.2717988986409308,1.2142535652005348,1.4993637331675649,1.3034518993516808,Placed,0.8235499399187379,1,0
-0.21574662525229105,0.050554537486061424,-1.0852784214895703,0.09119891761650768,-1.2006232629660154,-1.4270923098209738,NotPlaced,-0.5910872273628871,0,1
-1.3266607115766023,-1.5104101963200112,-1.0852784214895703,-1.0318557299675197,0.727938877129399,-0.4341671428491004,Placed,-1.6520651028241051,1,0
1.3712734980681531,0.050554537486061424,1.2717988986409308,-1.0318557299675197,1.2422221144881762,1.0552206076087132,Placed,0.2930610021881282,1,1
0.10165739941179809,0.050554537486061424,0.09326023857568026,-1.0318557299675197,0.727938877129399,1.0552206076087132,NotPlaced,-0.41425758145268365,0,1
0.736465448739975,0.050554537486061424,1.2717988986409308,0.09119891761650768,-0.3006275975881554,-0.18593585110613037,Placed,0.8235499399187379,1,1
0.10165739941179809,0.050554537486061424,-1.0852784214895703,-1.0318557299675197,0.2136556397706218,-2.4200174767928493,NotPlaced,-1.121576165093496,0,1
-0.5331506499163802,0.050554537486061424,-1.0852784214895703,0.09119891761650768,-1.3291940723057099,-2.4200174767928493,NotPlaced,-0.5910872273628871,0,1
-0.057044612920247185,0.050554537486061424,0.09326023857568026,1.2142535652005348,-0.557769216267544,-0.18593585110613037,NotPlaced,0.6467202940085341,0,1
-1.8027667485727352,-1.5104101963200112,-1.0852784214895703,0.09119891761650768,-1.3291940723057099,-0.4341671428491004,NotPlaced,-1.121576165093496,0,0
1.2125714857361094,1.611519271292134,1.2717988986409308,1.2142535652005348,0.9850804958087876,-0.18593585110613037,Placed,1.8845278153799556,1,1
1.0538694734040654,1.611519271292134,1.2717988986409308,1.2142535652005348,0.5993680677897048,-0.18593585110613037,NotPlaced,1.8845278153799556,0,1
-1.8027667485727352,0.050554537486061424,0.09326023857568026,-1.0318557299675197,-0.3006275975881554,0.06229544063683744,NotPlaced,-0.41425758145268365,0,1
1.0538694734040654,0.050554537486061424,1.2717988986409308,-1.0318557299675197,0.4707972584500104,1.3034518993516808,NotPlaced,0.2930610021881282,0,1
-1.167958699244557,-1.5104101963200112,0.09326023857568026,-1.0318557299675197,-1.7149065003247927,-1.6753236015639428,NotPlaced,-0.944746519183293,0,0
-1.8027667485727352,-1.5104101963200112,0.09326023857568026,-1.0318557299675197,-0.3006275975881554,-1.6753236015639428,NotPlaced,-0.944746519183293,0,0
0.577763436407931,-1.5104101963200112,-2.2638170815548206,1.2142535652005348,-0.3006275975881554,1.3034518993516808,Placed,-1.298405811003699,1,0
1.688677522732241,0.050554537486061424,1.2717988986409308,1.2142535652005348,1.3707929238278704,1.0552206076087132,Placed,1.3540388776493464,1,1
0.8951674610720188,1.611519271292134,0.09326023857568026,2.337308212784562,0.727938877129399,-0.9306297263350372,NotPlaced,1.707698169469752,0,1
0.577763436407931,0.050554537486061424,-1.0852784214895703,0.09119891761650768,0.5993680677897048,-0.18593585110613037,NotPlaced,-0.5910872273628871,0,1
0.260359411743842,0.050554537486061424,1.2717988986409308,1.2142535652005348,1.4993637331675649,1.3034518993516808,Placed,1.3540388776493464,1,1
0.577763436407931,0.050554537486061424,-1.0852784214895703,-1.0318557299675197,0.0850848304309275,-1.1788610180780061,NotPlaced,-1.121576165093496,0,1
0.736465448739975,0.050554537486061424,-1.0852784214895703,0.09119891761650768,-0.943481644286627,-0.18593585110613037,NotPlaced,-0.5910872273628871,0,1
-0.057044612920247185,0.050554537486061424,-1.0852784214895703,-1.0318557299675197,-1.3291940723057099,-0.6823984345920682,NotPlaced,-1.121576165093496,0,1
0.10165739941179809,0.050554537486061424,-1.0852784214895703,0.09119891761650768,-1.5863356909850983,-0.4341671428491004,NotPlaced,-0.5910872273628871,0,1
-0.3744486375843349,0.050554537486061424,1.2717988986409308,-1.0318557299675197,1.2422221144881762,1.3034518993516808,Placed,0.2930610021881282,1,1
1.529975510400197,1.611519271292134,1.2717988986409308,-1.0318557299675197,0.34222644911031613,1.0552206076087132,Placed,0.8235499399187379,1,1
0.4190614240758872,0.050554537486061424,1.2717988986409308,1.2142535652005348,-0.4291984069278497,0.8069893158657431,Placed,1.3540388776493464,1,1
-1.8027667485727352,-1.5104101963200112,0.09326023857568026,-1.0318557299675197,-1.2006232629660154,0.5587580241227753,NotPlaced,-0.944746519183293,0,0
1.0538694734040654,1.611519271292134,-1.0852784214895703,0.09119891761650768,-0.1720567882484611,-0.4341671428491004,NotPlaced,-0.06059828963227817,0,1
-0.057044612920247185,0.050554537486061424,0.09326023857568026,-1.0318557299675197,-0.6863400256072383,-0.18593585110613037,NotPlaced,-0.41425758145268365,0,1
-0.691852662248424,-1.5104101963200112,0.09326023857568026,-1.0318557299675197,0.4707972584500104,1.3034518993516808,NotPlaced,-0.944746519183293,0,0
-0.5331506499163802,-1.5104101963200112,1.2717988986409308,0.09119891761650768,0.8565096864690933,1.0552206076087132,NotPlaced,0.2930610021881282,0,0
-1.0092566869125132,1.611519271292134,1.2717988986409308,1.2142535652005348,0.727938877129399,1.3034518993516808,Placed,1.8845278153799556,1,1
-0.3744486375843349,0.050554537486061424,0.09326023857568026,0.09119891761650768,-1.5863356909850983,0.5587580241227753,NotPlaced,0.11623135627792522,0,1
-1.3266607115766023,-1.5104101963200112,0.09326023857568026,0.09119891761650768,-0.943481644286627,-0.6823984345920682,NotPlaced,-0.41425758145268365,0,0
0.736465448739975,0.050554537486061424,1.2717988986409308,-1.0318557299675197,1.4993637331675649,0.31052673237980744,Placed,0.2930610021881282,1,1
0.260359411743842,-1.5104101963200112,1.2717988986409308,-1.0318557299675197,0.727938877129399,-1.1788610180780061,NotPlaced,-0.2374279355424807,0,0
0.736465448739975,-1.5104101963200112,1.2717988986409308,0.09119891761650768,1.4993637331675649,1.0552206076087132,NotPlaced,0.2930610021881282,0,0
-1.8027667485727352,0.050554537486061424,-1.0852784214895703,-1.0318557299675197,-1.7149065003247927,0.5587580241227753,NotPlaced,-1.121576165093496,0,1
1.529975510400197,-1.5104101963200112,1.2717988986409308,-1.0318557299675197,0.727938877129399,1.3034518993516808,Placed,-0.2374279355424807,1,0
-0.21574662525229105,0.050554537486061424,0.09326023857568026,-1.0318557299675197,-2.3577605470232643,-1.6753236015639428,NotPlaced,-0.41425758145268365,0,1
0.10165739941179809,0.050554537486061424,0.09326023857568026,-1.0318557299675197,-0.6863400256072383,-0.6823984345920682,Placed,-0.41425758145268365,1,1
1.529975510400197,1.611519271292134,1.2717988986409308,1.2142535652005348,1.4993637331675649,1.0552206076087132,Placed,1.8845278153799556,1,1
1.3712734980681531,1.611519271292134,1.2717988986409308,1.2142535652005348,0.9850804958087876,1.3034518993516808,Placed,1.8845278153799556,1,1
-0.057044612920247185,0.050554537486061424,-1.0852784214895703,-1.0318557299675197,-0.8149108349469326,0.8069893158657431,NotPlaced,-1.121576165093496,0,1
-0.8505546745804693,0.050554537486061424,0.09326023857568026,1.2142535652005348,0.34222644911031613,1.3034518993516808,NotPlaced,0.6467202940085341,0,1
0.8951674610720188,0.050554537486061424,0.09326023857568026,1.2142535652005348,0.4707972584500104,0.06229544063683744,NotPlaced,0.6467202940085341,0,1
0.10165739941179809,0.050554537486061424,-1.0852784214895703,-1.0318557299675197,-1.2006232629660154,0.31052673237980744,NotPlaced,-1.121576165093496,0,1
-0.3744486375843349,0.050554537486061424,0.09326023857568026,-1.0318557299675197,-1.2006232629660154,-1.1788610180780061,NotPlaced,-0.41425758145268365,0,1
0.736465448739975,-1.5104101963200112,1.2717988986409308,-1.0318557299675197,-1.2006232629660154,-0.4341671428491004,NotPlaced,-0.2374279355424807,0,0
-1.8027667485727352,0.050554537486061424,-1.0852784214895703,-1.0318557299675197,-1.7149065003247927,0.06229544063683744,NotPlaced,-1.121576165093496,0,1
1.2125714857361094,0.050554537486061424,-1.0852784214895703,1.2142535652005348,-0.0434859789087668,-0.4341671428491004,NotPlaced,-0.060598289632277744,0,1
-1.167958699244557,0.050554537486061424,0.09326023857568026,0.09119891761650768,-1.3291940723057099,0.5587580241227753,NotPlaced,0.11623135627792522,0,1
-0.691852662248424,-1.5104101963200112,-1.0852784214895703,0.09119891761650768,-1.7149065003247927,-1.1788610180780061,NotPlaced,-1.121576165093496,0,0
0.10165739941179809,0.050554537486061424,-1.0852784214895703,-1.0318557299675197,-0.0434859789087668,0.06229544063683744,NotPlaced,-1.121576165093496,0,1
1.0538694734040654,-1.5104101963200112,0.09326023857568026,0.09119891761650768,1.3707929238278704,1.0552206076087132,Placed,-0.41425758145268365,1,0
1.0538694734040654,-1.5104101963200112,-1.0852784214895703,1.2142535652005348,0.34222644911031613,0.31052673237980744,Placed,-0.5910872273628871,1,0
-0.057044612920247185,-1.5104101963200112,-1.0852784214895703,-1.0318557299675197,-0.0434859789087668,-2.6682487685358174,NotPlaced,-1.6520651028241051,0,0
-0.21574662525229105,-1.5104101963200112,-1.0852784214895703,0.09119891761650768,-0.8149108349469326,-1.9235548933069118,NotPlaced,-1.121576165093496,0,0
-0.3744486375843349,1.611519271292134,0.09326023857568026,-1.0318557299675197,0.34222644911031613,1.0552206076087132,NotPlaced,0.11623135627792522,0,1
1.529975510400197,0.050554537486061424,1.2717988986409308,-1.0318557299675197,-0.557769216267544,0.31052673237980744,Placed,0.2930610021881282,1,1
-0.21574662525229105,-1.5104101963200112,0.09326023857568026,-1.0318557299675197,1.4993637331675649,1.3034518993516808,NotPlaced,-0.944746519183293,0,0
-0.5331506499163802,0.050554537486061424,-1.0852784214895703,-1.0318557299675197,-1.2006232629660154,-0.9306297263350372,NotPlaced,-1.121576165093496,0,1
-0.21574662525229105,0.050554537486061424,-1.0852784214895703,-1.0318557299675197,-0.0434859789087668,-0.6823984345920682,NotPlaced,-1.121576165093496,0,1
-1.6440647362406915,0.050554537486061424,1.2717988986409308,1.2142535652005348,1.4993637331675649,0.06229544063683744,Placed,1.3540388776493464,1,1
-0.057044612920247185,-1.5104101963200112,-1.0852784214895703,0.09119891761650768,-0.1720567882484611,0.06229544063683744,NotPlaced,-1.121576165093496,0,0
0.8951674610720188,-1.5104101963200112,-1.0852784214895703,2.337308212784562,0.727938877129399,1.3034518993516808,Placed,-0.06059828963227817,1,0
-1.4853627239086462,0.050554537486061424,0.09326023857568026,1.2142535652005348,-1.3291940723057099,-0.4341671428491004,NotPlaced,0.6467202940085341,0,1
0.8951674610720188,-1.5104101963200112,1.2717988986409308,-1.0318557299675197,1.4993637331675649,0.5587580241227753,NotPlaced,-0.2374279355424807,0,0
-0.21574662525229105,-1.5104101963200112,-1.0852784214895703,0.09119891761650768,-0.943481644286627,-1.6753236015639428,NotPlaced,-1.121576165093496,0,0
-0.057044612920247185,0.050554537486061424,-1.0852784214895703,-1.0318557299675197,-1.0720524536263212,-1.1788610180780061,NotPlaced,-1.121576165093496,0,1
-0.057044612920247185,0.050554537486061424,1.2717988986409308,1.2142535652005348,-0.4291984069278497,0.06229544063683744,NotPlaced,1.3540388776493464,0,1
1.529975510400197,1.611519271292134,-1.0852784214895703,-1.0318557299675197,1.113651305148482,0.31052673237980744,Placed,-0.5910872273628871,1,1
0.577763436407931,0.050554537486061424,0.09326023857568026,1.2142535652005348,0.2136556397706218,1.0552206076087132,NotPlaced,0.6467202940085341,0,1
1.529975510400197,-1.5104101963200112,1.2717988986409308,2.337308212784562,1.4993637331675649,1.3034518993516808,Placed,1.3540388776493464,1,0
1.2125714857361094,1.611519271292134,-1.0852784214895703,0.09119891761650768,-0.1720567882484611,0.31052673237980744,NotPlaced,-0.06059828963227817,0,1
-0.21574662525229105,0.050554537486061424,0.09326023857568026,0.09119891761650768,0.0850848304309275,1.0552206076087132,NotPlaced,0.11623135627792522,0,1
-1.167958699244557,0.050554537486061424,1.2717988986409308,0.09119891761650768,0.0850848304309275,-0.18593585110613037,NotPlaced,0.8235499399187379,0,1
-1.8027667485727352,0.050554537486061424,0.09326023857568026,-1.0318557299675197,-2.22918973768357,-0.6823984345920682,NotPlaced,-0.41425758145268365,0,1
1.2125714857361094,1.611519271292134,0.09326023857568026,1.2142535652005348,0.34222644911031613,-0.18593585110613037,Placed,1.177209231739143,1,1
0.10165739941179809,0.050554537486061424,0.09326023857568026,0.09119891761650768,-0.0434859789087668,0.8069893158657431,NotPlaced,0.11623135627792522,0,1
1.2125714857361094,0.050554537486061424,0.09326023857568026,0.09119891761650768,-0.3006275975881554,-0.6823984345920682,Placed,0.11623135627792522,1,1
0.8951674610720188,0.050554537486061424,1.2717988986409308,1.2142535652005348,-0.3006275975881554,0.31052673237980744,NotPlaced,1.3540388776493464,0,1
0.10165739941179809,0.050554537486061424,1.2717988986409308,1.2142535652005348,0.34222644911031613,1.0552206076087132,NotPlaced,1.3540388776493464,0,1
-0.3744486375843349,0.050554537486061424,-1.0852784214895703,-1.0318557299675197,0.8565096864690933,-0.9306297263350372,NotPlaced,-1.121576165093496,0,1
-1.8027667485727352,0.050554537486061424,0.09326023857568026,0.09119891761650768,-1.3291940723057099,1.3034518993516808,NotPlaced,0.11623135627792522,0,1
-1.6440647362406915,0.050554537486061424,0.09326023857568026,-1.0318557299675197,-0.1720567882484611,-0.4341671428491004,NotPlaced,-0.41425758145268365,0,1
-1.8027667485727352,0.050554537486061424,0.09326023857568026,0.09119891761650768,0.0850848304309275,-0.9306297263350372,NotPlaced,0.11623135627792522,0,1
-0.21574662525229105,0.050554537486061424,0.09326023857568026,0.09119891761650768,-0.943481644286627,-0.4341671428491004,NotPlaced,0.11623135627792522,0,1
-0.21574662525229105,1.611519271292134,0.09326023857568026,2.337308212784562,-1.0720524536263212,-0.18593585110613037,Placed,1.707698169469752,1,1
0.260359411743842,-1.5104101963200112,1.2717988986409308,1.2142535652005348,0.8565096864690933,0.06229544063683744,NotPlaced,0.8235499399187379,0,0
-0.21574662525229105,0.050554537486061424,0.09326023857568026,0.09119891761650768,1.4993637331675649,-1.1788610180780061,Placed,0.11623135627792522,1,1
-0.21574662525229105,0.050554537486061424,0.09326023857568026,0.09119891761650768,-0.6863400256072383,1.3034518993516808,NotPlaced,0.11623135627792522,0,1
-0.057044612920247185,0.050554537486061424,0.09326023857568026,-1.0318557299675197,-1.5863356909850983,-1.1788610180780061,NotPlaced,-0.41425758145268365,0,1
0.8951674610720188,1.611519271292134,1.2717988986409308,1.2142535652005348,1.4993637331675649,-0.18593585110613037,Placed,1.8845278153799556,1,1
0.4190614240758872,1.611519271292134,-1.0852784214895703,1.2142535652005348,1.3707929238278704,1.3034518993516808,NotPlaced,0.46989064809833114,0,1
-1.8027667485727352,0.050554537486061424,-1.0852784214895703,0.09119891761650768,-0.6863400256072383,-0.9306297263350372,NotPlaced,-0.5910872273628871,0,1
0.4190614240758872,1.611519271292134,-1.0852784214895703,0.09119891761650768,-1.0720524536263212,1.0552206076087132,NotPlaced,-0.06059828963227817,0,1
-0.3744486375843349,0.050554537486061424,-1.0852784214895703,-1.0318557299675197,-0.557769216267544,-0.4341671428491004,NotPlaced,-1.121576165093496,0,1
-0.21574662525229105,0.050554537486061424,1.2717988986409308,-1.0318557299675197,1.4993637331675649,0.06229544063683744,Placed,0.2930610021881282,1,1
1.688677522732241,0.050554537486061424,0.09326023857568026,-1.0318557299675197,-1.2006232629660154,0.8069893158657431,Placed,-0.41425758145268365,1,1
-0.3744486375843349,0.050554537486061424,-1.0852784214895703,0.09119891761650768,-1.0720524536263212,0.06229544063683744,NotPlaced,-0.5910872273628871,0,1
0.4190614240758872,-1.5104101963200112,-1.0852784214895703,0.09119891761650768,-0.6863400256072383,-0.4341671428491004,NotPlaced,-1.121576165093496,0,0
0.4190614240758872,0.050554537486061424,0.09326023857568026,0.09119891761650768,-1.3291940723057099,-0.6823984345920682,NotPlaced,0.11623135627792522,0,1
-0.3744486375843349,0.050554537486061424,0.09326023857568026,0.09119891761650768,-0.4291984069278497,-0.18593585110613037,NotPlaced,0.11623135627792522,0,1
-1.0092566869125132,-1.5104101963200112,-1.0852784214895703,1.2142535652005348,-0.8149108349469326,-0.6823984345920682,NotPlaced,-0.5910872273628871,0,0
-0.21574662525229105,1.611519271292134,0.09326023857568026,0.09119891761650768,-1.3291940723057099,-1.4270923098209738,NotPlaced,0.6467202940085345,0,1
-0.057044612920247185,-1.5104101963200112,-1.0852784214895703,0.09119891761650768,-0.3006275975881554,-0.9306297263350372,NotPlaced,-1.121576165093496,0,0
-0.5331506499163802,-1.5104101963200112,0.09326023857568026,0.09119891761650768,-1.2006232629660154,-0.4341671428491004,NotPlaced,-0.41425758145268365,0,0
1.0538694734040654,0.050554537486061424,0.09326023857568026,-1.0318557299675197,-0.0434859789087668,0.31052673237980744,NotPlaced,-0.41425758145268365,0,1
0.577763436407931,0.050554537486061424,1.2717988986409308,1.2142535652005348,1.4993637331675649,0.06229544063683744,Placed,1.3540388776493464,1,1
2.0060815473963314,0.050554537486061424,1.2717988986409308,-1.0318557299675197,0.8565096864690933,1.3034518993516808,Placed,0.2930610021881282,1,1
0.736465448739975,0.050554537486061424,1.2717988986409308,1.2142535652005348,0.34222644911031613,1.3034518993516808,NotPlaced,1.3540388776493464,0,1
1.688677522732241,0.050554537486061424,0.09326023857568026,1.2142535652005348,0.9850804958087876,1.3034518993516808,Placed,0.6467202940085341,1,1
2.0060815473963314,1.611519271292134,1.2717988986409308,0.09119891761650768,1.4993637331675649,0.06229544063683744,Placed,1.3540388776493464,1,1
-0.057044612920247185,0.050554537486061424,1.2717988986409308,0.09119891761650768,0.9850804958087876,0.8069893158657431,NotPlaced,0.8235499399187379,0,1
0.4190614240758872,0.050554537486061424,-1.0852784214895703,1.2142535652005348,1.113651305148482,-0.18593585110613037,NotPlaced,-0.060598289632277744,0,1
-0.3744486375843349,-1.5104101963200112,1.2717988986409308,1.2142535652005348,-0.4291984069278497,1.3034518993516808,NotPlaced,0.8235499399187379,0,0
-0.21574662525229105,0.050554537486061424,0.09326023857568026,0.09119891761650768,-0.1720567882484611,0.8069893158657431,NotPlaced,0.11623135627792522,0,1
1.3712734980681531,1.611519271292134,0.09326023857568026,0.09119891761650768,0.5993680677897048,0.06229544063683744,NotPlaced,0.6467202940085345,0,1
-1.0092566869125132,-1.5104101963200112,0.09326023857568026,0.09119891761650768,-0.6863400256072383,-0.9306297263350372,NotPlaced,-0.41425758145268365,0,0
-1.8027667485727352,0.050554537486061424,0.09326023857568026,-1.0318557299675197,-1.457764881645404,0.31052673237980744,NotPlaced,-0.41425758145268365,0,1
0.577763436407931,1.611519271292134,1.2717988986409308,-1.0318557299675197,0.4707972584500104,1.3034518993516808,Placed,0.8235499399187379,1,1
-0.057044612920247185,0.050554537486061424,-1.0852784214895703,-1.0318557299675197,-0.1720567882484611,0.31052673237980744,NotPlaced,-1.121576165093496,0,1
-0.21574662525229105,0.050554537486061424,0.09326023857568026,0.09119891761650768,-0.3006275975881554,-1.4270923098209738,NotPlaced,0.11623135627792522,0,1
0.8951674610720188,1.611519271292134,-1.0852784214895703,1.2142535652005348,1.4993637331675649,0.5587580241227753,NotPlaced,0.46989064809833114,0,1
1.0538694734040654,0.050554537486061424,1.2717988986409308,0.09119891761650768,0.727938877129399,0.8069893158657431,NotPlaced,0.8235499399187379,0,1
1.529975510400197,1.611519271292134,1.2717988986409308,2.337308212784562,1.113651305148482,1.0552206076087132,Placed,2.4150167531105646,1,1
0.10165739941179809,-1.5104101963200112,-1.0852784214895703,0.09119891761650768,-1.457764881645404,0.31052673237980744,NotPlaced,-1.121576165093496,0,0
1.0538694734040654,0.050554537486061424,0.09326023857568026,1.2142535652005348,0.5993680677897048,-0.18593585110613037,Placed,0.6467202940085341,1,1
-0.8505546745804693,1.611519271292134,-1.0852784214895703,-1.0318557299675197,-0.8149108349469326,0.06229544063683744,NotPlaced,-0.5910872273628871,0,1
0.10165739941179809,0.050554537486061424,-1.0852784214895703,1.2142535652005348,-0.3006275975881554,0.8069893158657431,NotPlaced,-0.060598289632277744,0,1
1.2125714857361094,0.050554537486061424,1.2717988986409308,1.2142535652005348,0.2136556397706218,0.31052673237980744,NotPlaced,1.3540388776493464,0,1
-1.8027667485727352,-1.5104101963200112,-1.0852784214895703,-1.0318557299675197,-1.3291940723057099,-1.6753236015639428,NotPlaced,-1.6520651028241051,0,0
0.260359411743842,-1.5104101963200112,-1.0852784214895703,1.2142535652005348,-0.3006275975881554,0.06229544063683744,NotPlaced,-0.5910872273628871,0,0
0.8951674610720188,1.611519271292134,1.2717988986409308,1.2142535652005348,0.8565096864690933,0.31052673237980744,Placed,1.8845278153799556,1,1
-1.4853627239086462,-1.5104101963200112,-1.0852784214895703,-1.0318557299675197,-0.6863400256072383,-0.6823984345920682,Placed,-1.6520651028241051,1,0
0.10165739941179809,1.611519271292134,0.09326023857568026,-1.0318557299675197,0.4707972584500104,0.06229544063683744,NotPlaced,0.11623135627792522,0,1
1.3712734980681531,0.050554537486061424,1.2717988986409308,0.09119891761650768,-0.1720567882484611,1.0552206076087132,NotPlaced,0.8235499399187379,0,1
0.260359411743842,1.611519271292134,1.2717988986409308,1.2142535652005348,1.4993637331675649,1.0552206076087132,Placed,1.8845278153799556,1,1
1.529975510400197,-1.5104101963200112,1.2717988986409308,-1.0318557299675197,0.9850804958087876,0.5587580241227753,NotPlaced,-0.2374279355424807,0,0
-1.167958699244557,0.050554537486061424,-1.0852784214895703,0.09119891761650768,-0.1720567882484611,0.31052673237980744,Placed,-0.5910872273628871,1,1
0.10165739941179809,0.050554537486061424,-1.0852784214895703,-1.0318557299675197,0.0850848304309275,0.06229544063683744,Placed,-1.121576165093496,1,1
0.10165739941179809,-1.5104101963200112,0.09326023857568026,-1.0318557299675197,-1.0720524536263212,-1.6753236015639428,NotPlaced,-0.944746519183293,0,0
1.688677522732241,1.611519271292134,1.2717988986409308,-1.0318557299675197,0.9850804958087876,1.3034518993516808,Placed,0.8235499399187379,1,1
0.8951674610720188,0.050554537486061424,1.2717988986409308,-1.0318557299675197,-0.4291984069278497,0.31052673237980744,NotPlaced,0.2930610021881282,0,1
-0.5331506499163802,0.050554537486061424,-1.0852784214895703,0.09119891761650768,-1.843477309664487,-0.4341671428491004,NotPlaced,-0.5910872273628871,0,1
-0.21574662525229105,-1.5104101963200112,0.09326023857568026,-1.0318557299675197,-0.943481644286627,-2.1717861850498807,NotPlaced,-0.944746519183293,0,0
-1.6440647362406915,0.050554537486061424,0.09326023857568026,0.09119891761650768,-1.457764881645404,-0.4341671428491004,NotPlaced,0.11623135627792522,0,1
0.10165739941179809,0.050554537486061424,0.09326023857568026,-1.0318557299675197,0.4707972584500104,-0.18593585110613037,Placed,-0.41425758145268365,1,1
-0.3744486375843349,0.050554537486061424,1.2717988986409308,-1.0318557299675197,1.2422221144881762,-0.4341671428491004,NotPlaced,0.2930610021881282,0,1
-0.3744486375843349,1.611519271292134,0.09326023857568026,-1.0318557299675197,-1.2006232629660154,-0.4341671428491004,NotPlaced,0.11623135627792522,0,1
0.736465448739975,1.611519271292134,1.2717988986409308,1.2142535652005348,1.2422221144881762,1.0552206076087132,Placed,1.8845278153799556,1,1
-1.4853627239086462,0.050554537486061424,-1.0852784214895703,0.09119891761650768,-0.1720567882484611,1.0552206076087132,NotPlaced,-0.5910872273628871,0,1
0.10165739941179809,-1.5104101963200112,-1.0852784214895703,0.09119891761650768,-0.557769216267544,-0.6823984345920682,NotPlaced,-1.121576165093496,0,0
0.260359411743842,-1.5104101963200112,-1.0852784214895703,-1.0318557299675197,0.0850848304309275,-0.4341671428491004,Placed,-1.6520651028241051,1,0
-0.691852662248424,0.050554537486061424,-1.0852784214895703,2.337308212784562,-0.4291984069278497,-1.9235548933069118,NotPlaced,0.46989064809833114,0,1
-0.057044612920247185,0.050554537486061424,-1.0852784214895703,-1.0318557299675197,0.0850848304309275,-0.9306297263350372,NotPlaced,-1.121576165093496,0,1
-0.5331506499163802,-1.5104101963200112,0.09326023857568026,-1.0318557299675197,0.5993680677897048,-0.18593585110613037,NotPlaced,-0.944746519183293,0,0
-1.8027667485727352,0.050554537486061424,-1.0852784214895703,-1.0318557299675197,0.2136556397706218,0.06229544063683744,NotPlaced,-1.121576165093496,0,1
0.260359411743842,1.611519271292134,1.2717988986409308,1.2142535652005348,1.2422221144881762,0.5587580241227753,Placed,1.8845278153799556,1,1
-1.6440647362406915,0.050554537486061424,-1.0852784214895703,-1.0318557299675197,-1.9720481190041814,-2.4200174767928493,NotPlaced,-1.121576165093496,0,1
0.577763436407931,0.050554537486061424,-1.0852784214895703,-1.0318557299675197,0.34222644911031613,0.31052673237980744,NotPlaced,-1.121576165093496,0,1
-0.057044612920247185,0.050554537486061424,0.09326023857568026,-1.0318557299675197,-0.4291984069278497,-1.9235548933069118,NotPlaced,-0.41425758145268365,0,1
-1.8027667485727352,0.050554537486061424,-1.0852784214895703,-1.0318557299675197,-0.3006275975881554,-1.4270923098209738,NotPlaced,-1.121576165093496,0,1
-1.8027667485727352,0.050554537486061424,-1.0852784214895703,0.09119891761650768,-0.0434859789087668,-1.6753236015639428,NotPlaced,-0.5910872273628871,0,1
-1.4853627239086462,0.050554537486061424,0.09326023857568026,-1.0318557299675197,1.3707929238278704,1.0552206076087132,NotPlaced,-0.41425758145268365,0,1
-0.21574662525229105,-1.5104101963200112,-1.0852784214895703,0.09119891761650768,0.2136556397706218,-0.4341671428491004,NotPlaced,-1.121576165093496,0,0
0.8951674610720188,0.050554537486061424,1.2717988986409308,0.09119891761650768,0.9850804958087876,0.5587580241227753,Placed,0.8235499399187379,1,1
-1.8027667485727352,0.050554537486061424,-1.0852784214895703,-1.0318557299675197,0.0850848304309275,-1.4270923098209738,NotPlaced,-1.121576165093496,0,1
1.0538694734040654,1.611519271292134,1.2717988986409308,1.2142535652005348,1.4993637331675649,1.3034518993516808,NotPlaced,1.8845278153799556,0,1
1.688677522732241,0.050554537486061424,1.2717988986409308,-1.0318557299675197,1.3707929238278704,0.5587580241227753,Placed,0.2930610021881282,1,1
0.8951674610720188,0.050554537486061424,0.09326023857568026,1.2142535652005348,-0.0434859789087668,-0.4341671428491004,NotPlaced,0.6467202940085341,0,1
0.10165739941179809,1.611519271292134,1.2717988986409308,1.2142535652005348,0.9850804958087876,0.8069893158657431,Placed,1.8845278153799556,1,1
-0.057044612920247185,0.050554537486061424,-1.0852784214895703,1.2142535652005348,0.34222644911031613,-0.18593585110613037,NotPlaced,-0.060598289632277744,0,1
1.0538694734040654,-1.5104101963200112,1.2717988986409308,0.09119891761650768,0.2136556397706218,1.3034518993516808,Placed,0.2930610021881282,1,0
-0.5331506499163802,0.050554537486061424,-1.0852784214895703,0.09119891761650768,-1.0720524536263212,-1.1788610180780061,NotPlaced,-0.5910872273628871,0,1
-0.3744486375843349,0.050554537486061424,0.09326023857568026,0.09119891761650768,0.4707972584500104,-0.6823984345920682,NotPlaced,0.11623135627792522,0,1
-0.5331506499163802,0.050554537486061424,1.2717988986409308,1.2142535652005348,1.4993637331675649,0.5587580241227753,Placed,1.3540388776493464,1,1
-0.3744486375843349,0.050554537486061424,1.2717988986409308,2.337308212784562,0.727938877129399,0.8069893158657431,Placed,1.8845278153799556,1,1
-0.21574662525229105,1.611519271292134,-1.0852784214895703,-1.0318557299675197,0.5993680677897048,0.8069893158657431,NotPlaced,-0.5910872273628871,0,1
-0.21574662525229105,-1.5104101963200112,0.09326023857568026,1.2142535652005348,-0.0434859789087668,-0.6823984345920682,NotPlaced,0.11623135627792522,0,0
1.0538694734040654,0.050554537486061424,1.2717988986409308,0.09119891761650768,0.0850848304309275,0.5587580241227753,Placed,0.8235499399187379,1,1
0.8951674610720188,0.050554537486061424,-1.0852784214895703,0.09119891761650768,-0.3006275975881554,-0.4341671428491004,NotPlaced,-0.5910872273628871,0,1
-0.5331506499163802,0.050554537486061424,-1.0852784214895703,-1.0318557299675197,-1.2006232629660154,-1.4270923098209738,NotPlaced,-1.121576165093496,0,1
0.577763436407931,1.611519271292134,1.2717988986409308,1.2142535652005348,1.4993637331675649,-0.4341671428491004,NotPlaced,1.8845278153799556,0,1
0.10165739941179809,-1.5104101963200112,-1.0852784214895703,-1.0318557299675197,0.0850848304309275,-0.6823984345920682,NotPlaced,-1.6520651028241051,0,0
-1.8027667485727352,-1.5104101963200112,0.09326023857568026,-1.0318557299675197,-0.557769216267544,0.5587580241227753,NotPlaced,-0.944746519183293,0,0
0.4190614240758872,1.611519271292134,1.2717988986409308,1.2142535652005348,1.4993637331675649,1.3034518993516808,NotPlaced,1.8845278153799556,0,1
0.577763436407931,-1.5104101963200112,-1.0852784214895703,0.09119891761650768,0.34222644911031613,-0.6823984345920682,NotPlaced,-1.121576165093496,0,0
-0.057044612920247185,-1.5104101963200112,0.09326023857568026,1.2142535652005348,-1.457764881645404,-0.6823984345920682,NotPlaced,0.11623135627792522,0,0
-1.167958699244557,-1.5104101963200112,0.09326023857568026,0.09119891761650768,-0.943481644286627,-2.6682487685358174,NotPlaced,-0.41425758145268365,0,0
0.736465448739975,0.050554537486061424,0.09326023857568026,-1.0318557299675197,0.8565096864690933,0.06229544063683744,Placed,-0.41425758145268365,1,1
0.4190614240758872,0.050554537486061424,1.2717988986409308,1.2142535652005348,0.727938877129399,1.3034518993516808,Placed,1.3540388776493464,1,1
-0.5331506499163802,0.050554537486061424,1.2717988986409308,0.09119891761650768,-0.943481644286627,-1.1788610180780061,NotPlaced,0.8235499399187379,0,1
-1.6440647362406915,0.050554537486061424,-1.0852784214895703,0.09119891761650768,-0.943481644286627,0.5587580241227753,NotPlaced,-0.5910872273628871,0,1
-0.3744486375843349,0.050554537486061424,1.2717988986409308,1.2142535652005348,-1.0720524536263212,1.0552206076087132,NotPlaced,1.3540388776493464,0,1
-1.3266607115766023,0.050554537486061424,0.09326023857568026,-1.0318557299675197,0.0850848304309275,-2.1717861850498807,NotPlaced,-0.41425758145268365,0,1
-0.3744486375843349,0.050554537486061424,-1.0852784214895703,0.09119891761650768,-0.4291984069278497,-1.4270923098209738,NotPlaced,-0.5910872273628871,0,1
0.260359411743842,0.050554537486061424,-1.0852784214895703,1.2142535652005348,-1.7149065003247927,-0.4341671428491004,NotPlaced,-0.060598289632277744,0,1
-1.3266607115766023,0.050554537486061424,-1.0852784214895703,-1.0318557299675197,0.0850848304309275,0.06229544063683744,NotPlaced,-1.121576165093496,0,1
1.8473795350642876,0.050554537486061424,1.2717988986409308,1.2142535652005348,1.4993637331675649,0.8069893158657431,Placed,1.3540388776493464,1,1
-0.3744486375843349,1.611519271292134,-1.0852784214895703,-1.0318557299675197,0.2136556397706218,-0.6823984345920682,NotPlaced,-0.5910872273628871,0,1
1.2125714857361094,0.050554537486061424,1.2717988986409308,-1.0318557299675197,-0.6863400256072383,1.0552206076087132,NotPlaced,0.2930610021881282,0,1
1.0538694734040654,1.611519271292134,0.09326023857568026,1.2142535652005348,0.8565096864690933,-0.9306297263350372,Placed,1.177209231739143,1,1
-0.5331506499163802,0.050554537486061424,-1.0852784214895703,0.09119891761650768,-0.6863400256072383,-0.6823984345920682,NotPlaced,-0.5910872273628871,0,1
1.2125714857361094,0.050554537486061424,1.2717988986409308,1.2142535652005348,-1.3291940723057099,-1.6753236015639428,Placed,1.3540388776493464,1,1
-0.21574662525229105,1.611519271292134,0.09326023857568026,-1.0318557299675197,-0.6863400256072383,0.31052673237980744,Placed,0.11623135627792522,1,1
1.0538694734040654,-1.5104101963200112,1.2717988986409308,-1.0318557299675197,1.113651305148482,0.31052673237980744,Placed,-0.2374279355424807,1,0
0.10165739941179809,0.050554537486061424,-1.0852784214895703,-1.0318557299675197,-1.0720524536263212,1.3034518993516808,NotPlaced,-1.121576165093496,0,1
-0.057044612920247185,-1.5104101963200112,-1.0852784214895703,0.09119891761650768,-0.3006275975881554,0.5587580241227753,NotPlaced,-1.121576165093496,0,0
-1.0092566869125132,1.611519271292134,1.2717988986409308,1.2142535652005348,1.4993637331675649,1.3034518993516808,Placed,1.8845278153799556,1,1
-1.8027667485727352,0.050554537486061424,-1.0852784214895703,0.09119891761650768,-0.0434859789087668,0.06229544063683744,NotPlaced,-0.5910872273628871,0,1
-0.057044612920247185,0.050554537486061424,1.2717988986409308,-1.0318557299675197,0.2136556397706218,0.8069893158657431,Placed,0.2930610021881282,1,1
0.260359411743842,0.050554537486061424,1.2717988986409308,0.09119891761650768,-0.4291984069278497,0.31052673237980744,NotPlaced,0.8235499399187379,0,1
0.10165739941179809,0.050554537486061424,0.09326023857568026,0.09119891761650768,-0.4291984069278497,0.8069893158657431,NotPlaced,0.11623135627792522,0,1
-1.8027667485727352,0.050554537486061424,1.2717988986409308,1.2142535652005348,1.3707929238278704,0.8069893158657431,NotPlaced,1.3540388776493464,0,1
-1.167958699244557,-1.5104101963200112,-1.0852784214895703,1.2142535652005348,-0.8149108349469326,1.3034518993516808,Placed,-0.5910872273628871,1,0
-0.5331506499163802,-1.5104101963200112,-1.0852784214895703,-1.0318557299675197,1.113651305148482,1.3034518993516808,NotPlaced,-1.6520651028241051,0,0
-1.4853627239086462,0.050554537486061424,-1.0852784214895703,0.09119891761650768,-2.3577605470232643,-0.4341671428491004,NotPlaced,-0.5910872273628871,0,1
-0.691852662248424,-1.5104101963200112,-1.0852784214895703,-1.0318557299675197,-1.5863356909850983,-2.4200174767928493,NotPlaced,-1.6520651028241051,0,0
-0.21574662525229105,0.050554537486061424,0.09326023857568026,1.2142535652005348,0.9850804958087876,1.3034518993516808,Placed,0.6467202940085341,1,1
0.260359411743842,0.050554537486061424,1.2717988986409308,2.337308212784562,0.727938877129399,-0.9306297263350372,NotPlaced,1.8845278153799556,0,1
0.260359411743842,0.050554537486061424,1.2717988986409308,1.2142535652005348,0.5993680677897048,1.3034518993516808,Placed,1.3540388776493464,1,1
0.4190614240758872,-1.5104101963200112,1.2717988986409308,1.2142535652005348,1.3707929238278704,1.0552206076087132,Placed,0.8235499399187379,1,0
-1.8027667485727352,0.050554537486061424,-1.0852784214895703,1.2142535652005348,0.727938877129399,0.5587580241227753,NotPlaced,-0.060598289632277744,0,1
0.8951674610720188,0.050554537486061424,0.09326023857568026,0.09119891761650768,0.5993680677897048,1.0552206076087132,Placed,0.11623135627792522,1,1
1.3712734980681531,0.050554537486061424,-1.0852784214895703,1.2142535652005348,0.8565096864690933,1.3034518993516808,Placed,-0.060598289632277744,1,1
0.10165739941179809,0.050554537486061424,1.2717988986409308,-1.0318557299675197,0.8565096864690933,1.3034518993516808,Placed,0.2930610021881282,1,1
-0.8505546745804693,0.050554537486061424,-1.0852784214895703,0.09119891761650768,-0.943481644286627,-0.18593585110613037,NotPlaced,-0.5910872273628871,0,1
1.3712734980681531,0.050554537486061424,-1.0852784214895703,1.2142535652005348,1.4993637331675649,0.8069893158657431,Placed,-0.060598289632277744,1,1
0.4190614240758872,1.611519271292134,-1.0852784214895703,-1.0318557299675197,0.5993680677897048,-0.6823984345920682,NotPlaced,-0.5910872273628871,0,1
-0.3744486375843349,0.050554537486061424,0.09326023857568026,-1.0318557299675197,-0.4291984069278497,-0.9306297263350372,Placed,-0.41425758145268365,1,1
-0.057044612920247185,0.050554537486061424,0.09326023857568026,0.09119891761650768,-0.8149108349469326,-0.9306297263350372,NotPlaced,0.11623135627792522,0,1
0.577763436407931,1.611519271292134,1.2717988986409308,0.09119891761650768,1.113651305148482,0.06229544063683744,NotPlaced,1.3540388776493464,0,1
-0.057044612920247185,-1.5104101963200112,-1.0852784214895703,-1.0318557299675197,-0.943481644286627,-1.9235548933069118,NotPlaced,-1.6520651028241051,0,0
0.4190614240758872,-1.5104101963200112,0.09326023857568026,-1.0318557299675197,-1.2006232629660154,-0.4341671428491004,NotPlaced,-0.944746519183293,0,0
1.3712734980681531,1.611519271292134,1.2717988986409308,0.09119891761650768,-1.0720524536263212,-0.9306297263350372,NotPlaced,1.3540388776493464,0,1
-1.167958699244557,0.050554537486061424,0.09326023857568026,1.2142535652005348,-0.1720567882484611,-0.18593585110613037,NotPlaced,0.6467202940085341,0,1
0.736465448739975,-1.5104101963200112,0.09326023857568026,-1.0318557299675197,0.4707972584500104,-0.18593585110613037,Placed,-0.944746519183293,1,0
-0.5331506499163802,0.050554537486061424,1.2717988986409308,-1.0318557299675197,0.727938877129399,0.8069893158657431,NotPlaced,0.2930610021881282,0,1
-0.21574662525229105,0.050554537486061424,-1.0852784214895703,0.09119891761650768,-1.0720524536263212,-2.4200174767928493,NotPlaced,-0.5910872273628871,0,1
1.2125714857361094,0.050554537486061424,1.2717988986409308,-1.0318557299675197,-0.3006275975881554,1.0552206076087132,Placed,0.2930610021881282,1,1
0.10165739941179809,0.050554537486061424,0.09326023857568026,-1.0318557299675197,-0.3006275975881554,-0.4341671428491004,NotPlaced,-0.41425758145268365,0,1
-1.8027667485727352,0.050554537486061424,-1.0852784214895703,0.09119891761650768,-0.3006275975881554,-0.18593585110613037,NotPlaced,-0.5910872273628871,0,1
-1.6440647362406915,0.050554537486061424,-1.0852784214895703,-1.0318557299675197,-0.943481644286627,-2.916480060278785,NotPlaced,-1.121576165093496,0,1
0.577763436407931,0.050554537486061424,1.2717988986409308,1.2142535652005348,1.4993637331675649,-0.6823984345920682,Placed,1.3540388776493464,1,1
-0.21574662525229105,0.050554537486061424,1.2717988986409308,-1.0318557299675197,0.2136556397706218,-0.6823984345920682,NotPlaced,0.2930610021881282,0,1
0.260359411743842,0.050554537486061424,0.09326023857568026,1.2142535652005348,-0.1720567882484611,0.06229544063683744,NotPlaced,0.6467202940085341,0,1
-1.4853627239086462,0.050554537486061424,1.2717988986409308,1.2142535652005348,0.9850804958087876,-0.4341671428491004,Placed,1.3540388776493464,1,1
0.577763436407931,0.050554537486061424,1.2717988986409308,2.337308212784562,1.4993637331675649,1.3034518993516808,Placed,1.8845278153799556,1,1
0.577763436407931,0.050554537486061424,1.2717988986409308,0.09119891761650768,-0.1720567882484611,0.5587580241227753,NotPlaced,0.8235499399187379,0,1
-1.4853627239086462,0.050554537486061424,0.09326023857568026,0.09119891761650768,0.8565096864690933,1.3034518993516808,Placed,0.11623135627792522,1,1
-1.8027667485727352,0.050554537486061424,-1.0852784214895703,0.09119891761650768,-1.3291940723057099,0.8069893158657431,NotPlaced,-0.5910872273628871,0,1
-0.3744486375843349,0.050554537486061424,0.09326023857568026,0.09119891761650768,-1.2006232629660154,-0.4341671428491004,NotPlaced,0.11623135627792522,0,1
0.8951674610720188,0.050554537486061424,0.09326023857568026,0.09119891761650768,0.727938877129399,1.3034518993516808,NotPlaced,0.11623135627792522,0,1
1.2125714857361094,1.611519271292134,1.2717988986409308,1.2142535652005348,0.8565096864690933,1.0552206076087132,NotPlaced,1.8845278153799556,0,1
1.0538694734040654,1.611519271292134,1.2717988986409308,2.337308212784562,1.3707929238278704,0.5587580241227753,Placed,2.4150167531105646,1,1
-1.6440647362406915,0.050554537486061424,-1.0852784214895703,-1.0318557299675197,-1.3291940723057099,0.8069893158657431,NotPlaced,-1.121576165093496,0,1
-0.21574662525229105,-1.5104101963200112,-1.0852784214895703,0.09119891761650768,-1.843477309664487,-2.4200174767928493,NotPlaced,-1.121576165093496,0,0
-0.5331506499163802,0.050554537486061424,-1.0852784214895703,1.2142535652005348,-0.4291984069278497,-1.1788610180780061,NotPlaced,-0.060598289632277744,0,1
0.10165739941179809,-1.5104101963200112,-1.0852784214895703,-1.0318557299675197,-1.5863356909850983,-0.18593585110613037,NotPlaced,-1.6520651028241051,0,0
-0.3744486375843349,0.050554537486061424,-1.0852784214895703,0.09119891761650768,-1.3291940723057099,0.5587580241227753,NotPlaced,-0.5910872273628871,0,1
0.8951674610720188,0.050554537486061424,-1.0852784214895703,1.2142535652005348,1.113651305148482,0.06229544063683744,NotPlaced,-0.060598289632277744,0,1
-1.4853627239086462,0.050554537486061424,-1.0852784214895703,-1.0318557299675197,-0.6863400256072383,0.8069893158657431,NotPlaced,-1.121576165093496,0,1
-0.057044612920247185,0.050554537486061424,-1.0852784214895703,0.09119891761650768,0.9850804958087876,-0.4341671428491004,NotPlaced,-0.5910872273628871,0,1
-1.4853627239086462,0.050554537486061424,-1.0852784214895703,-1.0318557299675197,-0.3006275975881554,-0.18593585110613037,NotPlaced,-1.121576165093496,0,1
-0.21574662525229105,-1.5104101963200112,1.2717988986409308,0.09119891761650768,-1.7149065003247927,-0.18593585110613037,NotPlaced,0.2930610021881282,0,0
-1.6440647362406915,0.050554537486061424,-1.0852784214895703,0.09119891761650768,-0.4291984069278497,-0.9306297263350372,NotPlaced,-0.5910872273628871,0,1
1.2125714857361094,-1.5104101963200112,1.2717988986409308,1.2142535652005348,1.4993637331675649,0.06229544063683744,Placed,0.8235499399187379,1,0
-0.5331506499163802,0.050554537486061424,-1.0852784214895703,0.09119891761650768,-1.3291940723057099,1.0552206076087132,NotPlaced,-0.5910872273628871,0,1
-1.8027667485727352,1.611519271292134,0.09326023857568026,1.2142535652005348,0.0850848304309275,0.5587580241227753,Placed,1.177209231739143,1,1
-1.8027667485727352,0.050554537486061424,0.09326023857568026,0.09119891761650768,-1.9720481190041814,-0.6823984345920682,NotPlaced,0.11623135627792522,0,1
-1.167958699244557,0.050554537486061424,-1.0852784214895703,0.09119891761650768,0.727938877129399,1.0552206076087132,NotPlaced,-0.5910872273628871,0,1
0.260359411743842,0.050554537486061424,1.2717988986409308,0.09119891761650768,0.0850848304309275,-0.18593585110613037,NotPlaced,0.8235499399187379,0,1
0.736465448739975,-1.5104101963200112,0.09326023857568026,0.09119891761650768,0.8565096864690933,1.3034518993516808,NotPlaced,-0.41425758145268365,0,0
0.10165739941179809,0.050554537486061424,0.09326023857568026,1.2142535652005348,1.4993637331675649,1.0552206076087132,Placed,0.6467202940085341,1,1
0.736465448739975,-1.5104101963200112,0.09326023857568026,-1.0318557299675197,0.727938877129399,1.0552206076087132,NotPlaced,-0.944746519183293,0,0
-0.5331506499163802,-1.5104101963200112,1.2717988986409308,0.09119891761650768,0.4707972584500104,-1.1788610180780061,NotPlaced,0.2930610021881282,0,0
0.260359411743842,0.050554537486061424,0.09326023857568026,-1.0318557299675197,0.0850848304309275,-0.6823984345920682,NotPlaced,-0.41425758145268365,0,1
-0.691852662248424,-1.5104101963200112,-1.0852784214895703,0.09119891761650768,-0.3006275975881554,-0.18593585110613037,NotPlaced,-1.121576165093496,0,0
0.4190614240758872,1.611519271292134,1.2717988986409308,1.2142535652005348,0.0850848304309275,-0.4341671428491004,NotPlaced,1.8845278153799556,0,1
0.736465448739975,1.611519271292134,1.2717988986409308,1.2142535652005348,1.4993637331675649,1.0552206076087132,NotPlaced,1.8845278153799556,0,1
-1.3266607115766023,1.611519271292134,0.09326023857568026,-1.0318557299675197,-1.2006232629660154,1.3034518993516808,NotPlaced,0.11623135627792522,0,1
1.529975510400197,0.050554537486061424,1.2717988986409308,0.09119891761650768,1.113651305148482,0.8069893158657431,Placed,0.8235499399187379,1,1
1.2125714857361094,0.050554537486061424,0.09326023857568026,-1.0318557299675197,0.2136556397706218,-2.4200174767928493,NotPlaced,-0.41425758145268365,0,1
-1.8027667485727352,0.050554537486061424,0.09326023857568026,-1.0318557299675197,-0.943481644286627,0.06229544063683744,NotPlaced,-0.41425758145268365,0,1
1.688677522732241,0.050554537486061424,0.09326023857568026,1.2142535652005348,-0.1720567882484611,0.06229544063683744,Placed,0.6467202940085341,1,1
0.260359411743842,0.050554537486061424,1.2717988986409308,1.2142535652005348,1.4993637331675649,-0.4341671428491004,NotPlaced,1.3540388776493464,0,1
-1.4853627239086462,1.611519271292134,0.09326023857568026,-1.0318557299675197,-1.7149065003247927,1.0552206076087132,NotPlaced,0.11623135627792522,0,1
1.3712734980681531,0.050554537486061424,0.09326023857568026,1.2142535652005348,0.9850804958087876,0.8069893158657431,Placed,0.6467202940085341,1,1
-1.8027667485727352,0.050554537486061424,-1.0852784214895703,-1.0318557299675197,0.0850848304309275,-1.1788610180780061,Placed,-1.121576165093496,1,1
-1.8027667485727352,0.050554537486061424,-1.0852784214895703,1.2142535652005348,0.8565096864690933,0.5587580241227753,Placed,-0.060598289632277744,1,1
0.10165739941179809,-1.5104101963200112,1.2717988986409308,0.09119891761650768,0.727938877129399,-0.18593585110613037,NotPlaced,0.2930610021881282,0,0
0.577763436407931,1.611519271292134,1.2717988986409308,2.337308212784562,0.9850804958087876,1.3034518993516808,Placed,2.4150167531105646,1,1
-0.057044612920247185,0.050554537486061424,-1.0852784214895703,-1.0318557299675197,-2.1006189283438754,-0.18593585110613037,NotPlaced,-1.121576165093496,0,1
-0.3744486375843349,0.050554537486061424,0.09326023857568026,1.2142535652005348,-0.557769216267544,0.5587580241227753,NotPlaced,0.6467202940085341,0,1
-0.057044612920247185,0.050554537486061424,-1.0852784214895703,-1.0318557299675197,0.0850848304309275,-0.18593585110613037,NotPlaced,-1.121576165093496,0,1
0.260359411743842,-1.5104101963200112,0.09326023857568026,0.09119891761650768,0.4707972584500104,0.31052673237980744,Placed,-0.41425758145268365,1,0
-0.3744486375843349,-1.5104101963200112,1.2717988986409308,1.2142535652005348,1.4993637331675649,1.0552206076087132,Placed,0.8235499399187379,1,0
-0.21574662525229105,0.050554537486061424,0.09326023857568026,-1.0318557299675197,-0.1720567882484611,1.3034518993516808,NotPlaced,-0.41425758145268365,0,1
0.577763436407931,0.050554537486061424,0.09326023857568026,1.2142535652005348,-0.6863400256072383,0.31052673237980744,NotPlaced,0.6467202940085341,0,1
-0.5331506499163802,0.050554537486061424,-1.0852784214895703,0.09119891761650768,1.2422221144881762,-0.4341671428491004,NotPlaced,-0.5910872273628871,0,1
1.3712734980681531,-1.5104101963200112,1.2717988986409308,0.09119891761650768,0.8565096864690933,-1.1788610180780061,Placed,0.2930610021881282,1,0
-1.8027667485727352,0.050554537486061424,-1.0852784214895703,1.2142535652005348,-1.3291940723057099,-0.18593585110613037,NotPlaced,-0.060598289632277744,0,1
1.2125714857361094,0.050554537486061424,1.2717988986409308,0.09119891761650768,0.2136556397706218,0.8069893158657431,Placed,0.8235499399187379,1,1
-1.167958699244557,0.050554537486061424,-1.0852784214895703,0.09119891761650768,-0.4291984069278497,-1.4270923098209738,NotPlaced,-0.5910872273628871,0,1
-1.0092566869125132,0.050554537486061424,-1.0852784214895703,-1.0318557299675197,-1.7149065003247927,-1.1788610180780061,NotPlaced,-1.121576165093496,0,1
1.529975510400197,0.050554537486061424,1.2717988986409308,1.2142535652005348,-0.3006275975881554,-0.6823984345920682,NotPlaced,1.3540388776493464,0,1
-0.057044612920247185,0.050554537486061424,1.2717988986409308,1.2142535652005348,1.2422221144881762,0.5587580241227753,Placed,1.3540388776493464,1,1
0.577763436407931,1.611519271292134,1.2717988986409308,1.2142535652005348,1.4993637331675649,1.0552206076087132,NotPlaced,1.8845278153799556,0,1
0.260359411743842,0.050554537486061424,-1.0852784214895703,0.09119891761650768,-0.8149108349469326,0.06229544063683744,NotPlaced,-0.5910872273628871,0,1
-0.057044612920247185,1.611519271292134,1.2717988986409308,1.2142535652005348,1.113651305148482,0.06229544063683744,Placed,1.8845278153799556,1,1
1.0538694734040654,0.050554537486061424,1.2717988986409308,-1.0318557299675197,0.9850804958087876,0.31052673237980744,Placed,0.2930610021881282,1,1
1.529975510400197,1.611519271292134,0.09326023857568026,0.09119891761650768,-0.0434859789087668,-0.6823984345920682,NotPlaced,0.6467202940085345,0,1
-0.21574662525229105,0.050554537486061424,-1.0852784214895703,0.09119891761650768,-2.1006189283438754,0.06229544063683744,NotPlaced,-0.5910872273628871,0,1
0.736465448739975,1.611519271292134,-1.0852784214895703,2.337308212784562,0.0850848304309275,-0.6823984345920682,Placed,1.00037958582894,1,1
0.10165739941179809,0.050554537486061424,0.09326023857568026,-1.0318557299675197,-0.0434859789087668,0.5587580241227753,NotPlaced,-0.41425758145268365,0,1
-0.21574662525229105,0.050554537486061424,-1.0852784214895703,0.09119891761650768,0.5993680677897048,0.31052673237980744,NotPlaced,-0.5910872273628871,0,1
0.4190614240758872,0.050554537486061424,0.09326023857568026,-1.0318557299675197,-0.557769216267544,-0.4341671428491004,NotPlaced,-0.41425758145268365,0,1
0.736465448739975,1.611519271292134,1.2717988986409308,1.2142535652005348,0.8565096864690933,0.5587580241227753,NotPlaced,1.8845278153799556,0,1
-1.8027667485727352,0.050554537486061424,1.2717988986409308,0.09119891761650768,1.4993637331675649,0.5587580241227753,NotPlaced,0.8235499399187379,0,1
-0.057044612920247185,-1.5104101963200112,-1.0852784214895703,-1.0318557299675197,0.5993680677897048,-0.6823984345920682,NotPlaced,-1.6520651028241051,0,0
1.8473795350642876,1.611519271292134,1.2717988986409308,1.2142535652005348,0.9850804958087876,1.0552206076087132,Placed,1.8845278153799556,1,1
0.736465448739975,0.050554537486061424,-1.0852784214895703,1.2142535652005348,-0.3006275975881554,-0.6823984345920682,NotPlaced,-0.060598289632277744,0,1
-1.4853627239086462,0.050554537486061424,-1.0852784214895703,1.2142535652005348,-0.6863400256072383,0.5587580241227753,Placed,-0.060598289632277744,1,1
-0.21574662525229105,0.050554537486061424,-1.0852784214895703,-1.0318557299675197,-1.3291940723057099,-1.6753236015639428,NotPlaced,-1.121576165093496,0,1
-1.8027667485727352,0.050554537486061424,-1.0852784214895703,-1.0318557299675197,-1.3291940723057099,-0.6823984345920682,NotPlaced,-1.121576165093496,0,1
0.8951674610720188,0.050554537486061424,1.2717988986409308,1.2142535652005348,0.34222644911031613,0.06229544063683744,Placed,1.3540388776493464,1,1
0.8951674610720188,0.050554537486061424,0.09326023857568026,-1.0318557299675197,1.113651305148482,-0.18593585110613037,NotPlaced,-0.41425758145268365,0,1
0.736465448739975,-1.5104101963200112,1.2717988986409308,1.2142535652005348,0.5993680677897048,0.8069893158657431,Placed,0.8235499399187379,1,0
0.577763436407931,0.050554537486061424,1.2717988986409308,0.09119891761650768,0.5993680677897048,1.0552206076087132,NotPlaced,0.8235499399187379,0,1
0.4190614240758872,0.050554537486061424,1.2717988986409308,1.2142535652005348,1.2422221144881762,0.5587580241227753,Placed,1.3540388776493464,1,1
-0.3744486375843349,0.050554537486061424,-1.0852784214895703,-1.0318557299675197,-0.1720567882484611,0.06229544063683744,NotPlaced,-1.121576165093496,0,1
0.260359411743842,0.050554537486061424,-1.0852784214895703,0.09119891761650768,-1.5863356909850983,-2.1717861850498807,Placed,-0.5910872273628871,1,1
-0.057044612920247185,0.050554537486061424,-1.0852784214895703,0.09119891761650768,-0.4291984069278497,-0.4341671428491004,NotPlaced,-0.5910872273628871,0,1
0.577763436407931,0.050554537486061424,1.2717988986409308,0.09119891761650768,-0.4291984069278497,0.5587580241227753,Placed,0.8235499399187379,1,1
1.2125714857361094,0.050554537486061424,0.09326023857568026,1.2142535652005348,1.3707929238278704,1.3034518993516808,Placed,0.6467202940085341,1,1
-0.21574662525229105,0.050554537486061424,-1.0852784214895703,0.09119891761650768,-2.3577605470232643,-1.6753236015639428,NotPlaced,-0.5910872273628871,0,1
-1.3266607115766023,-1.5104101963200112,-1.0852784214895703,-1.0318557299675197,0.9850804958087876,-0.6823984345920682,NotPlaced,-1.6520651028241051,0,0
0.4190614240758872,0.050554537486061424,-1.0852784214895703,0.09119891761650768,1.3707929238278704,-0.6823984345920682,NotPlaced,-0.5910872273628871,0,1
-0.057044612920247185,1.611519271292134,-1.0852784214895703,-1.0318557299675197,0.727938877129399,0.31052673237980744,Placed,-0.5910872273628871,1,1
0.10165739941179809,1.611519271292134,0.09326023857568026,1.2142535652005348,0.8565096864690933,1.0552206076087132,Placed,1.177209231739143,1,1
0.577763436407931,1.611519271292134,1.2717988986409308,1.2142535652005348,1.113651305148482,0.5587580241227753,Placed,1.8845278153799556,1,1
0.736465448739975,0.050554537486061424,-1.0852784214895703,1.2142535652005348,-1.3291940723057099,-2.6682487685358174,NotPlaced,-0.060598289632277744,0,1
-1.8027667485727352,-1.5104101963200112,0.09326023857568026,0.09119891761650768,-1.7149065003247927,0.31052673237980744,NotPlaced,-0.41425758145268365,0,0
1.529975510400197,0.050554537486061424,1.2717988986409308,1.2142535652005348,1.4993637331675649,0.5587580241227753,NotPlaced,1.3540388776493464,0,1
-0.057044612920247185,0.050554537486061424,-1.0852784214895703,1.2142535652005348,0.0850848304309275,0.31052673237980744,Placed,-0.060598289632277744,1,1
-0.057044612920247185,0.050554537486061424,-1.0852784214895703,0.09119891761650768,-1.5863356909850983,-1.6753236015639428,NotPlaced,-0.5910872273628871,0,1
0.8951674610720188,0.050554537486061424,-1.0852784214895703,1.2142535652005348,0.9850804958087876,-2.1717861850498807,NotPlaced,-0.060598289632277744,0,1
-1.8027667485727352,0.050554537486061424,-1.0852784214895703,0.09119891761650768,0.727938877129399,-0.6823984345920682,Placed,-0.5910872273628871,1,1
-0.057044612920247185,0.050554537486061424,0.09326023857568026,-1.0318557299675197,-0.557769216267544,0.8069893158657431,NotPlaced,-0.41425758145268365,0,1
-1.4853627239086462,-1.5104101963200112,-1.0852784214895703,0.09119891761650768,-1.5863356909850983,-0.9306297263350372,NotPlaced,-1.121576165093496,0,0
1.0538694734040654,-1.5104101963200112,0.09326023857568026,1.2142535652005348,0.5993680677897048,0.06229544063683744,Placed,0.11623135627792522,1,0
2.0060815473963314,0.050554537486061424,1.2717988986409308,-1.0318557299675197,0.727938877129399,0.5587580241227753,Placed,0.2930610021881282,1,1
-0.21574662525229105,0.050554537486061424,-1.0852784214895703,-1.0318557299675197,-0.557769216267544,1.0552206076087132,NotPlaced,-1.121576165093496,0,1
-1.8027667485727352,-1.5104101963200112,-1.0852784214895703,0.09119891761650768,-1.843477309664487,-0.4341671428491004,NotPlaced,-1.121576165093496,0,0
-1.8027667485727352,0.050554537486061424,-1.0852784214895703,0.09119891761650768,-1.843477309664487,-2.1717861850498807,NotPlaced,-0.5910872273628871,0,1
1.2125714857361094,-1.5104101963200112,1.2717988986409308,1.2142535652005348,1.113651305148482,1.3034518993516808,Placed,0.8235499399187379,1,0
0.260359411743842,-1.5104101963200112,-1.0852784214895703,0.09119891761650768,-1.2006232629660154,-0.18593585110613037,NotPlaced,-1.121576165093496,0,0
0.577763436407931,0.050554537486061424,-1.0852784214895703,1.2142535652005348,0.2136556397706218,1.0552206076087132,NotPlaced,-0.060598289632277744,0,1
1.2125714857361094,1.611519271292134,1.2717988986409308,1.2142535652005348,0.727938877129399,0.5587580241227753,Placed,1.8845278153799556,1,1
0.736465448739975,-1.5104101963200112,1.2717988986409308,-1.0318557299675197,1.2422221144881762,1.0552206076087132,Placed,-0.2374279355424807,1,0
0.736465448739975,1.611519271292134,1.2717988986409308,1.2142535652005348,-1.3291940723057099,0.5587580241227753,NotPlaced,1.8845278153799556,0,1
0.736465448739975,0.050554537486061424,-1.0852784214895703,0.09119891761650768,-0.943481644286627,1.0552206076087132,NotPlaced,-0.5910872273628871,0,1
0.577763436407931,0.050554537486061424,1.2717988986409308,1.2142535652005348,1.4993637331675649,0.5587580241227753,Placed,1.3540388776493464,1,1
-0.5331506499163802,0.050554537486061424,0.09326023857568026,-1.0318557299675197,0.727938877129399,-0.9306297263350372,Placed,-0.41425758145268365,1,1
-0.057044612920247185,0.050554537486061424,1.2717988986409308,-1.0318557299675197,1.113651305148482,-0.9306297263350372,NotPlaced,0.2930610021881282,0,1
0.577763436407931,0.050554537486061424,0.09326023857568026,-1.0318557299675197,1.113651305148482,-1.6753236015639428,NotPlaced,-0.41425758145268365,0,1
1.688677522732241,0.050554537486061424,0.09326023857568026,1.2142535652005348,0.727938877129399,1.3034518993516808,Placed,0.6467202940085341,1,1
0.8951674610720188,0.050554537486061424,-1.0852784214895703,0.09119891761650768,-1.2006232629660154,-0.18593585110613037,NotPlaced,-0.5910872273628871,0,1
-1.6440647362406915,0.050554537486061424,0.09326023857568026,0.09119891761650768,-0.557769216267544,-1.4270923098209738,NotPlaced,0.11623135627792522,0,1
0.10165739941179809,0.050554537486061424,-1.0852784214895703,-1.0318557299675197,0.2136556397706218,0.06229544063683744,Placed,-1.121576165093496,1,1
-1.0092566869125132,0.050554537486061424,-1.0852784214895703,-1.0318557299675197,0.4707972584500104,0.8069893158657431,NotPlaced,-1.121576165093496,0,1
-0.21574662525229105,0.050554537486061424,-1.0852784214895703,2.337308212784562,-0.1720567882484611,0.31052673237980744,NotPlaced,0.46989064809833114,0,1
0.577763436407931,0.050554537486061424,1.2717988986409308,1.2142535652005348,1.3707929238278704,1.3034518993516808,NotPlaced,1.3540388776493464,0,1
0.4190614240758872,-1.5104101963200112,-1.0852784214895703,-1.0318557299675197,0.0850848304309275,-0.18593585110613037,NotPlaced,-1.6520651028241051,0,0
-0.057044612920247185,0.050554537486061424,-1.0852784214895703,-1.0318557299675197,0.4707972584500104,-1.4270923098209738,NotPlaced,-1.121576165093496,0,1
0.4190614240758872,-1.5104101963200112,0.09326023857568026,0.09119891761650768,0.0850848304309275,1.3034518993516808,NotPlaced,-0.41425758145268365,0,0
-1.8027667485727352,1.611519271292134,1.2717988986409308,1.2142535652005348,0.34222644911031613,-1.9235548933069118,Placed,1.8845278153799556,1,1
-0.5331506499163802,0.050554537486061424,0.09326023857568026,1.2142535652005348,0.0850848304309275,0.8069893158657431,Placed,0.6467202940085341,1,1
-0.5331506499163802,0.050554537486061424,-1.0852784214895703,0.09119891761650768,0.727938877129399,-0.9306297263350372,NotPlaced,-0.5910872273628871,0,1
-1.4853627239086462,0.050554537486061424,0.09326023857568026,0.09119891761650768,-1.3291940723057099,0.8069893158657431,NotPlaced,0.11623135627792522,0,1
0.260359411743842,0.050554537486061424,1.2717988986409308,2.337308212784562,-0.1720567882484611,0.5587580241227753,Placed,1.8845278153799556,1,1
-1.8027667485727352,0.050554537486061424,0.09326023857568026,-1.0318557299675197,-2.3577605470232643,0.06229544063683744,NotPlaced,-0.41425758145268365,0,1
0.736465448739975,1.611519271292134,1.2717988986409308,1.2142535652005348,1.4993637331675649,-1.4270923098209738,Placed,1.8845278153799556,1,1
0.260359411743842,0.050554537486061424,0.09326023857568026,-1.0318557299675197,0.2136556397706218,-1.1788610180780061,Placed,-0.41425758145268365,1,1
0.10165739941179809,-1.5104101963200112,-1.0852784214895703,-1.0318557299675197,-1.2006232629660154,-0.4341671428491004,NotPlaced,-1.6520651028241051,0,0
-1.8027667485727352,-1.5104101963200112,-1.0852784214895703,0.09119891761650768,0.34222644911031613,-0.6823984345920682,NotPlaced,-1.121576165093496,0,0
1.2125714857361094,-1.5104101963200112,1.2717988986409308,-1.0318557299675197,0.727938877129399,-0.18593585110613037,Placed,-0.2374279355424807,1,0
0.260359411743842,0.050554537486061424,-1.0852784214895703,0.09119891761650768,-0.3006275975881554,-1.1788610180780061,NotPlaced,-0.5910872273628871,0,1
0.10165739941179809,0.050554537486061424,-1.0852784214895703,-1.0318557299675197,-0.943481644286627,-0.9306297263350372,NotPlaced,-1.121576165093496,0,1
-0.057044612920247185,0.050554537486061424,1.2717988986409308,0.09119891761650768,-1.0720524536263212,0.5587580241227753,NotPlaced,0.8235499399187379,0,1
0.260359411743842,1.611519271292134,0.09326023857568026,1.2142535652005348,-1.3291940723057099,0.5587580241227753,NotPlaced,1.177209231739143,0,1
-0.057044612920247185,0.050554537486061424,0.09326023857568026,-1.0318557299675197,0.2136556397706218,0.8069893158657431,NotPlaced,-0.41425758145268365,0,1
-1.8027667485727352,0.050554537486061424,-1.0852784214895703,-1.0318557299675197,-0.1720567882484611,-1.4270923098209738,NotPlaced,-1.121576165093496,0,1
1.8473795350642876,0.050554537486061424,1.2717988986409308,1.2142535652005348,0.5993680677897048,1.3034518993516808,Placed,1.3540388776493464,1,1
0.577763436407931,0.050554537486061424,0.09326023857568026,-1.0318557299675197,0.2136556397706218,0.31052673237980744,NotPlaced,-0.41425758145268365,0,1
1.2125714857361094,0.050554537486061424,0.09326023857568026,0.09119891761650768,-0.6863400256072383,-0.6823984345920682,NotPlaced,0.11623135627792522,0,1
0.577763436407931,-1.5104101963200112,-1.0852784214895703,1.2142535652005348,1.3707929238278704,1.0552206076087132,Placed,-0.5910872273628871,1,0
0.736465448739975,1.611519271292134,1.2717988986409308,1.2142535652005348,-0.0434859789087668,0.5587580241227753,Placed,1.8845278153799556,1,1
0.4190614240758872,0.050554537486061424,1.2717988986409308,0.09119891761650768,-0.4291984069278497,0.8069893158657431,NotPlaced,0.8235499399187379,0,1
1.529975510400197,0.050554537486061424,1.2717988986409308,-1.0318557299675197,1.2422221144881762,1.3034518993516808,NotPlaced,0.2930610021881282,0,1
-0.21574662525229105,0.050554537486061424,1.2717988986409308,1.2142535652005348,-0.0434859789087668,1.0552206076087132,NotPlaced,1.3540388776493464,0,1
0.577763436407931,0.050554537486061424,-1.0852784214895703,-1.0318557299675197,0.5993680677897048,1.3034518993516808,NotPlaced,-1.121576165093496,0,1
-1.8027667485727352,1.611519271292134,1.2717988986409308,-1.0318557299675197,1.4993637331675649,0.8069893158657431,Placed,0.8235499399187379,1,1
1.2125714857361094,0.050554537486061424,1.2717988986409308,1.2142535652005348,1.4993637331675649,0.8069893158657431,Placed,1.3540388776493464,1,1
0.4190614240758872,1.611519271292134,1.2717988986409308,2.337308212784562,1.4993637331675649,1.0552206076087132,Placed,2.4150167531105646,1,1
-0.057044612920247185,0.050554537486061424,-1.0852784214895703,-1.0318557299675197,-0.557769216267544,-0.18593585110613037,NotPlaced,-1.121576165093496,0,1
-0.057044612920247185,-1.5104101963200112,-1.0852784214895703,1.2142535652005348,-0.943481644286627,-0.9306297263350372,NotPlaced,-0.5910872273628871,0,0
0.4190614240758872,0.050554537486061424,-1.0852784214895703,-1.0318557299675197,0.34222644911031613,-0.18593585110613037,NotPlaced,-1.121576165093496,0,1
0.8951674610720188,0.050554537486061424,1.2717988986409308,-1.0318557299675197,-1.3291940723057099,-1.1788610180780061,Placed,0.2930610021881282,1,1
0.10165739941179809,0.050554537486061424,-1.0852784214895703,0.09119891761650768,-0.0434859789087668,1.3034518993516808,NotPlaced,-0.5910872273628871,0,1
-1.6440647362406915,0.050554537486061424,1.2717988986409308,0.09119891761650768,-1.457764881645404,-0.9306297263350372,NotPlaced,0.8235499399187379,0,1
0.4190614240758872,0.050554537486061424,0.09326023857568026,-1.0318557299675197,0.8565096864690933,-0.4341671428491004,NotPlaced,-0.41425758145268365,0,1
1.3712734980681531,1.611519271292134,1.2717988986409308,1.2142535652005348,0.8565096864690933,1.3034518993516808,Placed,1.8845278153799556,1,1
-1.3266607115766023,-1.5104101963200112,0.09326023857568026,-1.0318557299675197,1.2422221144881762,0.5587580241227753,NotPlaced,-0.944746519183293,0,0
-0.057044612920247185,0.050554537486061424,0.09326023857568026,0.09119891761650768,-0.6863400256072383,0.06229544063683744,NotPlaced,0.11623135627792522,0,1
0.4190614240758872,1.611519271292134,-1.0852784214895703,0.09119891761650768,0.2136556397706218,1.0552206076087132,Placed,-0.06059828963227817,1,1
0.577763436407931,0.050554537486061424,0.09326023857568026,-1.0318557299675197,-2.22918973768357,-1.6753236015639428,NotPlaced,-0.41425758145268365,0,1
0.736465448739975,0.050554537486061424,0.09326023857568026,-1.0318557299675197,1.4993637331675649,0.8069893158657431,Placed,-0.41425758145268365,1,1
1.0538694734040654,-1.5104101963200112,-1.0852784214895703,0.09119891761650768,-1.2006232629660154,-0.4341671428491004,NotPlaced,-1.121576165093496,0,0
2.0060815473963314,0.050554537486061424,-1.0852784214895703,-1.0318557299675197,-1.0720524536263212,1.0552206076087132,NotPlaced,-1.121576165093496,0,1
0.577763436407931,-1.5104101963200112,0.09326023857568026,1.2142535652005348,0.0850848304309275,0.31052673237980744,NotPlaced,0.11623135627792522,0,0
1.3712734980681531,-1.5104101963200112,-1.0852784214895703,-1.0318557299675197,0.34222644911031613,-0.18593585110613037,Placed,-1.6520651028241051,1,0
1.0538694734040654,1.611519271292134,1.2717988986409308,1.2142535652005348,1.113651305148482,0.8069893158657431,Placed,1.8845278153799556,1,1
0.736465448739975,1.611519271292134,1.2717988986409308,2.337308212784562,-0.3006275975881554,0.5587580241227753,NotPlaced,2.4150167531105646,0,1
1.0538694734040654,-1.5104101963200112,1.2717988986409308,-1.0318557299675197,0.4707972584500104,0.5587580241227753,Placed,-0.2374279355424807,1,0
-0.3744486375843349,-1.5104101963200112,-1.0852784214895703,-1.0318557299675197,-0.557769216267544,-0.18593585110613037,NotPlaced,-1.6520651028241051,0,0
-1.8027667485727352,-1.5104101963200112,-1.0852784214895703,-1.0318557299675197,1.2422221144881762,0.06229544063683744,Placed,-1.6520651028241051,1,0
0.260359411743842,0.050554537486061424,0.09326023857568026,-1.0318557299675197,0.0850848304309275,0.31052673237980744,NotPlaced,-0.41425758145268365,0,1
1.0538694734040654,1.611519271292134,1.2717988986409308,1.2142535652005348,0.4707972584500104,1.3034518993516808,Placed,1.8845278153799556,1,1
-1.3266607115766023,-1.5104101963200112,-1.0852784214895703,0.09119891761650768,0.0850848304309275,-0.18593585110613037,NotPlaced,-1.121576165093496,0,0
0.8951674610720188,0.050554537486061424,-1.0852784214895703,1.2142535652005348,0.4707972584500104,0.8069893158657431,Placed,-0.060598289632277744,1,1
-0.3744486375843349,0.050554537486061424,-1.0852784214895703,-1.0318557299675197,0.0850848304309275,1.3034518993516808,NotPlaced,-1.121576165093496,0,1
-0.057044612920247185,0.050554537486061424,-1.0852784214895703,-1.0318557299675197,-0.3006275975881554,0.8069893158657431,NotPlaced,-1.121576165093496,0,1
0.4190614240758872,-1.5104101963200112,-1.0852784214895703,1.2142535652005348,1.113651305148482,1.0552206076087132,NotPlaced,-0.5910872273628871,0,0
-0.057044612920247185,0.050554537486061424,1.2717988986409308,1.2142535652005348,0.727938877129399,0.8069893158657431,NotPlaced,1.3540388776493464,0,1
-1.8027667485727352,0.050554537486061424,-1.0852784214895703,-1.0318557299675197,0.727938877129399,-0.6823984345920682,NotPlaced,-1.121576165093496,0,1
-1.167958699244557,0.050554537486061424,1.2717988986409308,1.2142535652005348,0.2136556397706218,0.8069893158657431,Placed,1.3540388776493464,1,1
-1.8027667485727352,0.050554537486061424,-1.0852784214895703,-1.0318557299675197,0.2136556397706218,-0.6823984345920682,NotPlaced,-1.121576165093496,0,1
1.2125714857361094,1.611519271292134,1.2717988986409308,1.2142535652005348,1.3707929238278704,1.3034518993516808,NotPlaced,1.8845278153799556,0,1
-0.5331506499163802,0.050554537486061424,-1.0852784214895703,-1.0318557299675197,0.0850848304309275,-0.6823984345920682,NotPlaced,-1.121576165093496,0,1
-0.21574662525229105,0.050554537486061424,-1.0852784214895703,1.2142535652005348,-0.0434859789087668,0.06229544063683744,Placed,-0.060598289632277744,1,1
-1.8027667485727352,0.050554537486061424,-1.0852784214895703,0.09119891761650768,-1.3291940723057099,1.0552206076087132,NotPlaced,-0.5910872273628871,0,1
1.2125714857361094,0.050554537486061424,1.2717988986409308,1.2142535652005348,-1.0720524536263212,-1.1788610180780061,NotPlaced,1.3540388776493464,0,1
-0.057044612920247185,0.050554537486061424,-1.0852784214895703,-1.0318557299675197,-1.3291940723057099,-1.6753236015639428,NotPlaced,-1.121576165093496,0,1
-0.057044612920247185,0.050554537486061424,-1.0852784214895703,0.09119891761650768,-2.1006189283438754,-0.18593585110613037,NotPlaced,-0.5910872273628871,0,1
-1.8027667485727352,0.050554537486061424,-1.0852784214895703,-1.0318557299675197,-0.6863400256072383,-0.6823984345920682,Placed,-1.121576165093496,1,1
0.4190614240758872,1.611519271292134,-1.0852784214895703,1.2142535652005348,0.34222644911031613,1.3034518993516808,Placed,0.46989064809833114,1,1
1.0538694734040654,0.050554537486061424,-1.0852784214895703,-1.0318557299675197,0.9850804958087876,-0.18593585110613037,Placed,-1.121576165093496,1,1
-0.691852662248424,0.050554537486061424,0.09326023857568026,0.09119891761650768,0.0850848304309275,-2.6682487685358174,NotPlaced,0.11623135627792522,0,1
1.529975510400197,-1.5104101963200112,1.2717988986409308,1.2142535652005348,-0.0434859789087668,-0.18593585110613037,NotPlaced,0.8235499399187379,0,0
-0.8505546745804693,-1.5104101963200112,0.09326023857568026,1.2142535652005348,1.3707929238278704,-0.18593585110613037,Placed,0.11623135627792522,1,0
0.8951674610720188,0.050554537486061424,1.2717988986409308,0.09119891761650768,0.8565096864690933,0.31052673237980744,NotPlaced,0.8235499399187379,0,1
-1.3266607115766023,-1.5104101963200112,0.09326023857568026,-1.0318557299675197,0.2136556397706218,0.06229544063683744,Placed,-0.944746519183293,1,0
0.736465448739975,0.050554537486061424,0.09326023857568026,-1.0318557299675197,0.5993680677897048,0.8069893158657431,NotPlaced,-0.41425758145268365,0,1
-0.057044612920247185,-1.5104101963200112,-1.0852784214895703,-1.0318557299675197,-0.4291984069278497,0.06229544063683744,NotPlaced,-1.6520651028241051,0,0
-0.057044612920247185,0.050554537486061424,-1.0852784214895703,0.09119891761650768,-0.943481644286627,0.06229544063683744,NotPlaced,-0.5910872273628871,0,1
-1.6440647362406915,0.050554537486061424,0.09326023857568026,0.09119891761650768,-1.7149065003247927,-0.4341671428491004,NotPlaced,0.11623135627792522,0,1
0.736465448739975,-1.5104101963200112,1.2717988986409308,1.2142535652005348,0.727938877129399,1.3034518993516808,NotPlaced,0.8235499399187379,0,0
1.2125714857361094,1.611519271292134,0.09326023857568026,-1.0318557299675197,0.2136556397706218,-0.6823984345920682,NotPlaced,0.11623135627792522,0,1
-0.21574662525229105,1.611519271292134,0.09326023857568026,1.2142535652005348,1.4993637331675649,-0.18593585110613037,NotPlaced,1.177209231739143,0,1
-1.8027667485727352,-1.5104101963200112,-1.0852784214895703,-1.0318557299675197,-1.7149065003247927,-1.9235548933069118,NotPlaced,-1.6520651028241051,0,0
-1.8027667485727352,0.050554537486061424,1.2717988986409308,1.2142535652005348,0.8565096864690933,1.3034518993516808,NotPlaced,1.3540388776493464,0,1
-0.3744486375843349,0.050554537486061424,0.09326023857568026,0.09119891761650768,-1.3291940723057099,-2.4200174767928493,NotPlaced,0.11623135627792522,0,1
0.260359411743842,0.050554537486061424,-1.0852784214895703,0.09119891761650768,0.5993680677897048,-1.4270923098209738,NotPlaced,-0.5910872273628871,0,1
-0.21574662525229105,0.050554537486061424,1.2717988986409308,1.2142535652005348,-0.0434859789087668,0.8069893158657431,Placed,1.3540388776493464,1,1
-1.8027667485727352,0.050554537486061424,-1.0852784214895703,-1.0318557299675197,-1.5863356909850983,1.3034518993516808,NotPlaced,-1.121576165093496,0,1
0.4190614240758872,0.050554537486061424,-1.0852784214895703,0.09119891761650768,-2.1006189283438754,-0.9306297263350372,NotPlaced,-0.5910872273628871,0,1
0.577763436407931,0.050554537486061424,0.09326023857568026,-1.0318557299675197,-0.0434859789087668,1.3034518993516808,NotPlaced,-0.41425758145268365,0,1
-0.057044612920247185,0.050554537486061424,-1.0852784214895703,-1.0318557299675197,0.727938877129399,-0.18593585110613037,NotPlaced,-1.121576165093496,0,1
-1.6440647362406915,-1.5104101963200112,0.09326023857568026,0.09119891761650768,-1.9720481190041814,-0.4341671428491004,NotPlaced,-0.41425758145268365,0,0
0.260359411743842,0.050554537486061424,-1.0852784214895703,-1.0318557299675197,-0.557769216267544,-0.4341671428491004,NotPlaced,-1.121576165093496,0,1
0.10165739941179809,0.050554537486061424,-1.0852784214895703,0.09119891761650768,0.9850804958087876,0.06229544063683744,NotPlaced,-0.5910872273628871,0,1
-0.5331506499163802,-1.5104101963200112,1.2717988986409308,-1.0318557299675197,-0.8149108349469326,0.31052673237980744,NotPlaced,-0.2374279355424807,0,0
0.260359411743842,0.050554537486061424,0.09326023857568026,0.09119891761650768,-0.1720567882484611,-0.18593585110613037,NotPlaced,0.11623135627792522,0,1
-1.3266607115766023,-1.5104101963200112,0.09326023857568026,1.2142535652005348,0.2136556397706218,0.5587580241227753,NotPlaced,0.11623135627792522,0,0
1.2125714857361094,0.050554537486061424,0.09326023857568026,0.09119891761650768,0.727938877129399,0.06229544063683744,NotPlaced,0.11623135627792522,0,1
0.577763436407931,1.611519271292134,0.09326023857568026,1.2142535652005348,0.5993680677897048,-2.4200174767928493,NotPlaced,1.177209231739143,0,1
-0.21574662525229105,-1.5104101963200112,-1.0852784214895703,-1.0318557299675197,-1.843477309664487,0.31052673237980744,NotPlaced,-1.6520651028241051,0,0
-1.4853627239086462,0.050554537486061424,-1.0852784214895703,0.09119891761650768,-0.3006275975881554,0.8069893158657431,NotPlaced,-0.5910872273628871,0,1
1.2125714857361094,0.050554537486061424,1.2717988986409308,-1.0318557299675197,1.4993637331675649,0.8069893158657431,Placed,0.2930610021881282,1,1
-1.3266607115766023,1.611519271292134,0.09326023857568026,1.2142535652005348,0.2136556397706218,0.5587580241227753,Placed,1.177209231739143,1,1
-1.4853627239086462,0.050554537486061424,-1.0852784214895703,-1.0318557299675197,-1.0720524536263212,-0.9306297263350372,NotPlaced,-1.121576165093496,0,1
1.0538694734040654,1.611519271292134,0.09326023857568026,1.2142535652005348,1.4993637331675649,0.8069893158657431,NotPlaced,1.177209231739143,0,1
0.260359411743842,1.611519271292134,1.2717988986409308,-1.0318557299675197,1.2422221144881762,0.5587580241227753,Placed,0.8235499399187379,1,1
1.0538694734040654,0.050554537486061424,0.09326023857568026,0.09119891761650768,-0.3006275975881554,-0.18593585110613037,NotPlaced,0.11623135627792522,0,1
0.8951674610720188,1.611519271292134,1.2717988986409308,1.2142535652005348,0.8565096864690933,1.3034518993516808,Placed,1.8845278153799556,1,1
-0.3744486375843349,-1.5104101963200112,0.09326023857568026,-1.0318557299675197,-0.4291984069278497,-1.9235548933069118,NotPlaced,-0.944746519183293,0,0
-1.6440647362406915,-1.5104101963200112,0.09326023857568026,0.09119891761650768,-1.457764881645404,-0.18593585110613037,NotPlaced,-0.41425758145268365,0,0
0.577763436407931,-1.5104101963200112,1.2717988986409308,-1.0318557299675197,-0.3006275975881554,-1.6753236015639428,NotPlaced,-0.2374279355424807,0,0
-0.057044612920247185,0.050554537486061424,-1.0852784214895703,0.09119891761650768,-0.3006275975881554,-1.1788610180780061,Placed,-0.5910872273628871,1,1
-0.5331506499163802,0.050554537486061424,1.2717988986409308,-1.0318557299675197,-0.1720567882484611,0.5587580241227753,NotPlaced,0.2930610021881282,0,1
1.529975510400197,0.050554537486061424,1.2717988986409308,0.09119891761650768,0.5993680677897048,1.0552206076087132,Placed,0.8235499399187379,1,1
-1.6440647362406915,0.050554537486061424,-1.0852784214895703,0.09119891761650768,-2.3577605470232643,-2.1717861850498807,NotPlaced,-0.5910872273628871,0,1
0.10165739941179809,0.050554537486061424,-1.0852784214895703,1.2142535652005348,0.4707972584500104,0.31052673237980744,NotPlaced,-0.060598289632277744,0,1
-1.6440647362406915,-1.5104101963200112,-1.0852784214895703,0.09119891761650768,-0.8149108349469326,-2.1717861850498807,NotPlaced,-1.121576165093496,0,0
1.0538694734040654,0.050554537486061424,0.09326023857568026,1.2142535652005348,0.0850848304309275,0.8069893158657431,Placed,0.6467202940085341,1,1
-0.21574662525229105,0.050554537486061424,0.09326023857568026,0.09119891761650768,-1.2006232629660154,-1.1788610180780061,NotPlaced,0.11623135627792522,0,1
-0.057044612920247185,0.050554537486061424,0.09326023857568026,-1.0318557299675197,-0.1720567882484611,0.8069893158657431,NotPlaced,-0.41425758145268365,0,1
1.0538694734040654,-1.5104101963200112,-1.0852784214895703,-1.0318557299675197,-0.6863400256072383,-1.1788610180780061,NotPlaced,-1.6520651028241051,0,0
1.2125714857361094,0.050554537486061424,-1.0852784214895703,0.09119891761650768,-0.557769216267544,-1.4270923098209738,Placed,-0.5910872273628871,1,1
0.260359411743842,-1.5104101963200112,-1.0852784214895703,0.09119891761650768,-0.1720567882484611,1.3034518993516808,NotPlaced,-1.121576165093496,0,0
-0.21574662525229105,0.050554537486061424,-1.0852784214895703,0.09119891761650768,0.34222644911031613,0.5587580241227753,NotPlaced,-0.5910872273628871,0,1
-0.057044612920247185,0.050554537486061424,0.09326023857568026,-1.0318557299675197,1.2422221144881762,1.3034518993516808,NotPlaced,-0.41425758145268365,0,1
1.3712734980681531,-1.5104101963200112,1.2717988986409308,2.337308212784562,0.727938877129399,0.8069893158657431,NotPlaced,1.3540388776493464,0,0
1.2125714857361094,1.611519271292134,1.2717988986409308,0.09119891761650768,0.727938877129399,-0.18593585110613037,NotPlaced,1.3540388776493464,0,1
0.577763436407931,0.050554537486061424,-1.0852784214895703,-1.0318557299675197,-0.6863400256072383,-0.18593585110613037,NotPlaced,-1.121576165093496,0,1
1.0538694734040654,-1.5104101963200112,1.2717988986409308,1.2142535652005348,1.4993637331675649,0.06229544063683744,Placed,0.8235499399187379,1,0
-0.057044612920247185,1.611519271292134,-1.0852784214895703,0.09119891761650768,0.727938877129399,0.5587580241227753,NotPlaced,-0.06059828963227817,0,1
1.0538694734040654,0.050554537486061424,-1.0852784214895703,-1.0318557299675197,-1.2006232629660154,0.5587580241227753,NotPlaced,-1.121576165093496,0,1
-0.5331506499163802,0.050554537486061424,-1.0852784214895703,-1.0318557299675197,-0.1720567882484611,0.06229544063683744,NotPlaced,-1.121576165093496,0,1
-0.057044612920247185,1.611519271292134,1.2717988986409308,1.2142535652005348,-0.1720567882484611,1.3034518993516808,NotPlaced,1.8845278153799556,0,1
0.260359411743842,0.050554537486061424,-1.0852784214895703,0.09119891761650768,0.5993680677897048,1.3034518993516808,Placed,-0.5910872273628871,1,1
0.736465448739975,1.611519271292134,1.2717988986409308,1.2142535652005348,0.9850804958087876,0.5587580241227753,NotPlaced,1.8845278153799556,0,1
0.10165739941179809,-1.5104101963200112,0.09326023857568026,-1.0318557299675197,0.2136556397706218,0.06229544063683744,NotPlaced,-0.944746519183293,0,0
0.577763436407931,1.611519271292134,-1.0852784214895703,-1.0318557299675197,1.4993637331675649,0.06229544063683744,NotPlaced,-0.5910872273628871,0,1
0.10165739941179809,-1.5104101963200112,0.09326023857568026,-1.0318557299675197,0.8565096864690933,-0.6823984345920682,Placed,-0.944746519183293,1,0
0.10165739941179809,0.050554537486061424,-1.0852784214895703,-1.0318557299675197,-0.0434859789087668,-2.6682487685358174,NotPlaced,-1.121576165093496,0,1
-0.057044612920247185,0.050554537486061424,-1.0852784214895703,-1.0318557299675197,-1.5863356909850983,-1.4270923098209738,NotPlaced,-1.121576165093496,0,1
-0.057044612920247185,0.050554537486061424,1.2717988986409308,1.2142535652005348,1.4993637331675649,0.31052673237980744,Placed,1.3540388776493464,1,1
-0.3744486375843349,1.611519271292134,1.2717988986409308,-1.0318557299675197,0.2136556397706218,-0.6823984345920682,NotPlaced,0.8235499399187379,0,1
-0.057044612920247185,0.050554537486061424,1.2717988986409308,1.2142535652005348,0.727938877129399,0.31052673237980744,Placed,1.3540388776493464,1,1
-0.3744486375843349,0.050554537486061424,-1.0852784214895703,-1.0318557299675197,-1.2006232629660154,-1.6753236015639428,NotPlaced,-1.121576165093496,0,1
-1.4853627239086462,-1.5104101963200112,-1.0852784214895703,-1.0318557299675197,-1.0720524536263212,1.0552206076087132,Placed,-1.6520651028241051,1,0
-0.691852662248424,0.050554537486061424,0.09326023857568026,-1.0318557299675197,-0.943481644286627,-2.6682487685358174,NotPlaced,-0.41425758145268365,0,1
-0.057044612920247185,-1.5104101963200112,1.2717988986409308,-1.0318557299675197,0.9850804958087876,-1.4270923098209738,Placed,-0.2374279355424807,1,0
1.3712734980681531,0.050554537486061424,1.2717988986409308,0.09119891761650768,0.727938877129399,-0.9306297263350372,Placed,0.8235499399187379,1,1
-0.21574662525229105,0.050554537486061424,-1.0852784214895703,2.337308212784562,-0.0434859789087668,0.5587580241227753,NotPlaced,0.46989064809833114,0,1
-0.057044612920247185,0.050554537486061424,0.09326023857568026,0.09119891761650768,-0.3006275975881554,-0.9306297263350372,NotPlaced,0.11623135627792522,0,1
0.8951674610720188,1.611519271292134,-1.0852784214895703,1.2142535652005348,1.4993637331675649,1.3034518993516808,Placed,0.46989064809833114,1,1
-0.21574662525229105,-1.5104101963200112,1.2717988986409308,0.09119891761650768,-0.0434859789087668,1.0552206076087132,Placed,0.2930610021881282,1,0
0.577763436407931,1.611519271292134,-1.0852784214895703,0.09119891761650768,0.8565096864690933,0.5587580241227753,Placed,-0.06059828963227817,1,1
-0.3744486375843349,0.050554537486061424,-1.0852784214895703,0.09119891761650768,-0.8149108349469326,0.8069893158657431,NotPlaced,-0.5910872273628871,0,1
0.260359411743842,1.611519271292134,0.09326023857568026,1.2142535652005348,1.3707929238278704,1.0552206076087132,Placed,1.177209231739143,1,1
-0.057044612920247185,0.050554537486061424,-1.0852784214895703,0.09119891761650768,-1.7149065003247927,-1.9235548933069118,NotPlaced,-0.5910872273628871,0,1
1.2125714857361094,0.050554537486061424,0.09326023857568026,-1.0318557299675197,0.0850848304309275,-1.1788610180780061,NotPlaced,-0.41425758145268365,0,1
-1.4853627239086462,0.050554537486061424,-1.0852784214895703,0.09119891761650768,-0.3006275975881554,-0.9306297263350372,NotPlaced,-0.5910872273628871,0,1
0.10165739941179809,-1.5104101963200112,-1.0852784214895703,-1.0318557299675197,0.34222644911031613,-1.1788610180780061,NotPlaced,-1.6520651028241051,0,0
1.2125714857361094,-1.5104101963200112,0.09326023857568026,2.337308212784562,1.4993637331675649,0.06229544063683744,Placed,0.6467202940085341,1,0
-1.8027667485727352,0.050554537486061424,-1.0852784214895703,0.09119891761650768,-2.1006189283438754,-0.6823984345920682,NotPlaced,-0.5910872273628871,0,1
0.8951674610720188,0.050554537486061424,-1.0852784214895703,1.2142535652005348,-0.557769216267544,0.5587580241227753,Placed,-0.060598289632277744,1,1
-0.691852662248424,1.611519271292134,0.09326023857568026,1.2142535652005348,0.0850848304309275,0.31052673237980744,Placed,1.177209231739143,1,1
-1.8027667485727352,0.050554537486061424,0.09326023857568026,0.09119891761650768,-1.2006232629660154,0.5587580241227753,NotPlaced,0.11623135627792522,0,1
1.2125714857361094,-1.5104101963200112,1.2717988986409308,-1.0318557299675197,0.2136556397706218,0.06229544063683744,NotPlaced,-0.2374279355424807,0,0
-0.691852662248424,0.050554537486061424,0.09326023857568026,-1.0318557299675197,0.34222644911031613,0.06229544063683744,NotPlaced,-0.41425758145268365,0,1
0.4190614240758872,0.050554537486061424,1.2717988986409308,-1.0318557299675197,-1.843477309664487,-0.4341671428491004,NotPlaced,0.2930610021881282,0,1
-0.057044612920247185,0.050554537486061424,0.09326023857568026,-1.0318557299675197,0.2136556397706218,0.31052673237980744,NotPlaced,-0.41425758145268365,0,1
1.3712734980681531,0.050554537486061424,-2.2638170815548206,-1.0318557299675197,0.34222644911031613,-0.4341671428491004,NotPlaced,-1.828894748734308,0,1
0.736465448739975,1.611519271292134,1.2717988986409308,0.09119891761650768,0.8565096864690933,1.3034518993516808,Placed,1.3540388776493464,1,1
-1.0092566869125132,-1.5104101963200112,-1.0852784214895703,-1.0318557299675197,0.8565096864690933,0.31052673237980744,NotPlaced,-1.6520651028241051,0,0
-0.21574662525229105,0.050554537486061424,0.09326023857568026,0.09119891761650768,-0.557769216267544,-0.6823984345920682,Placed,0.11623135627792522,1,1
0.8951674610720188,-1.5104101963200112,1.2717988986409308,1.2142535652005348,0.34222644911031613,1.0552206076087132,Placed,0.8235499399187379,1,0
1.3712734980681531,1.611519271292134,1.2717988986409308,1.2142535652005348,1.4993637331675649,-0.4341671428491004,Placed,1.8845278153799556,1,1
-0.21574662525229105,0.050554537486061424,-1.0852784214895703,0.09119891761650768,-1.5863356909850983,-0.6823984345920682,NotPlaced,-0.5910872273628871,0,1
1.0538694734040654,1.611519271292134,1.2717988986409308,2.337308212784562,1.4993637331675649,1.3034518993516808,Placed,2.4150167531105646,1,1
0.577763436407931,0.050554537486061424,1.2717988986409308,-1.0318557299675197,-1.7149065003247927,0.31052673237980744,NotPlaced,0.2930610021881282,0,1
1.0538694734040654,0.050554537486061424,0.09326023857568026,1.2142535652005348,-0.0434859789087668,0.31052673237980744,Placed,0.6467202940085341,1,1
0.577763436407931,0.050554537486061424,1.2717988986409308,-1.0318557299675197,-0.1720567882484611,-0.4341671428491004,Placed,0.2930610021881282,1,1
-0.3744486375843349,0.050554537486061424,0.09326023857568026,1.2142535652005348,-1.2006232629660154,-1.1788610180780061,NotPlaced,0.6467202940085341,0,1
1.529975510400197,1.611519271292134,1.2717988986409308,1.2142535652005348,0.727938877129399,1.3034518993516808,Placed,1.8845278153799556,1,1
0.4190614240758872,1.611519271292134,-1.0852784214895703,0.09119891761650768,0.8565096864690933,-0.18593585110613037,Placed,-0.06059828963227817,1,1
0.260359411743842,0.050554537486061424,1.2717988986409308,-1.0318557299675197,-0.3006275975881554,0.31052673237980744,NotPlaced,0.2930610021881282,0,1
-1.0092566869125132,0.050554537486061424,-1.0852784214895703,0.09119891761650768,-2.22918973768357,-1.9235548933069118,NotPlaced,-0.5910872273628871,0,1
-0.21574662525229105,0.050554537486061424,0.09326023857568026,-1.0318557299675197,0.9850804958087876,1.0552206076087132,NotPlaced,-0.41425758145268365,0,1
1.2125714857361094,1.611519271292134,1.2717988986409308,-1.0318557299675197,0.0850848304309275,0.8069893158657431,NotPlaced,0.8235499399187379,0,1
-0.3744486375843349,0.050554537486061424,1.2717988986409308,0.09119891761650768,1.113651305148482,-1.6753236015639428,NotPlaced,0.8235499399187379,0,1
0.10165739941179809,-1.5104101963200112,0.09326023857568026,0.09119891761650768,-0.8149108349469326,0.31052673237980744,NotPlaced,-0.41425758145268365,0,0
0.4190614240758872,-1.5104101963200112,1.2717988986409308,1.2142535652005348,1.3707929238278704,0.5587580241227753,Placed,0.8235499399187379,1,0
1.2125714857361094,0.050554537486061424,1.2717988986409308,1.2142535652005348,1.4993637331675649,0.06229544063683744,Placed,1.3540388776493464,1,1
0.736465448739975,0.050554537486061424,1.2717988986409308,-1.0318557299675197,1.4993637331675649,1.3034518993516808,NotPlaced,0.2930610021881282,0,1
-0.21574662525229105,-1.5104101963200112,-1.0852784214895703,-1.0318557299675197,-1.0720524536263212,-1.1788610180780061,NotPlaced,-1.6520651028241051,0,0
0.736465448739975,0.050554537486061424,-1.0852784214895703,-1.0318557299675197,-0.3006275975881554,-2.1717861850498807,Placed,-1.121576165093496,1,1
-0.057044612920247185,1.611519271292134,1.2717988986409308,1.2142535652005348,0.0850848304309275,1.0552206076087132,Placed,1.8845278153799556,1,1
1.2125714857361094,0.050554537486061424,0.09326023857568026,1.2142535652005348,1.2422221144881762,-0.4341671428491004,Placed,0.6467202940085341,1,1
0.10165739941179809,-1.5104101963200112,-1.0852784214895703,1.2142535652005348,0.5993680677897048,0.31052673237980744,Placed,-0.5910872273628871,1,0
-1.6440647362406915,0.050554537486061424,-1.0852784214895703,-1.0318557299675197,-0.557769216267544,-1.1788610180780061,Placed,-1.121576165093496,1,1
0.736465448739975,-1.5104101963200112,0.09326023857568026,-1.0318557299675197,-0.0434859789087668,-0.6823984345920682,NotPlaced,-0.944746519183293,0,0
-0.21574662525229105,-1.5104101963200112,-1.0852784214895703,0.09119891761650768,-1.843477309664487,0.06229544063683744,NotPlaced,-1.121576165093496,0,0
-1.6440647362406915,0.050554537486061424,-1.0852784214895703,-1.0318557299675197,-0.3006275975881554,-0.6823984345920682,NotPlaced,-1.121576165093496,0,1
-0.3744486375843349,0.050554537486061424,0.09326023857568026,1.2142535652005348,-0.0434859789087668,0.31052673237980744,NotPlaced,0.6467202940085341,0,1
-0.3744486375843349,0.050554537486061424,0.09326023857568026,0.09119891761650768,-1.3291940723057099,-1.9235548933069118,NotPlaced,0.11623135627792522,0,1
-0.21574662525229105,0.050554537486061424,-1.0852784214895703,0.09119891761650768,-1.457764881645404,0.5587580241227753,NotPlaced,-0.5910872273628871,0,1
-1.3266607115766023,0.050554537486061424,0.09326023857568026,-1.0318557299675197,0.34222644911031613,-0.18593585110613037,NotPlaced,-0.41425758145268365,0,1
0.8951674610720188,1.611519271292134,1.2717988986409308,-1.0318557299675197,0.2136556397706218,0.06229544063683744,NotPlaced,0.8235499399187379,0,1
0.260359411743842,1.611519271292134,1.2717988986409308,-1.0318557299675197,1.4993637331675649,0.8069893158657431,NotPlaced,0.8235499399187379,0,1
-0.057044612920247185,0.050554537486061424,-1.0852784214895703,-1.0318557299675197,-1.7149065003247927,-0.4341671428491004,NotPlaced,-1.121576165093496,0,1
0.10165739941179809,0.050554537486061424,-1.0852784214895703,-1.0318557299675197,-0.557769216267544,-2.4200174767928493,NotPlaced,-1.121576165093496,0,1
-0.21574662525229105,0.050554537486061424,-1.0852784214895703,0.09119891761650768,-2.3577605470232643,1.3034518993516808,NotPlaced,-0.5910872273628871,0,1
0.10165739941179809,0.050554537486061424,-1.0852784214895703,-1.0318557299675197,-0.8149108349469326,0.31052673237980744,NotPlaced,-1.121576165093496,0,1
-0.057044612920247185,-1.5104101963200112,1.2717988986409308,-1.0318557299675197,0.8565096864690933,0.06229544063683744,Placed,-0.2374279355424807,1,0
0.4190614240758872,-1.5104101963200112,0.09326023857568026,1.2142535652005348,0.8565096864690933,-0.18593585110613037,NotPlaced,0.11623135627792522,0,0
-0.057044612920247185,0.050554537486061424,-1.0852784214895703,0.09119891761650768,-1.3291940723057099,-0.6823984345920682,NotPlaced,-0.5910872273628871,0,1
0.736465448739975,0.050554537486061424,1.2717988986409308,1.2142535652005348,1.113651305148482,0.5587580241227753,Placed,1.3540388776493464,1,1
1.2125714857361094,0.050554537486061424,-1.0852784214895703,-1.0318557299675197,0.727938877129399,1.0552206076087132,NotPlaced,-1.121576165093496,0,1
-1.8027667485727352,-1.5104101963200112,-1.0852784214895703,-1.0318557299675197,-0.4291984069278497,-0.4341671428491004,NotPlaced,-1.6520651028241051,0,0
1.2125714857361094,1.611519271292134,1.2717988986409308,2.337308212784562,1.4993637331675649,0.8069893158657431,Placed,2.4150167531105646,1,1
-0.21574662525229105,0.050554537486061424,1.2717988986409308,1.2142535652005348,1.4993637331675649,1.3034518993516808,Placed,1.3540388776493464,1,1
0.8951674610720188,-1.5104101963200112,-1.0852784214895703,1.2142535652005348,0.34222644911031613,-0.18593585110613037,NotPlaced,-0.5910872273628871,0,0
1.529975510400197,0.050554537486061424,-1.0852784214895703,-1.0318557299675197,0.34222644911031613,0.06229544063683744,NotPlaced,-1.121576165093496,0,1
-1.8027667485727352,-1.5104101963200112,0.09326023857568026,0.09119891761650768,-0.1720567882484611,-0.4341671428491004,NotPlaced,-0.41425758145268365,0,0
-0.21574662525229105,0.050554537486061424,0.09326023857568026,0.09119891761650768,-1.3291940723057099,1.3034518993516808,NotPlaced,0.11623135627792522,0,1
0.10165739941179809,0.050554537486061424,0.09326023857568026,-1.0318557299675197,-0.4291984069278497,0.5587580241227753,NotPlaced,-0.41425758145268365,0,1
-1.6440647362406915,0.050554537486061424,0.09326023857568026,-1.0318557299675197,-0.0434859789087668,-0.4341671428491004,NotPlaced,-0.41425758145268365,0,1
0.10165739941179809,0.050554537486061424,-1.0852784214895703,-1.0318557299675197,-1.843477309664487,-0.4341671428491004,NotPlaced,-1.121576165093496,0,1
0.8951674610720188,0.050554537486061424,0.09326023857568026,1.2142535652005348,-0.943481644286627,0.31052673237980744,Placed,0.6467202940085341,1,1
0.8951674610720188,1.611519271292134,0.09326023857568026,-1.0318557299675197,1.2422221144881762,-0.4341671428491004,NotPlaced,0.11623135627792522,0,1
0.8951674610720188,0.050554537486061424,0.09326023857568026,0.09119891761650768,-1.0720524536263212,0.31052673237980744,Placed,0.11623135627792522,1,1
1.2125714857361094,0.050554537486061424,-1.0852784214895703,-1.0318557299675197,-0.8149108349469326,0.8069893158657431,Placed,-1.121576165093496,1,1
-0.3744486375843349,0.050554537486061424,-1.0852784214895703,0.09119891761650768,0.34222644911031613,-0.18593585110613037,NotPlaced,-0.5910872273628871,0,1
0.577763436407931,-1.5104101963200112,1.2717988986409308,1.2142535652005348,1.4993637331675649,-0.4341671428491004,NotPlaced,0.8235499399187379,0,0
1.529975510400197,1.611519271292134,1.2717988986409308,1.2142535652005348,0.0850848304309275,1.3034518993516808,Placed,1.8845278153799556,1,1
-0.21574662525229105,1.611519271292134,-1.0852784214895703,0.09119891761650768,0.4707972584500104,1.0552206076087132,Placed,-0.06059828963227817,1,1
1.688677522732241,0.050554537486061424,1.2717988986409308,2.337308212784562,1.3707929238278704,1.3034518993516808,NotPlaced,1.8845278153799556,0,1
1.0538694734040654,0.050554537486061424,0.09326023857568026,0.09119891761650768,0.4707972584500104,0.31052673237980744,Placed,0.11623135627792522,1,1
-1.167958699244557,1.611519271292134,1.2717988986409308,2.337308212784562,0.9850804958087876,1.3034518993516808,Placed,2.4150167531105646,1,1
-0.21574662525229105,0.050554537486061424,0.09326023857568026,-1.0318557299675197,-1.7149065003247927,-0.4341671428491004,NotPlaced,-0.41425758145268365,0,1
0.8951674610720188,1.611519271292134,0.09326023857568026,1.2142535652005348,-0.3006275975881554,0.06229544063683744,Placed,1.177209231739143,1,1
0.260359411743842,0.050554537486061424,1.2717988986409308,1.2142535652005348,1.3707929238278704,0.8069893158657431,Placed,1.3540388776493464,1,1
-0.057044612920247185,-1.5104101963200112,1.2717988986409308,1.2142535652005348,1.113651305148482,1.3034518993516808,Placed,0.8235499399187379,1,0
0.10165739941179809,0.050554537486061424,1.2717988986409308,1.2142535652005348,0.5993680677897048,-0.6823984345920682,Placed,1.3540388776493464,1,1
1.2125714857361094,-1.5104101963200112,1.2717988986409308,0.09119891761650768,1.4993637331675649,0.5587580241227753,Placed,0.2930610021881282,1,0
-0.3744486375843349,0.050554537486061424,0.09326023857568026,0.09119891761650768,-0.6863400256072383,-0.6823984345920682,NotPlaced,0.11623135627792522,0,1
-0.5331506499163802,0.050554537486061424,0.09326023857568026,2.337308212784562,0.8565096864690933,0.06229544063683744,NotPlaced,1.177209231739143,0,1
-0.3744486375843349,0.050554537486061424,0.09326023857568026,-1.0318557299675197,0.2136556397706218,0.06229544063683744,NotPlaced,-0.41425758145268365,0,1
-0.3744486375843349,0.050554537486061424,-1.0852784214895703,2.337308212784562,-0.557769216267544,-0.4341671428491004,NotPlaced,0.46989064809833114,0,1
0.577763436407931,0.050554537486061424,1.2717988986409308,0.09119891761650768,0.0850848304309275,-0.9306297263350372,Placed,0.8235499399187379,1,1
0.260359411743842,1.611519271292134,1.2717988986409308,-1.0318557299675197,-0.1720567882484611,1.3034518993516808,NotPlaced,0.8235499399187379,0,1
-0.057044612920247185,1.611519271292134,-1.0852784214895703,0.09119891761650768,-1.5863356909850983,-2.1717861850498807,NotPlaced,-0.06059828963227817,0,1
1.3712734980681531,1.611519271292134,1.2717988986409308,-1.0318557299675197,0.0850848304309275,1.3034518993516808,Placed,0.8235499399187379,1,1
-0.21574662525229105,0.050554537486061424,1.2717988986409308,0.09119891761650768,1.3707929238278704,1.3034518993516808,NotPlaced,0.8235499399187379,0,1
-0.5331506499163802,1.611519271292134,-1.0852784214895703,0.09119891761650768,1.113651305148482,-0.18593585110613037,NotPlaced,-0.06059828963227817,0,1
-1.0092566869125132,0.050554537486061424,-1.0852784214895703,-1.0318557299675197,-1.3291940723057099,-0.9306297263350372,NotPlaced,-1.121576165093496,0,1
-1.6440647362406915,0.050554537486061424,0.09326023857568026,-1.0318557299675197,0.34222644911031613,0.5587580241227753,Placed,-0.41425758145268365,1,1
-1.167958699244557,0.050554537486061424,-1.0852784214895703,-1.0318557299675197,-1.2006232629660154,-0.6823984345920682,NotPlaced,-1.121576165093496,0,1
-1.4853627239086462,0.050554537486061424,-1.0852784214895703,0.09119891761650768,-1.5863356909850983,-2.1717861850498807,NotPlaced,-0.5910872273628871,0,1
-0.057044612920247185,0.050554537486061424,0.09326023857568026,-1.0318557299675197,-2.3577605470232643,-0.9306297263350372,NotPlaced,-0.41425758145268365,0,1
0.260359411743842,0.050554537486061424,-1.0852784214895703,0.09119891761650768,0.0850848304309275,-1.1788610180780061,Placed,-0.5910872273628871,1,1
-0.3744486375843349,0.050554537486061424,-1.0852784214895703,-1.0318557299675197,0.8565096864690933,1.0552206076087132,NotPlaced,-1.121576165093496,0,1
0.736465448739975,0.050554537486061424,0.09326023857568026,0.09119891761650768,0.727938877129399,0.06229544063683744,NotPlaced,0.11623135627792522,0,1
1.0538694734040654,0.050554537486061424,1.2717988986409308,1.2142535652005348,0.8565096864690933,-0.4341671428491004,Placed,1.3540388776493464,1,1
-0.057044612920247185,-1.5104101963200112,0.09326023857568026,-1.0318557299675197,0.727938877129399,-0.18593585110613037,NotPlaced,-0.944746519183293,0,0
0.10165739941179809,-1.5104101963200112,-1.0852784214895703,-1.0318557299675197,-0.943481644286627,-0.18593585110613037,NotPlaced,-1.6520651028241051,0,0
-0.057044612920247185,-1.5104101963200112,1.2717988986409308,2.337308212784562,-0.4291984069278497,0.06229544063683744,Placed,1.3540388776493464,1,0
-0.057044612920247185,0.050554537486061424,-1.0852784214895703,0.09119891761650768,1.3707929238278704,1.3034518993516808,Placed,-0.5910872273628871,1,1
0.10165739941179809,1.611519271292134,1.2717988986409308,1.2142535652005348,1.4993637331675649,1.0552206076087132,Placed,1.8845278153799556,1,1
-1.8027667485727352,-1.5104101963200112,0.09326023857568026,-1.0318557299675197,-0.6863400256072383,-0.4341671428491004,NotPlaced,-0.944746519183293,0,0
0.4190614240758872,0.050554537486061424,1.2717988986409308,1.2142535652005348,-0.0434859789087668,0.06229544063683744,Placed,1.3540388776493464,1,1
0.260359411743842,1.611519271292134,1.2717988986409308,-1.0318557299675197,1.4993637331675649,1.0552206076087132,Placed,0.8235499399187379,1,1
-1.8027667485727352,-1.5104101963200112,0.09326023857568026,0.09119891761650768,0.34222644911031613,1.3034518993516808,NotPlaced,-0.41425758145268365,0,0
-0.057044612920247185,0.050554537486061424,-1.0852784214895703,0.09119891761650768,0.727938877129399,-0.4341671428491004,NotPlaced,-0.5910872273628871,0,1
0.10165739941179809,0.050554537486061424,0.09326023857568026,-1.0318557299675197,1.113651305148482,-0.6823984345920682,Placed,-0.41425758145268365,1,1
-0.5331506499163802,0.050554537486061424,-1.0852784214895703,0.09119891761650768,-1.2006232629660154,-0.18593585110613037,NotPlaced,-0.5910872273628871,0,1
-1.167958699244557,0.050554537486061424,-1.0852784214895703,-1.0318557299675197,-0.943481644286627,-1.1788610180780061,NotPlaced,-1.121576165093496,0,1
0.736465448739975,0.050554537486061424,0.09326023857568026,-1.0318557299675197,0.2136556397706218,-0.6823984345920682,Placed,-0.41425758145268365,1,1
-0.057044612920247185,-1.5104101963200112,1.2717988986409308,-1.0318557299675197,0.4707972584500104,0.31052673237980744,NotPlaced,-0.2374279355424807,0,0
-0.057044612920247185,-1.5104101963200112,-1.0852784214895703,1.2142535652005348,0.0850848304309275,1.3034518993516808,Placed,-0.5910872273628871,1,0
0.736465448739975,-1.5104101963200112,1.2717988986409308,1.2142535652005348,-0.1720567882484611,1.3034518993516808,NotPlaced,0.8235499399187379,0,0
-1.4853627239086462,0.050554537486061424,-1.0852784214895703,-1.0318557299675197,-1.457764881645404,-0.18593585110613037,NotPlaced,-1.121576165093496,0,1
0.8951674610720188,1.611519271292134,0.09326023857568026,0.09119891761650768,-0.557769216267544,0.5587580241227753,NotPlaced,0.6467202940085345,0,1
0.260359411743842,0.050554537486061424,0.09326023857568026,1.2142535652005348,-0.3006275975881554,1.0552206076087132,Placed,0.6467202940085341,1,1
-0.21574662525229105,0.050554537486061424,0.09326023857568026,-1.0318557299675197,0.5993680677897048,-0.18593585110613037,NotPlaced,-0.41425758145268365,0,1
-0.3744486375843349,0.050554537486061424,1.2717988986409308,-1.0318557299675197,-0.943481644286627,0.31052673237980744,Placed,0.2930610021881282,1,1
-0.21574662525229105,0.050554537486061424,-1.0852784214895703,-1.0318557299675197,0.0850848304309275,0.5587580241227753,NotPlaced,-1.121576165093496,0,1
-0.3744486375843349,-1.5104101963200112,-1.0852784214895703,-1.0318557299675197,-1.3291940723057099,-0.4341671428491004,NotPlaced,-1.6520651028241051,0,0
-1.8027667485727352,-1.5104101963200112,0.09326023857568026,0.09119891761650768,-2.3577605470232643,-2.916480060278785,NotPlaced,-0.41425758145268365,0,0
1.2125714857361094,0.050554537486061424,0.09326023857568026,0.09119891761650768,0.34222644911031613,-1.1788610180780061,Placed,0.11623135627792522,1,1
-0.5331506499163802,1.611519271292134,1.2717988986409308,0.09119891761650768,1.113651305148482,1.3034518993516808,Placed,1.3540388776493464,1,1
-1.167958699244557,0.050554537486061424,-1.0852784214895703,-1.0318557299675197,-1.3291940723057099,1.0552206076087132,NotPlaced,-1.121576165093496,0,1
-0.8505546745804693,1.611519271292134,1.2717988986409308,-1.0318557299675197,0.0850848304309275,1.3034518993516808,Placed,0.8235499399187379,1,1
0.10165739941179809,0.050554537486061424,-1.0852784214895703,1.2142535652005348,0.0850848304309275,-0.4341671428491004,NotPlaced,-0.060598289632277744,0,1
-1.8027667485727352,0.050554537486061424,1.2717988986409308,-1.0318557299675197,0.5993680677897048,0.06229544063683744,NotPlaced,0.2930610021881282,0,1
-0.21574662525229105,0.050554537486061424,-1.0852784214895703,0.09119891761650768,0.0850848304309275,0.31052673237980744,NotPlaced,-0.5910872273628871,0,1
0.10165739941179809,0.050554537486061424,0.09326023857568026,-1.0318557299675197,0.34222644911031613,-1.1788610180780061,NotPlaced,-0.41425758145268365,0,1
0.577763436407931,1.611519271292134,1.2717988986409308,-1.0318557299675197,0.8565096864690933,1.0552206076087132,Placed,0.8235499399187379,1,1
0.736465448739975,0.050554537486061424,-1.0852784214895703,-1.0318557299675197,-0.1720567882484611,0.31052673237980744,NotPlaced,-1.121576165093496,0,1
0.8951674610720188,1.611519271292134,1.2717988986409308,0.09119891761650768,1.4993637331675649,-0.9306297263350372,Placed,1.3540388776493464,1,1
0.10165739941179809,-1.5104101963200112,0.09326023857568026,-1.0318557299675197,-0.557769216267544,-0.18593585110613037,NotPlaced,-0.944746519183293,0,0
-1.167958699244557,-1.5104101963200112,0.09326023857568026,-1.0318557299675197,-1.2006232629660154,-2.1717861850498807,NotPlaced,-0.944746519183293,0,0
-1.8027667485727352,-1.5104101963200112,1.2717988986409308,-1.0318557299675197,-0.1720567882484611,-1.6753236015639428,NotPlaced,-0.2374279355424807,0,0
0.4190614240758872,0.050554537486061424,-1.0852784214895703,0.09119891761650768,-1.7149065003247927,0.06229544063683744,NotPlaced,-0.5910872273628871,0,1
1.3712734980681531,1.611519271292134,1.2717988986409308,1.2142535652005348,0.727938877129399,0.8069893158657431,Placed,1.8845278153799556,1,1
2.0060815473963314,-1.5104101963200112,1.2717988986409308,-1.0318557299675197,1.3707929238278704,1.3034518993516808,Placed,-0.2374279355424807,1,0
-0.5331506499163802,0.050554537486061424,-1.0852784214895703,-1.0318557299675197,-0.557769216267544,0.5587580241227753,NotPlaced,-1.121576165093496,0,1
-1.0092566869125132,0.050554537486061424,0.09326023857568026,-1.0318557299675197,-0.8149108349469326,0.8069893158657431,Placed,-0.41425758145268365,1,1
-1.8027667485727352,1.611519271292134,-1.0852784214895703,1.2142535652005348,0.2136556397706218,0.8069893158657431,Placed,0.46989064809833114,1,1
0.10165739941179809,0.050554537486061424,0.09326023857568026,-1.0318557299675197,0.4707972584500104,0.31052673237980744,Placed,-0.41425758145268365,1,1
1.3712734980681531,0.050554537486061424,0.09326023857568026,0.09119891761650768,-2.3577605470232643,1.3034518993516808,NotPlaced,0.11623135627792522,0,1
1.3712734980681531,0.050554537486061424,1.2717988986409308,1.2142535652005348,1.4993637331675649,0.5587580241227753,NotPlaced,1.3540388776493464,0,1
0.4190614240758872,1.611519271292134,-1.0852784214895703,0.09119891761650768,-0.0434859789087668,-0.4341671428491004,NotPlaced,-0.06059828963227817,0,1
0.8951674610720188,0.050554537486061424,1.2717988986409308,1.2142535652005348,1.4993637331675649,0.06229544063683744,Placed,1.3540388776493464,1,1
0.10165739941179809,0.050554537486061424,-1.0852784214895703,-1.0318557299675197,-1.9720481190041814,-0.9306297263350372,Placed,-1.121576165093496,1,1
0.736465448739975,0.050554537486061424,1.2717988986409308,-1.0318557299675197,0.34222644911031613,-1.4270923098209738,NotPlaced,0.2930610021881282,0,1
-1.4853627239086462,0.050554537486061424,-1.0852784214895703,-1.0318557299675197,-0.6863400256072383,-1.1788610180780061,NotPlaced,-1.121576165093496,0,1
0.10165739941179809,1.611519271292134,1.2717988986409308,1.2142535652005348,1.4993637331675649,1.3034518993516808,Placed,1.8845278153799556,1,1
0.577763436407931,0.050554537486061424,1.2717988986409308,1.2142535652005348,-0.1720567882484611,0.5587580241227753,NotPlaced,1.3540388776493464,0,1
-1.8027667485727352,0.050554537486061424,1.2717988986409308,-1.0318557299675197,0.34222644911031613,-1.1788610180780061,NotPlaced,0.2930610021881282,0,1
1.688677522732241,1.611519271292134,1.2717988986409308,-1.0318557299675197,0.4707972584500104,1.3034518993516808,Placed,0.8235499399187379,1,1
0.260359411743842,1.611519271292134,-1.0852784214895703,0.09119891761650768,-0.4291984069278497,-1.1788610180780061,NotPlaced,-0.06059828963227817,0,1
-1.3266607115766023,0.050554537486061424,0.09326023857568026,-1.0318557299675197,-0.0434859789087668,-1.1788610180780061,NotPlaced,-0.41425758145268365,0,1
-0.21574662525229105,0.050554537486061424,-1.0852784214895703,-1.0318557299675197,-1.843477309664487,-0.6823984345920682,NotPlaced,-1.121576165093496,0,1
0.736465448739975,-1.5104101963200112,-1.0852784214895703,-1.0318557299675197,1.2422221144881762,0.06229544063683744,NotPlaced,-1.6520651028241051,0,0
0.10165739941179809,1.611519271292134,0.09326023857568026,-1.0318557299675197,0.2136556397706218,-1.1788610180780061,NotPlaced,0.11623135627792522,0,1
-1.4853627239086462,0.050554537486061424,0.09326023857568026,0.09119891761650768,-0.557769216267544,-0.4341671428491004,Placed,0.11623135627792522,1,1
-0.21574662525229105,0.050554537486061424,0.09326023857568026,-1.0318557299675197,-1.3291940723057099,-0.18593585110613037,NotPlaced,-0.41425758145268365,0,1
-0.057044612920247185,0.050554537486061424,1.2717988986409308,0.09119891761650768,-0.557769216267544,-0.6823984345920682,NotPlaced,0.8235499399187379,0,1
-1.4853627239086462,0.050554537486061424,0.09326023857568026,0.09119891761650768,-1.843477309664487,-2.916480060278785,NotPlaced,0.11623135627792522,0,1
0.10165739941179809,0.050554537486061424,0.09326023857568026,0.09119891761650768,0.8565096864690933,0.8069893158657431,Placed,0.11623135627792522,1,1
0.736465448739975,-1.5104101963200112,0.09326023857568026,-1.0318557299675197,0.727938877129399,-0.6823984345920682,NotPlaced,-0.944746519183293,0,0
1.3712734980681531,-1.5104101963200112,-1.0852784214895703,-1.0318557299675197,-0.943481644286627,-0.6823984345920682,NotPlaced,-1.6520651028241051,0,0
0.577763436407931,-1.5104101963200112,1.2717988986409308,1.2142535652005348,0.8565096864690933,1.0552206076087132,Placed,0.8235499399187379,1,0
1.8473795350642876,0.050554537486061424,-1.0852784214895703,1.2142535652005348,1.113651305148482,0.31052673237980744,Placed,-0.060598289632277744,1,1
-1.8027667485727352,1.611519271292134,-1.0852784214895703,0.09119891761650768,-1.843477309664487,-1.1788610180780061,NotPlaced,-0.06059828963227817,0,1
-0.057044612920247185,0.050554537486061424,0.09326023857568026,1.2142535652005348,0.34222644911031613,-1.1788610180780061,Placed,0.6467202940085341,1,1
1.0538694734040654,-1.5104101963200112,1.2717988986409308,0.09119891761650768,0.9850804958087876,0.06229544063683744,Placed,0.2930610021881282,1,0
1.3712734980681531,1.611519271292134,1.2717988986409308,0.09119891761650768,0.8565096864690933,-0.4341671428491004,Placed,1.3540388776493464,1,1
-0.691852662248424,0.050554537486061424,-1.0852784214895703,-1.0318557299675197,-0.6863400256072383,-1.1788610180780061,NotPlaced,-1.121576165093496,0,1
-0.057044612920247185,1.611519271292134,1.2717988986409308,-1.0318557299675197,-0.0434859789087668,-1.4270923098209738,Placed,0.8235499399187379,1,1
1.3712734980681531,0.050554537486061424,-1.0852784214895703,1.2142535652005348,-0.8149108349469326,-0.6823984345920682,Placed,-0.060598289632277744,1,1
-0.057044612920247185,0.050554537486061424,-1.0852784214895703,-1.0318557299675197,-1.0720524536263212,-0.4341671428491004,NotPlaced,-1.121576165093496,0,1
1.3712734980681531,-1.5104101963200112,0.09326023857568026,1.2142535652005348,-0.4291984069278497,0.5587580241227753,Placed,0.11623135627792522,1,0
1.3712734980681531,0.050554537486061424,-1.0852784214895703,1.2142535652005348,0.4707972584500104,-2.1717861850498807,NotPlaced,-0.060598289632277744,0,1
1.3712734980681531,-1.5104101963200112,0.09326023857568026,1.2142535652005348,0.9850804958087876,1.3034518993516808,Placed,0.11623135627792522,1,0
-0.5331506499163802,1.611519271292134,-1.0852784214895703,0.09119891761650768,0.0850848304309275,1.3034518993516808,NotPlaced,-0.06059828963227817,0,1
1.529975510400197,1.611519271292134,1.2717988986409308,1.2142535652005348,0.4707972584500104,0.31052673237980744,Placed,1.8845278153799556,1,1
-0.21574662525229105,0.050554537486061424,-1.0852784214895703,-1.0318557299675197,-0.1720567882484611,1.3034518993516808,Placed,-1.121576165093496,1,1
0.8951674610720188,1.611519271292134,0.09326023857568026,1.2142535652005348,1.2422221144881762,-0.18593585110613037,NotPlaced,1.177209231739143,0,1
1.8473795350642876,0.050554537486061424,1.2717988986409308,1.2142535652005348,0.4707972584500104,1.3034518993516808,NotPlaced,1.3540388776493464,0,1
-1.3266607115766023,0.050554537486061424,0.09326023857568026,-1.0318557299675197,-0.4291984069278497,0.5587580241227753,NotPlaced,-0.41425758145268365,0,1
0.10165739941179809,0.050554537486061424,-1.0852784214895703,-1.0318557299675197,-0.6863400256072383,-0.9306297263350372,Placed,-1.121576165093496,1,1
-0.5331506499163802,-1.5104101963200112,-1.0852784214895703,0.09119891761650768,-0.557769216267544,-0.4341671428491004,NotPlaced,-1.121576165093496,0,0
-1.8027667485727352,-1.5104101963200112,-1.0852784214895703,-1.0318557299675197,-2.1006189283438754,0.8069893158657431,NotPlaced,-1.6520651028241051,0,0
0.4190614240758872,0.050554537486061424,0.09326023857568026,0.09119891761650768,0.2136556397706218,0.06229544063683744,NotPlaced,0.11623135627792522,0,1
-1.0092566869125132,0.050554537486061424,-1.0852784214895703,-1.0318557299675197,-2.1006189283438754,0.06229544063683744,NotPlaced,-1.121576165093496,0,1
-1.8027667485727352,0.050554537486061424,0.09326023857568026,-1.0318557299675197,0.727938877129399,1.0552206076087132,NotPlaced,-0.41425758145268365,0,1
-1.3266607115766023,0.050554537486061424,-1.0852784214895703,-1.0318557299675197,-0.0434859789087668,-1.4270923098209738,Placed,-1.121576165093496,1,1
-0.21574662525229105,0.050554537486061424,1.2717988986409308,1.2142535652005348,-1.3291940723057099,-1.6753236015639428,Placed,1.3540388776493464,1,1
-0.057044612920247185,0.050554537486061424,1.2717988986409308,1.2142535652005348,0.34222644911031613,1.3034518993516808,Placed,1.3540388776493464,1,1
-1.6440647362406915,0.050554537486061424,-1.0852784214895703,-1.0318557299675197,-0.1720567882484611,-0.9306297263350372,NotPlaced,-1.121576165093496,0,1
0.4190614240758872,0.050554537486061424,0.09326023857568026,0.09119891761650768,0.9850804958087876,1.3034518993516808,NotPlaced,0.11623135627792522,0,1
0.10165739941179809,-1.5104101963200112,-1.0852784214895703,0.09119891761650768,-1.843477309664487,0.31052673237980744,NotPlaced,-1.121576165093496,0,0
-0.21574662525229105,0.050554537486061424,-1.0852784214895703,-1.0318557299675197,-1.3291940723057099,-0.4341671428491004,NotPlaced,-1.121576165093496,0,1
1.3712734980681531,-1.5104101963200112,1.2717988986409308,1.2142535652005348,1.4993637331675649,1.0552206076087132,Placed,0.8235499399187379,1,0
-0.3744486375843349,0.050554537486061424,-1.0852784214895703,-1.0318557299675197,1.2422221144881762,0.5587580241227753,Placed,-1.121576165093496,1,1
-1.8027667485727352,1.611519271292134,1.2717988986409308,1.2142535652005348,0.2136556397706218,-0.4341671428491004,Placed,1.8845278153799556,1,1
-0.8505546745804693,0.050554537486061424,-1.0852784214895703,-1.0318557299675197,-1.0720524536263212,-0.4341671428491004,NotPlaced,-1.121576165093496,0,1
0.736465448739975,1.611519271292134,1.2717988986409308,-1.0318557299675197,0.9850804958087876,0.06229544063683744,Placed,0.8235499399187379,1,1
0.4190614240758872,0.050554537486061424,0.09326023857568026,-1.0318557299675197,-0.0434859789087668,0.5587580241227753,Placed,-0.41425758145268365,1,1
0.10165739941179809,0.050554537486061424,1.2717988986409308,-1.0318557299675197,-0.943481644286627,-0.18593585110613037,NotPlaced,0.2930610021881282,0,1
0.4190614240758872,1.611519271292134,1.2717988986409308,1.2142535652005348,1.4993637331675649,1.0552206076087132,Placed,1.8845278153799556,1,1
-0.3744486375843349,0.050554537486061424,1.2717988986409308,-1.0318557299675197,0.8565096864690933,0.8069893158657431,NotPlaced,0.2930610021881282,0,1
-0.21574662525229105,0.050554537486061424,0.09326023857568026,1.2142535652005348,-0.943481644286627,-0.4341671428491004,Placed,0.6467202940085341,1,1
0.736465448739975,-1.5104101963200112,1.2717988986409308,-1.0318557299675197,1.4993637331675649,0.5587580241227753,Placed,-0.2374279355424807,1,0
0.4190614240758872,0.050554537486061424,0.09326023857568026,-1.0318557299675197,0.727938877129399,0.8069893158657431,Placed,-0.41425758145268365,1,1
0.260359411743842,0.050554537486061424,-1.0852784214895703,-1.0318557299675197,-0.557769216267544,0.5587580241227753,Placed,-1.121576165093496,1,1
0.736465448739975,-1.5104101963200112,-1.0852784214895703,1.2142535652005348,0.34222644911031613,-0.4341671428491004,Placed,-0.5910872273628871,1,0
0.736465448739975,0.050554537486061424,0.09326023857568026,-1.0318557299675197,0.34222644911031613,-0.18593585110613037,NotPlaced,-0.41425758145268365,0,1
0.8951674610720188,-1.5104101963200112,1.2717988986409308,1.2142535652005348,-0.3006275975881554,1.0552206076087132,NotPlaced,0.8235499399187379,0,0
1.529975510400197,0.050554537486061424,1.2717988986409308,1.2142535652005348,0.4707972584500104,1.3034518993516808,Placed,1.3540388776493464,1,1
-1.8027667485727352,0.050554537486061424,-1.0852784214895703,0.09119891761650768,-0.1720567882484611,-0.9306297263350372,NotPlaced,-0.5910872273628871,0,1
0.260359411743842,1.611519271292134,1.2717988986409308,1.2142535652005348,0.727938877129399,0.31052673237980744,NotPlaced,1.8845278153799556,0,1
0.8951674610720188,-1.5104101963200112,1.2717988986409308,0.09119891761650768,1.4993637331675649,1.3034518993516808,NotPlaced,0.2930610021881282,0,0
0.10165739941179809,0.050554537486061424,-1.0852784214895703,-1.0318557299675197,-1.0720524536263212,0.31052673237980744,NotPlaced,-1.121576165093496,0,1
-0.3744486375843349,-1.5104101963200112,1.2717988986409308,1.2142535652005348,-0.4291984069278497,0.06229544063683744,Placed,0.8235499399187379,1,0
0.10165739941179809,0.050554537486061424,0.09326023857568026,0.09119891761650768,0.2136556397706218,0.31052673237980744,NotPlaced,0.11623135627792522,0,1
-0.057044612920247185,0.050554537486061424,0.09326023857568026,-1.0318557299675197,-0.6863400256072383,-1.1788610180780061,NotPlaced,-0.41425758145268365,0,1
-0.21574662525229105,0.050554537486061424,-1.0852784214895703,-1.0318557299675197,0.5993680677897048,0.31052673237980744,NotPlaced,-1.121576165093496,0,1
-0.3744486375843349,0.050554537486061424,-1.0852784214895703,0.09119891761650768,-1.7149065003247927,0.06229544063683744,NotPlaced,-0.5910872273628871,0,1
0.10165739941179809,-1.5104101963200112,0.09326023857568026,-1.0318557299675197,1.2422221144881762,1.3034518993516808,NotPlaced,-0.944746519183293,0,0
-1.8027667485727352,-1.5104101963200112,-1.0852784214895703,-1.0318557299675197,-1.457764881645404,-1.9235548933069118,NotPlaced,-1.6520651028241051,0,0
0.577763436407931,0.050554537486061424,0.09326023857568026,0.09119891761650768,0.2136556397706218,0.06229544063683744,NotPlaced,0.11623135627792522,0,1
0.4190614240758872,0.050554537486061424,1.2717988986409308,-1.0318557299675197,0.34222644911031613,0.5587580241227753,NotPlaced,0.2930610021881282,0,1
0.10165739941179809,0.050554537486061424,-1.0852784214895703,-1.0318557299675197,0.2136556397706218,-0.18593585110613037,Placed,-1.121576165093496,1,1
0.260359411743842,-1.5104101963200112,-1.0852784214895703,-1.0318557299675197,-0.557769216267544,-0.6823984345920682,NotPlaced,-1.6520651028241051,0,0
1.3712734980681531,0.050554537486061424,1.2717988986409308,1.2142535652005348,0.2136556397706218,0.8069893158657431,Placed,1.3540388776493464,1,1
0.10165739941179809,0.050554537486061424,1.2717988986409308,1.2142535652005348,1.2422221144881762,0.5587580241227753,NotPlaced,1.3540388776493464,0,1
0.10165739941179809,-1.5104101963200112,-1.0852784214895703,-1.0318557299675197,0.4707972584500104,1.0552206076087132,NotPlaced,-1.6520651028241051,0,0
-0.21574662525229105,0.050554537486061424,0.09326023857568026,-1.0318557299675197,-1.3291940723057099,-1.1788610180780061,NotPlaced,-0.41425758145268365,0,1
0.8951674610720188,1.611519271292134,0.09326023857568026,0.09119891761650768,-0.557769216267544,-0.18593585110613037,Placed,0.6467202940085345,1,1
-1.167958699244557,1.611519271292134,-1.0852784214895703,-1.0318557299675197,-0.0434859789087668,1.3034518993516808,NotPlaced,-0.5910872273628871,0,1
-1.3266607115766023,0.050554537486061424,-1.0852784214895703,1.2142535652005348,-0.557769216267544,-0.18593585110613037,NotPlaced,-0.060598289632277744,0,1
-1.8027667485727352,0.050554537486061424,-1.0852784214895703,-1.0318557299675197,-1.0720524536263212,1.0552206076087132,Placed,-1.121576165093496,1,1
0.10165739941179809,-1.5104101963200112,0.09326023857568026,0.09119891761650768,0.34222644911031613,-1.1788610180780061,NotPlaced,-0.41425758145268365,0,0
0.8951674610720188,1.611519271292134,-1.0852784214895703,1.2142535652005348,-0.1720567882484611,1.3034518993516808,NotPlaced,0.46989064809833114,0,1
0.8951674610720188,1.611519271292134,1.2717988986409308,1.2142535652005348,1.3707929238278704,1.3034518993516808,Placed,1.8845278153799556,1,1
0.260359411743842,-1.5104101963200112,-1.0852784214895703,0.09119891761650768,-1.9720481190041814,0.5587580241227753,NotPlaced,-1.121576165093496,0,0
-1.6440647362406915,-1.5104101963200112,1.2717988986409308,-1.0318557299675197,0.9850804958087876,1.3034518993516808,NotPlaced,-0.2374279355424807,0,0
1.688677522732241,-1.5104101963200112,-1.0852784214895703,1.2142535652005348,1.4993637331675649,0.5587580241227753,Placed,-0.5910872273628871,1,0
0.736465448739975,0.050554537486061424,1.2717988986409308,-1.0318557299675197,1.4993637331675649,0.5587580241227753,NotPlaced,0.2930610021881282,0,1
-0.3744486375843349,1.611519271292134,0.09326023857568026,1.2142535652005348,1.113651305148482,-0.6823984345920682,Placed,1.177209231739143,1,1
0.8951674610720188,1.611519271292134,1.2717988986409308,1.2142535652005348,0.2136556397706218,1.3034518993516808,Placed,1.8845278153799556,1,1
0.260359411743842,-1.5104101963200112,-1.0852784214895703,-1.0318557299675197,-0.943481644286627,0.06229544063683744,NotPlaced,-1.6520651028241051,0,0
0.4190614240758872,-1.5104101963200112,0.09326023857568026,-1.0318557299675197,-1.0720524536263212,1.0552206076087132,Placed,-0.944746519183293,1,0
-0.3744486375843349,-1.5104101963200112,-1.0852784214895703,-1.0318557299675197,-0.8149108349469326,0.5587580241227753,NotPlaced,-1.6520651028241051,0,0
-1.4853627239086462,0.050554537486061424,-1.0852784214895703,-1.0318557299675197,-1.457764881645404,0.8069893158657431,NotPlaced,-1.121576165093496,0,1
1.3712734980681531,0.050554537486061424,1.2717988986409308,1.2142535652005348,0.727938877129399,0.8069893158657431,Placed,1.3540388776493464,1,1
1.2125714857361094,1.611519271292134,1.2717988986409308,1.2142535652005348,1.113651305148482,1.3034518993516808,Placed,1.8845278153799556,1,1
0.10165739941179809,1.611519271292134,1.2717988986409308,1.2142535652005348,1.3707929238278704,1.3034518993516808,Placed,1.8845278153799556,1,1
-0.057044612920247185,0.050554537486061424,0.09326023857568026,0.09119891761650768,-1.5863356909850983,0.31052673237980744,NotPlaced,0.11623135627792522,0,1
1.529975510400197,0.050554537486061424,-1.0852784214895703,1.2142535652005348,0.727938877129399,0.06229544063683744,Placed,-0.060598289632277744,1,1
0.736465448739975,1.611519271292134,0.09326023857568026,-1.0318557299675197,0.2136556397706218,1.3034518993516808,Placed,0.11623135627792522,1,1
0.260359411743842,-1.5104101963200112,-1.0852784214895703,-1.0318557299675197,-0.6863400256072383,0.31052673237980744,Placed,-1.6520651028241051,1,0
0.260359411743842,0.050554537486061424,1.2717988986409308,1.2142535652005348,-0.1720567882484611,1.0552206076087132,Placed,1.3540388776493464,1,1
-0.3744486375843349,-1.5104101963200112,-1.0852784214895703,-1.0318557299675197,0.2136556397706218,-2.1717861850498807,NotPlaced,-1.6520651028241051,0,0
-0.057044612920247185,-1.5104101963200112,-1.0852784214895703,1.2142535652005348,-0.4291984069278497,0.5587580241227753,NotPlaced,-0.5910872273628871,0,0
-0.057044612920247185,0.050554537486061424,0.09326023857568026,-1.0318557299675197,-0.1720567882484611,-0.4341671428491004,NotPlaced,-0.41425758145268365,0,1
-0.3744486375843349,-1.5104101963200112,-1.0852784214895703,-1.0318557299675197,0.34222644911031613,-0.9306297263350372,NotPlaced,-1.6520651028241051,0,0
0.736465448739975,-1.5104101963200112,1.2717988986409308,1.2142535652005348,0.8565096864690933,1.3034518993516808,NotPlaced,0.8235499399187379,0,0
0.8951674610720188,0.050554537486061424,0.09326023857568026,2.337308212784562,0.4707972584500104,0.8069893158657431,NotPlaced,1.177209231739143,0,1
-0.3744486375843349,0.050554537486061424,-1.0852784214895703,-1.0318557299675197,-0.3006275975881554,0.06229544063683744,NotPlaced,-1.121576165093496,0,1
0.577763436407931,0.050554537486061424,0.09326023857568026,1.2142535652005348,0.5993680677897048,0.06229544063683744,NotPlaced,0.6467202940085341,0,1
-1.8027667485727352,0.050554537486061424,-1.0852784214895703,0.09119891761650768,-2.1006189283438754,-2.1717861850498807,NotPlaced,-0.5910872273628871,0,1
-1.4853627239086462,1.611519271292134,-1.0852784214895703,1.2142535652005348,-0.943481644286627,-0.6823984345920682,NotPlaced,0.46989064809833114,0,1
-0.21574662525229105,0.050554537486061424,-1.0852784214895703,0.09119891761650768,-1.7149065003247927,0.31052673237980744,NotPlaced,-0.5910872273628871,0,1
-1.8027667485727352,1.611519271292134,-1.0852784214895703,0.09119891761650768,-0.3006275975881554,1.3034518993516808,NotPlaced,-0.06059828963227817,0,1
0.10165739941179809,0.050554537486061424,-1.0852784214895703,0.09119891761650768,-1.0720524536263212,-0.4341671428491004,NotPlaced,-0.5910872273628871,0,1
-0.057044612920247185,0.050554537486061424,-1.0852784214895703,1.2142535652005348,-0.557769216267544,0.06229544063683744,Placed,-0.060598289632277744,1,1
-0.8505546745804693,0.050554537486061424,0.09326023857568026,-1.0318557299675197,0.727938877129399,0.8069893158657431,Placed,-0.41425758145268365,1,1
0.10165739941179809,1.611519271292134,0.09326023857568026,-1.0318557299675197,-0.943481644286627,-0.6823984345920682,Placed,0.11623135627792522,1,1
-1.3266607115766023,0.050554537486061424,-1.0852784214895703,-1.0318557299675197,-1.2006232629660154,-0.6823984345920682,NotPlaced,-1.121576165093496,0,1
-0.5331506499163802,0.050554537486061424,0.09326023857568026,0.09119891761650768,-1.3291940723057099,0.8069893158657431,NotPlaced,0.11623135627792522,0,1
-0.5331506499163802,0.050554537486061424,0.09326023857568026,0.09119891761650768,0.727938877129399,0.8069893158657431,NotPlaced,0.11623135627792522,0,1
1.0538694734040654,1.611519271292134,1.2717988986409308,1.2142535652005348,0.2136556397706218,-0.18593585110613037,Placed,1.8845278153799556,1,1
-0.21574662525229105,0.050554537486061424,-1.0852784214895703,-1.0318557299675197,-0.557769216267544,-1.9235548933069118,Placed,-1.121576165093496,1,1
0.260359411743842,1.611519271292134,1.2717988986409308,1.2142535652005348,1.4993637331675649,-0.9306297263350372,NotPlaced,1.8845278153799556,0,1
-0.057044612920247185,-1.5104101963200112,1.2717988986409308,-1.0318557299675197,1.2422221144881762,0.8069893158657431,Placed,-0.2374279355424807,1,0
0.10165739941179809,0.050554537486061424,1.2717988986409308,2.337308212784562,0.727938877129399,1.0552206076087132,NotPlaced,1.8845278153799556,0,1
1.529975510400197,0.050554537486061424,-1.0852784214895703,-1.0318557299675197,-1.7149065003247927,-1.4270923098209738,NotPlaced,-1.121576165093496,0,1
0.10165739941179809,0.050554537486061424,0.09326023857568026,-1.0318557299675197,0.0850848304309275,1.0552206076087132,Placed,-0.41425758145268365,1,1
-1.8027667485727352,0.050554537486061424,-1.0852784214895703,1.2142535652005348,-0.943481644286627,-0.4341671428491004,NotPlaced,-0.060598289632277744,0,1
-1.8027667485727352,0.050554537486061424,-1.0852784214895703,-1.0318557299675197,-2.3577605470232643,-1.6753236015639428,NotPlaced,-1.121576165093496,0,1
1.3712734980681531,1.611519271292134,0.09326023857568026,1.2142535652005348,0.34222644911031613,1.3034518993516808,Placed,1.177209231739143,1,1
-1.6440647362406915,0.050554537486061424,-1.0852784214895703,0.09119891761650768,-0.557769216267544,-0.6823984345920682,Placed,-0.5910872273628871,1,1
1.0538694734040654,0.050554537486061424,0.09326023857568026,1.2142535652005348,0.8565096864690933,0.8069893158657431,Placed,0.6467202940085341,1,1
1.0538694734040654,-1.5104101963200112,-1.0852784214895703,-1.0318557299675197,1.113651305148482,0.5587580241227753,Placed,-1.6520651028241051,1,0
-1.3266607115766023,0.050554537486061424,-1.0852784214895703,0.09119891761650768,-0.6863400256072383,-0.9306297263350372,NotPlaced,-0.5910872273628871,0,1
0.260359411743842,0.050554537486061424,0.09326023857568026,1.2142535652005348,-0.1720567882484611,1.3034518993516808,Placed,0.6467202940085341,1,1
0.4190614240758872,0.050554537486061424,0.09326023857568026,1.2142535652005348,-0.0434859789087668,-0.9306297263350372,NotPlaced,0.6467202940085341,0,1
1.529975510400197,0.050554537486061424,1.2717988986409308,2.337308212784562,1.4993637331675649,1.3034518993516808,Placed,1.8845278153799556,1,1
0.260359411743842,0.050554537486061424,-1.0852784214895703,0.09119891761650768,0.5993680677897048,-0.6823984345920682,Placed,-0.5910872273628871,1,1
-0.3744486375843349,0.050554537486061424,-1.0852784214895703,1.2142535652005348,1.4993637331675649,0.06229544063683744,Placed,-0.060598289632277744,1,1
-0.21574662525229105,0.050554537486061424,0.09326023857568026,-1.0318557299675197,0.34222644911031613,-0.6823984345920682,Placed,-0.41425758145268365,1,1
0.577763436407931,0.050554537486061424,-1.0852784214895703,-1.0318557299675197,0.34222644911031613,-0.18593585110613037,NotPlaced,-1.121576165093496,0,1
-1.167958699244557,0.050554537486061424,-1.0852784214895703,1.2142535652005348,-1.457764881645404,-1.1788610180780061,NotPlaced,-0.060598289632277744,0,1
1.529975510400197,0.050554537486061424,-1.0852784214895703,-1.0318557299675197,1.113651305148482,1.3034518993516808,Placed,-1.121576165093496,1,1
1.2125714857361094,0.050554537486061424,0.09326023857568026,1.2142535652005348,-0.8149108349469326,-0.6823984345920682,Placed,0.6467202940085341,1,1
0.4190614240758872,-1.5104101963200112,-1.0852784214895703,-1.0318557299675197,0.0850848304309275,0.5587580241227753,Placed,-1.6520651028241051,1,0
-0.057044612920247185,-1.5104101963200112,0.09326023857568026,0.09119891761650768,0.2136556397706218,0.8069893158657431,NotPlaced,-0.41425758145268365,0,0
-1.8027667485727352,0.050554537486061424,0.09326023857568026,-1.0318557299675197,-0.6863400256072383,0.5587580241227753,NotPlaced,-0.41425758145268365,0,1
-0.057044612920247185,0.050554537486061424,-1.0852784214895703,-1.0318557299675197,-1.0720524536263212,-0.6823984345920682,NotPlaced,-1.121576165093496,0,1
-0.21574662525229105,-1.5104101963200112,-1.0852784214895703,-1.0318557299675197,0.2136556397706218,0.5587580241227753,NotPlaced,-1.6520651028241051,0,0
-1.6440647362406915,0.050554537486061424,0.09326023857568026,-1.0318557299675197,0.0850848304309275,-1.6753236015639428,NotPlaced,-0.41425758145268365,0,1
0.260359411743842,1.611519271292134,1.2717988986409308,1.2142535652005348,0.34222644911031613,1.3034518993516808,NotPlaced,1.8845278153799556,0,1
0.4190614240758872,1.611519271292134,1.2717988986409308,1.2142535652005348,1.113651305148482,1.3034518993516808,Placed,1.8845278153799556,1,1
-0.3744486375843349,0.050554537486061424,0.09326023857568026,-1.0318557299675197,-1.0720524536263212,-0.4341671428491004,NotPlaced,-0.41425758145268365,0,1
0.736465448739975,0.050554537486061424,0.09326023857568026,0.09119891761650768,0.8565096864690933,1.0552206076087132,NotPlaced,0.11623135627792522,0,1
-0.3744486375843349,0.050554537486061424,-1.0852784214895703,1.2142535652005348,-1.2006232629660154,0.5587580241227753,NotPlaced,-0.060598289632277744,0,1
-1.8027667485727352,-1.5104101963200112,-1.0852784214895703,-1.0318557299675197,-1.457764881645404,0.06229544063683744,Placed,-1.6520651028241051,1,0
-0.057044612920247185,1.611519271292134,0.09326023857568026,-1.0318557299675197,-0.1720567882484611,0.31052673237980744,NotPlaced,0.11623135627792522,0,1
-1.3266607115766023,0.050554537486061424,-1.0852784214895703,0.09119891761650768,0.727938877129399,-0.18593585110613037,NotPlaced,-0.5910872273628871,0,1
0.8951674610720188,1.611519271292134,-1.0852784214895703,-1.0318557299675197,-0.557769216267544,0.5587580241227753,NotPlaced,-0.5910872273628871,0,1
-1.8027667485727352,0.050554537486061424,-1.0852784214895703,-1.0318557299675197,-0.1720567882484611,-0.18593585110613037,NotPlaced,-1.121576165093496,0,1
-1.6440647362406915,0.050554537486061424,-1.0852784214895703,0.09119891761650768,0.4707972584500104,-1.4270923098209738,Placed,-0.5910872273628871,1,1
-0.21574662525229105,-1.5104101963200112,-1.0852784214895703,0.09119891761650768,-0.6863400256072383,0.8069893158657431,NotPlaced,-1.121576165093496,0,0
-0.21574662525229105,0.050554537486061424,-1.0852784214895703,1.2142535652005348,-0.8149108349469326,-0.9306297263350372,NotPlaced,-0.060598289632277744,0,1
-1.4853627239086462,0.050554537486061424,-1.0852784214895703,0.09119891761650768,-0.943481644286627,0.5587580241227753,NotPlaced,-0.5910872273628871,0,1
-1.167958699244557,0.050554537486061424,0.09326023857568026,-1.0318557299675197,-1.0720524536263212,1.3034518993516808,NotPlaced,-0.41425758145268365,0,1
-0.057044612920247185,0.050554537486061424,0.09326023857568026,1.2142535652005348,0.0850848304309275,-0.4341671428491004,NotPlaced,0.6467202940085341,0,1
-1.4853627239086462,0.050554537486061424,-1.0852784214895703,-1.0318557299675197,0.8565096864690933,-0.6823984345920682,NotPlaced,-1.121576165093496,0,1
0.8951674610720188,0.050554537486061424,1.2717988986409308,1.2142535652005348,0.5993680677897048,0.06229544063683744,NotPlaced,1.3540388776493464,0,1
1.529975510400197,-1.5104101963200112,0.09326023857568026,1.2142535652005348,0.34222644911031613,0.31052673237980744,Placed,0.11623135627792522,1,0
-0.21574662525229105,0.050554537486061424,-1.0852784214895703,0.09119891761650768,-1.0720524536263212,-0.6823984345920682,NotPlaced,-0.5910872273628871,0,1
0.8951674610720188,0.050554537486061424,0.09326023857568026,-1.0318557299675197,-0.557769216267544,1.3034518993516808,Placed,-0.41425758145268365,1,1
-1.3266607115766023,-1.5104101963200112,-1.0852784214895703,-1.0318557299675197,-0.1720567882484611,-2.4200174767928493,NotPlaced,-1.6520651028241051,0,0
0.577763436407931,0.050554537486061424,0.09326023857568026,1.2142535652005348,1.4993637331675649,0.06229544063683744,Placed,0.6467202940085341,1,1
1.8473795350642876,0.050554537486061424,0.09326023857568026,1.2142535652005348,-0.1720567882484611,0.06229544063683744,Placed,0.6467202940085341,1,1
0.736465448739975,0.050554537486061424,1.2717988986409308,-1.0318557299675197,-1.0720524536263212,1.3034518993516808,NotPlaced,0.2930610021881282,0,1
1.0538694734040654,1.611519271292134,1.2717988986409308,0.09119891761650768,0.9850804958087876,1.0552206076087132,NotPlaced,1.3540388776493464,0,1
-1.8027667485727352,1.611519271292134,-1.0852784214895703,0.09119891761650768,-0.0434859789087668,-1.9235548933069118,NotPlaced,-0.06059828963227817,0,1
-1.6440647362406915,-1.5104101963200112,0.09326023857568026,-1.0318557299675197,-0.6863400256072383,1.3034518993516808,NotPlaced,-0.944746519183293,0,0
0.4190614240758872,-1.5104101963200112,1.2717988986409308,1.2142535652005348,0.2136556397706218,-0.18593585110613037,Placed,0.8235499399187379,1,0
-1.0092566869125132,0.050554537486061424,-1.0852784214895703,1.2142535652005348,-0.557769216267544,0.5587580241227753,NotPlaced,-0.060598289632277744,0,1
-0.3744486375843349,1.611519271292134,-1.0852784214895703,-1.0318557299675197,-2.22918973768357,-0.9306297263350372,NotPlaced,-0.5910872273628871,0,1
1.529975510400197,1.611519271292134,1.2717988986409308,1.2142535652005348,1.4993637331675649,0.8069893158657431,NotPlaced,1.8845278153799556,0,1
0.260359411743842,0.050554537486061424,-1.0852784214895703,-1.0318557299675197,0.34222644911031613,0.5587580241227753,NotPlaced,-1.121576165093496,0,1
-0.21574662525229105,1.611519271292134,0.09326023857568026,0.09119891761650768,-1.9720481190041814,-0.6823984345920682,NotPlaced,0.6467202940085345,0,1
-1.6440647362406915,0.050554537486061424,-1.0852784214895703,1.2142535652005348,0.9850804958087876,1.0552206076087132,Placed,-0.060598289632277744,1,1
0.577763436407931,0.050554537486061424,1.2717988986409308,1.2142535652005348,0.0850848304309275,0.8069893158657431,Placed,1.3540388776493464,1,1
1.3712734980681531,1.611519271292134,1.2717988986409308,0.09119891761650768,-1.3291940723057099,-0.6823984345920682,NotPlaced,1.3540388776493464,0,1
-0.21574662525229105,1.611519271292134,-1.0852784214895703,0.09119891761650768,-0.4291984069278497,1.3034518993516808,NotPlaced,-0.06059828963227817,0,1
-0.057044612920247185,1.611519271292134,1.2717988986409308,-1.0318557299675197,0.34222644911031613,-0.9306297263350372,Placed,0.8235499399187379,1,1
-1.8027667485727352,-1.5104101963200112,0.09326023857568026,0.09119891761650768,-1.5863356909850983,0.5587580241227753,NotPlaced,-0.41425758145268365,0,0
1.0538694734040654,1.611519271292134,1.2717988986409308,-1.0318557299675197,1.3707929238278704,0.8069893158657431,Placed,0.8235499399187379,1,1
1.3712734980681531,0.050554537486061424,-1.0852784214895703,1.2142535652005348,-0.0434859789087668,0.5587580241227753,NotPlaced,-0.060598289632277744,0,1
-1.3266607115766023,-1.5104101963200112,0.09326023857568026,0.09119891761650768,1.3707929238278704,-0.9306297263350372,Placed,-0.41425758145268365,1,0
0.736465448739975,1.611519271292134,1.2717988986409308,1.2142535652005348,1.4993637331675649,0.31052673237980744,Placed,1.8845278153799556,1,1
1.529975510400197,0.050554537486061424,1.2717988986409308,-1.0318557299675197,0.4707972584500104,0.06229544063683744,Placed,0.2930610021881282,1,1
0.577763436407931,0.050554537486061424,0.09326023857568026,0.09119891761650768,-0.0434859789087668,-1.6753236015639428,NotPlaced,0.11623135627792522,0,1
0.577763436407931,-1.5104101963200112,1.2717988986409308,1.2142535652005348,1.113651305148482,1.0552206076087132,Placed,0.8235499399187379,1,0
0.10165739941179809,0.050554537486061424,0.09326023857568026,0.09119891761650768,-0.4291984069278497,-1.1788610180780061,NotPlaced,0.11623135627792522,0,1
1.0538694734040654,1.611519271292134,1.2717988986409308,0.09119891761650768,1.4993637331675649,1.3034518993516808,Placed,1.3540388776493464,1,1
1.2125714857361094,1.611519271292134,1.2717988986409308,-1.0318557299675197,1.4993637331675649,1.3034518993516808,Placed,0.8235499399187379,1,1
0.260359411743842,0.050554537486061424,-1.0852784214895703,0.09119891761650768,-0.0434859789087668,-0.18593585110613037,NotPlaced,-0.5910872273628871,0,1
2.0060815473963314,1.611519271292134,-1.0852784214895703,1.2142535652005348,1.4993637331675649,1.0552206076087132,Placed,0.46989064809833114,1,1
0.736465448739975,0.050554537486061424,-1.0852784214895703,-1.0318557299675197,0.0850848304309275,0.31052673237980744,NotPlaced,-1.121576165093496,0,1
-0.057044612920247185,-1.5104101963200112,0.09326023857568026,1.2142535652005348,0.4707972584500104,1.0552206076087132,Placed,0.11623135627792522,1,0
0.10165739941179809,1.611519271292134,1.2717988986409308,0.09119891761650768,0.8565096864690933,-0.18593585110613037,Placed,1.3540388776493464,1,1
-1.8027667485727352,0.050554537486061424,-1.0852784214895703,0.09119891761650768,-2.3577605470232643,-0.6823984345920682,NotPlaced,-0.5910872273628871,0,1
-0.057044612920247185,1.611519271292134,0.09326023857568026,1.2142535652005348,0.2136556397706218,1.3034518993516808,Placed,1.177209231739143,1,1
-0.21574662525229105,0.050554537486061424,-1.0852784214895703,0.09119891761650768,-1.3291940723057099,0.8069893158657431,NotPlaced,-0.5910872273628871,0,1
0.577763436407931,0.050554537486061424,-1.0852784214895703,1.2142535652005348,1.113651305148482,-0.4341671428491004,Placed,-0.060598289632277744,1,1
-0.057044612920247185,0.050554537486061424,-1.0852784214895703,0.09119891761650768,-0.943481644286627,0.5587580241227753,Placed,-0.5910872273628871,1,1
0.577763436407931,1.611519271292134,-1.0852784214895703,1.2142535652005348,0.34222644911031613,-0.9306297263350372,Placed,0.46989064809833114,1,1
0.736465448739975,1.611519271292134,1.2717988986409308,-1.0318557299675197,0.8565096864690933,-0.18593585110613037,NotPlaced,0.8235499399187379,0,1
-0.057044612920247185,0.050554537486061424,-1.0852784214895703,0.09119891761650768,-1.5863356909850983,-1.1788610180780061,NotPlaced,-0.5910872273628871,0,1
0.10165739941179809,0.050554537486061424,-1.0852784214895703,0.09119891761650768,-0.557769216267544,-1.4270923098209738,NotPlaced,-0.5910872273628871,0,1
1.3712734980681531,0.050554537486061424,0.09326023857568026,0.09119891761650768,-1.5863356909850983,-0.9306297263350372,NotPlaced,0.11623135627792522,0,1
-0.21574662525229105,0.050554537486061424,-1.0852784214895703,-1.0318557299675197,1.2422221144881762,0.06229544063683744,NotPlaced,-1.121576165093496,0,1
0.8951674610720188,0.050554537486061424,0.09326023857568026,0.09119891761650768,0.9850804958087876,0.5587580241227753,Placed,0.11623135627792522,1,1
-1.4853627239086462,-1.5104101963200112,-1.0852784214895703,0.09119891761650768,-0.0434859789087668,0.06229544063683744,NotPlaced,-1.121576165093496,0,0
1.2125714857361094,0.050554537486061424,-1.0852784214895703,0.09119891761650768,-1.0720524536263212,-0.18593585110613037,NotPlaced,-0.5910872273628871,0,1
0.8951674610720188,0.050554537486061424,0.09326023857568026,1.2142535652005348,1.3707929238278704,1.3034518993516808,Placed,0.6467202940085341,1,1
0.260359411743842,1.611519271292134,0.09326023857568026,1.2142535652005348,0.34222644911031613,1.3034518993516808,Placed,1.177209231739143,1,1
-0.5331506499163802,-1.5104101963200112,1.2717988986409308,1.2142535652005348,1.4993637331675649,-0.4341671428491004,Placed,0.8235499399187379,1,0
0.736465448739975,0.050554537486061424,-1.0852784214895703,0.09119891761650768,-0.8149108349469326,0.8069893158657431,NotPlaced,-0.5910872273628871,0,1
2.0060815473963314,0.050554537486061424,1.2717988986409308,1.2142535652005348,0.9850804958087876,1.3034518993516808,Placed,1.3540388776493464,1,1
0.260359411743842,0.050554537486061424,0.09326023857568026,0.09119891761650768,-1.0720524536263212,-0.4341671428491004,NotPlaced,0.11623135627792522,0,1
-0.691852662248424,0.050554537486061424,-1.0852784214895703,0.09119891761650768,1.4993637331675649,0.5587580241227753,NotPlaced,-0.5910872273628871,0,1
0.4190614240758872,0.050554537486061424,0.09326023857568026,-1.0318557299675197,-0.4291984069278497,-0.9306297263350372,NotPlaced,-0.41425758145268365,0,1
1.529975510400197,1.611519271292134,-1.0852784214895703,1.2142535652005348,-1.2006232629660154,-1.1788610180780061,Placed,0.46989064809833114,1,1
-0.691852662248424,-1.5104101963200112,-1.0852784214895703,-1.0318557299675197,-2.3577605470232643,-1.1788610180780061,NotPlaced,-1.6520651028241051,0,0
-0.057044612920247185,0.050554537486061424,0.09326023857568026,1.2142535652005348,-0.0434859789087668,0.31052673237980744,NotPlaced,0.6467202940085341,0,1
1.529975510400197,0.050554537486061424,0.09326023857568026,1.2142535652005348,-0.4291984069278497,0.06229544063683744,Placed,0.6467202940085341,1,1
0.8951674610720188,0.050554537486061424,0.09326023857568026,-1.0318557299675197,-0.4291984069278497,0.5587580241227753,Placed,-0.41425758145268365,1,1
0.8951674610720188,-1.5104101963200112,1.2717988986409308,-1.0318557299675197,0.727938877129399,1.0552206076087132,Placed,-0.2374279355424807,1,0
0.10165739941179809,0.050554537486061424,1.2717988986409308,1.2142535652005348,1.4993637331675649,0.8069893158657431,Placed,1.3540388776493464,1,1
0.10165739941179809,0.050554537486061424,-1.0852784214895703,-1.0318557299675197,-1.457764881645404,-0.6823984345920682,NotPlaced,-1.121576165093496,0,1
1.688677522732241,1.611519271292134,1.2717988986409308,1.2142535652005348,1.4993637331675649,0.31052673237980744,Placed,1.8845278153799556,1,1
0.10165739941179809,-1.5104101963200112,-1.0852784214895703,-1.0318557299675197,-0.1720567882484611,0.8069893158657431,NotPlaced,-1.6520651028241051,0,0
0.10165739941179809,-1.5104101963200112,1.2717988986409308,1.2142535652005348,1.4993637331675649,0.5587580241227753,Placed,0.8235499399187379,1,0
1.2125714857361094,0.050554537486061424,0.09326023857568026,-1.0318557299675197,0.34222644911031613,-0.4341671428491004,Placed,-0.41425758145268365,1,1
0.736465448739975,-1.5104101963200112,-1.0852784214895703,-1.0318557299675197,0.5993680677897048,0.06229544063683744,Placed,-1.6520651028241051,1,0
-0.691852662248424,0.050554537486061424,1.2717988986409308,1.2142535652005348,0.34222644911031613,1.3034518993516808,Placed,1.3540388776493464,1,1
-1.8027667485727352,-1.5104101963200112,-1.0852784214895703,-1.0318557299675197,-0.4291984069278497,-1.4270923098209738,NotPlaced,-1.6520651028241051,0,0
-1.8027667485727352,0.050554537486061424,0.09326023857568026,-1.0318557299675197,0.8565096864690933,-2.1717861850498807,NotPlaced,-0.41425758145268365,0,1
-1.3266607115766023,-1.5104101963200112,-1.0852784214895703,1.2142535652005348,-0.1720567882484611,-1.6753236015639428,NotPlaced,-0.5910872273628871,0,0
-1.8027667485727352,0.050554537486061424,-1.0852784214895703,-1.0318557299675197,-0.1720567882484611,-0.9306297263350372,NotPlaced,-1.121576165093496,0,1
0.8951674610720188,0.050554537486061424,1.2717988986409308,0.09119891761650768,0.2136556397706218,-0.6823984345920682,NotPlaced,0.8235499399187379,0,1
1.3712734980681531,0.050554537486061424,1.2717988986409308,2.337308212784562,-1.0720524536263212,-1.1788610180780061,Placed,1.8845278153799556,1,1
-0.21574662525229105,-1.5104101963200112,-1.0852784214895703,-1.0318557299675197,1.3707929238278704,0.5587580241227753,NotPlaced,-1.6520651028241051,0,0
0.8951674610720188,1.611519271292134,1.2717988986409308,-1.0318557299675197,0.5993680677897048,0.5587580241227753,Placed,0.8235499399187379,1,1
-0.057044612920247185,0.050554537486061424,0.09326023857568026,-1.0318557299675197,-1.5863356909850983,0.5587580241227753,NotPlaced,-0.41425758145268365,0,1
0.736465448739975,1.611519271292134,1.2717988986409308,1.2142535652005348,0.8565096864690933,0.8069893158657431,Placed,1.8845278153799556,1,1
-0.3744486375843349,0.050554537486061424,0.09326023857568026,1.2142535652005348,0.727938877129399,-0.18593585110613037,NotPlaced,0.6467202940085341,0,1
-1.8027667485727352,-1.5104101963200112,-1.0852784214895703,0.09119891761650768,-1.5863356909850983,-0.4341671428491004,NotPlaced,-1.121576165093496,0,0
1.3712734980681531,1.611519271292134,1.2717988986409308,-1.0318557299675197,1.113651305148482,0.8069893158657431,Placed,0.8235499399187379,1,1
-0.057044612920247185,0.050554537486061424,-1.0852784214895703,-1.0318557299675197,0.34222644911031613,-1.1788610180780061,NotPlaced,-1.121576165093496,0,1
0.577763436407931,-1.5104101963200112,1.2717988986409308,0.09119891761650768,0.4707972584500104,1.3034518993516808,NotPlaced,0.2930610021881282,0,0
-1.8027667485727352,0.050554537486061424,-1.0852784214895703,-1.0318557299675197,-0.0434859789087668,0.31052673237980744,NotPlaced,-1.121576165093496,0,1
-0.21574662525229105,0.050554537486061424,-1.0852784214895703,0.09119891761650768,-0.1720567882484611,-0.4341671428491004,NotPlaced,-0.5910872273628871,0,1
0.8951674610720188,0.050554537486061424,-1.0852784214895703,2.337308212784562,-0.1720567882484611,-1.6753236015639428,Placed,0.46989064809833114,1,1
-1.6440647362406915,1.611519271292134,0.09326023857568026,-1.0318557299675197,0.2136556397706218,1.3034518993516808,NotPlaced,0.11623135627792522,0,1
1.0538694734040654,0.050554537486061424,1.2717988986409308,0.09119891761650768,-1.457764881645404,-1.4270923098209738,NotPlaced,0.8235499399187379,0,1
1.0538694734040654,0.050554537486061424,0.09326023857568026,-1.0318557299675197,-0.4291984069278497,-1.1788610180780061,NotPlaced,-0.41425758145268365,0,1
-1.6440647362406915,0.050554537486061424,-1.0852784214895703,-1.0318557299675197,0.4707972584500104,-0.9306297263350372,NotPlaced,-1.121576165093496,0,1
-0.3744486375843349,0.050554537486061424,-1.0852784214895703,0.09119891761650768,0.4707972584500104,0.06229544063683744,NotPlaced,-0.5910872273628871,0,1
0.736465448739975,1.611519271292134,1.2717988986409308,1.2142535652005348,0.9850804958087876,0.5587580241227753,Placed,1.8845278153799556,1,1
0.577763436407931,1.611519271292134,0.09326023857568026,1.2142535652005348,1.4993637331675649,1.3034518993516808,Placed,1.177209231739143,1,1
1.2125714857361094,0.050554537486061424,0.09326023857568026,1.2142535652005348,-0.8149108349469326,0.8069893158657431,NotPlaced,0.6467202940085341,0,1
0.8951674610720188,0.050554537486061424,-1.0852784214895703,-1.0318557299675197,-0.943481644286627,-1.6753236015639428,NotPlaced,-1.121576165093496,0,1
0.260359411743842,-1.5104101963200112,-1.0852784214895703,-1.0318557299675197,0.34222644911031613,-0.18593585110613037,NotPlaced,-1.6520651028241051,0,0
-1.6440647362406915,0.050554537486061424,1.2717988986409308,-1.0318557299675197,-1.0720524536263212,-0.4341671428491004,Placed,0.2930610021881282,1,1
-0.21574662525229105,0.050554537486061424,1.2717988986409308,0.09119891761650768,-0.1720567882484611,1.3034518993516808,Placed,0.8235499399187379,1,1
-1.6440647362406915,-1.5104101963200112,0.09326023857568026,-1.0318557299675197,-0.6863400256072383,-0.18593585110613037,NotPlaced,-0.944746519183293,0,0
-0.3744486375843349,0.050554537486061424,-1.0852784214895703,-1.0318557299675197,-0.1720567882484611,-1.6753236015639428,NotPlaced,-1.121576165093496,0,1
-1.167958699244557,0.050554537486061424,-1.0852784214895703,-1.0318557299675197,-0.3006275975881554,-0.6823984345920682,NotPlaced,-1.121576165093496,0,1
0.260359411743842,-1.5104101963200112,0.09326023857568026,-1.0318557299675197,0.9850804958087876,0.06229544063683744,NotPlaced,-0.944746519183293,0,0
0.260359411743842,-1.5104101963200112,0.09326023857568026,0.09119891761650768,-0.4291984069278497,0.31052673237980744,Placed,-0.41425758145268365,1,0
0.736465448739975,1.611519271292134,1.2717988986409308,2.337308212784562,1.4993637331675649,1.3034518993516808,Placed,2.4150167531105646,1,1
-0.057044612920247185,0.050554537486061424,0.09326023857568026,0.09119891761650768,-0.557769216267544,1.0552206076087132,NotPlaced,0.11623135627792522,0,1
-1.167958699244557,0.050554537486061424,-1.0852784214895703,0.09119891761650768,-1.2006232629660154,-0.4341671428491004,NotPlaced,-0.5910872273628871,0,1
1.0538694734040654,0.050554537486061424,0.09326023857568026,-1.0318557299675197,-0.557769216267544,1.0552206076087132,Placed,-0.41425758145268365,1,1
0.10165739941179809,-1.5104101963200112,1.2717988986409308,0.09119891761650768,0.8565096864690933,0.06229544063683744,Placed,0.2930610021881282,1,0
1.2125714857361094,1.611519271292134,1.2717988986409308,1.2142535652005348,1.4993637331675649,0.06229544063683744,NotPlaced,1.8845278153799556,0,1
1.3712734980681531,0.050554537486061424,0.09326023857568026,-1.0318557299675197,1.113651305148482,0.06229544063683744,Placed,-0.41425758145268365,1,1
-0.21574662525229105,0.050554537486061424,-1.0852784214895703,0.09119891761650768,0.2136556397706218,-1.1788610180780061,NotPlaced,-0.5910872273628871,0,1
1.0538694734040654,1.611519271292134,1.2717988986409308,1.2142535652005348,1.113651305148482,0.06229544063683744,Placed,1.8845278153799556,1,1
-0.3744486375843349,-1.5104101963200112,-1.0852784214895703,0.09119891761650768,-1.7149065003247927,1.0552206076087132,NotPlaced,-1.121576165093496,0,0
-0.3744486375843349,0.050554537486061424,0.09326023857568026,0.09119891761650768,0.0850848304309275,0.31052673237980744,Placed,0.11623135627792522,1,1
1.3712734980681531,0.050554537486061424,-1.0852784214895703,1.2142535652005348,1.2422221144881762,0.5587580241227753,Placed,-0.060598289632277744,1,1
-0.057044612920247185,0.050554537486061424,0.09326023857568026,0.09119891761650768,1.3707929238278704,0.5587580241227753,NotPlaced,0.11623135627792522,0,1
0.10165739941179809,-1.5104101963200112,-2.2638170815548206,1.2142535652005348,1.3707929238278704,-0.4341671428491004,NotPlaced,-1.298405811003699,0,0
-0.8505546745804693,-1.5104101963200112,0.09326023857568026,-1.0318557299675197,-1.457764881645404,-2.6682487685358174,NotPlaced,-0.944746519183293,0,0
1.0538694734040654,0.050554537486061424,-1.0852784214895703,0.09119891761650768,-0.6863400256072383,-0.4341671428491004,NotPlaced,-0.5910872273628871,0,1
0.577763436407931,0.050554537486061424,1.2717988986409308,-1.0318557299675197,0.0850848304309275,0.06229544063683744,NotPlaced,0.2930610021881282,0,1
-0.057044612920247185,0.050554537486061424,-1.0852784214895703,-1.0318557299675197,-0.557769216267544,-0.6823984345920682,NotPlaced,-1.121576165093496,0,1
0.8951674610720188,1.611519271292134,1.2717988986409308,0.09119891761650768,0.0850848304309275,1.3034518993516808,Placed,1.3540388776493464,1,1
1.3712734980681531,-1.5104101963200112,1.2717988986409308,1.2142535652005348,1.4993637331675649,1.3034518993516808,Placed,0.8235499399187379,1,0
-1.6440647362406915,0.050554537486061424,-1.0852784214895703,-1.0318557299675197,1.4993637331675649,-0.9306297263350372,NotPlaced,-1.121576165093496,0,1
1.2125714857361094,1.611519271292134,0.09326023857568026,-1.0318557299675197,0.5993680677897048,1.3034518993516808,Placed,0.11623135627792522,1,1
1.2125714857361094,1.611519271292134,1.2717988986409308,2.337308212784562,0.4707972584500104,0.5587580241227753,Placed,2.4150167531105646,1,1
1.3712734980681531,1.611519271292134,1.2717988986409308,1.2142535652005348,0.727938877129399,-0.6823984345920682,Placed,1.8845278153799556,1,1
-0.21574662525229105,-1.5104101963200112,0.09326023857568026,-1.0318557299675197,-1.9720481190041814,0.5587580241227753,Placed,-0.944746519183293,1,0
-0.21574662525229105,0.050554537486061424,0.09326023857568026,-1.0318557299675197,-0.3006275975881554,-0.6823984345920682,Placed,-0.41425758145268365,1,1
-0.21574662525229105,0.050554537486061424,0.09326023857568026,0.09119891761650768,-0.1720567882484611,1.0552206076087132,Placed,0.11623135627792522,1,1
-1.8027667485727352,0.050554537486061424,-1.0852784214895703,0.09119891761650768,-0.943481644286627,-0.4341671428491004,NotPlaced,-0.5910872273628871,0,1
-0.3744486375843349,0.050554537486061424,0.09326023857568026,0.09119891761650768,-0.4291984069278497,0.06229544063683744,NotPlaced,0.11623135627792522,0,1
-0.057044612920247185,1.611519271292134,0.09326023857568026,0.09119891761650768,-0.6863400256072383,1.0552206076087132,NotPlaced,0.6467202940085345,0,1
0.577763436407931,0.050554537486061424,-1.0852784214895703,1.2142535652005348,0.4707972584500104,1.3034518993516808,NotPlaced,-0.060598289632277744,0,1
-0.21574662525229105,1.611519271292134,1.2717988986409308,-1.0318557299675197,0.8565096864690933,0.06229544063683744,Placed,0.8235499399187379,1,1
0.8951674610720188,1.611519271292134,1.2717988986409308,1.2142535652005348,-0.4291984069278497,-0.9306297263350372,NotPlaced,1.8845278153799556,0,1
-0.3744486375843349,0.050554537486061424,0.09326023857568026,-1.0318557299675197,-1.3291940723057099,0.06229544063683744,NotPlaced,-0.41425758145268365,0,1
-0.21574662525229105,0.050554537486061424,-1.0852784214895703,-1.0318557299675197,-0.8149108349469326,-1.4270923098209738,NotPlaced,-1.121576165093496,0,1
-1.3266607115766023,0.050554537486061424,-1.0852784214895703,0.09119891761650768,-0.1720567882484611,-2.4200174767928493,NotPlaced,-0.5910872273628871,0,1
-0.5331506499163802,-1.5104101963200112,-1.0852784214895703,0.09119891761650768,-1.2006232629660154,0.8069893158657431,NotPlaced,-1.121576165093496,0,0
0.577763436407931,0.050554537486061424,1.2717988986409308,-1.0318557299675197,-0.1720567882484611,1.0552206076087132,Placed,0.2930610021881282,1,1
1.0538694734040654,0.050554537486061424,-1.0852784214895703,1.2142535652005348,1.2422221144881762,-1.1788610180780061,Placed,-0.060598289632277744,1,1
-0.21574662525229105,-1.5104101963200112,0.09326023857568026,-1.0318557299675197,-1.457764881645404,-2.916480060278785,NotPlaced,-0.944746519183293,0,0
0.736465448739975,0.050554537486061424,-1.0852784214895703,0.09119891761650768,1.4993637331675649,0.8069893158657431,NotPlaced,-0.5910872273628871,0,1
-1.3266607115766023,0.050554537486061424,0.09326023857568026,-1.0318557299675197,-0.4291984069278497,0.06229544063683744,NotPlaced,-0.41425758145268365,0,1
1.0538694734040654,0.050554537486061424,1.2717988986409308,1.2142535652005348,1.2422221144881762,0.8069893158657431,Placed,1.3540388776493464,1,1
-0.5331506499163802,0.050554537486061424,0.09326023857568026,0.09119891761650768,0.9850804958087876,0.06229544063683744,NotPlaced,0.11623135627792522,0,1
-1.3266607115766023,1.611519271292134,1.2717988986409308,-1.0318557299675197,0.4707972584500104,1.0552206076087132,Placed,0.8235499399187379,1,1
-1.167958699244557,0.050554537486061424,1.2717988986409308,1.2142535652005348,-0.0434859789087668,-1.1788610180780061,NotPlaced,1.3540388776493464,0,1
1.3712734980681531,1.611519271292134,0.09326023857568026,1.2142535652005348,1.4993637331675649,0.31052673237980744,Placed,1.177209231739143,1,1
0.4190614240758872,-1.5104101963200112,0.09326023857568026,-1.0318557299675197,1.113651305148482,0.31052673237980744,Placed,-0.944746519183293,1,0
1.0538694734040654,1.611519271292134,1.2717988986409308,1.2142535652005348,1.4993637331675649,0.06229544063683744,NotPlaced,1.8845278153799556,0,1
0.10165739941179809,0.050554537486061424,-2.2638170815548206,-1.0318557299675197,-0.4291984069278497,-1.6753236015639428,Placed,-1.828894748734308,1,1
1.3712734980681531,0.050554537486061424,1.2717988986409308,2.337308212784562,1.113651305148482,0.06229544063683744,Placed,1.8845278153799556,1,1
-1.6440647362406915,1.611519271292134,0.09326023857568026,-1.0318557299675197,-0.6863400256072383,-0.4341671428491004,NotPlaced,0.11623135627792522,0,1
1.3712734980681531,1.611519271292134,-1.0852784214895703,1.2142535652005348,-0.1720567882484611,0.5587580241227753,Placed,0.46989064809833114,1,1
-0.5331506499163802,0.050554537486061424,0.09326023857568026,0.09119891761650768,0.5993680677897048,-0.9306297263350372,Placed,0.11623135627792522,1,1
-1.4853627239086462,-1.5104101963200112,-1.0852784214895703,0.09119891761650768,-0.943481644286627,1.0552206076087132,NotPlaced,-1.121576165093496,0,0
1.2125714857361094,0.050554537486061424,0.09326023857568026,-1.0318557299675197,0.0850848304309275,0.06229544063683744,Placed,-0.41425758145268365,1,1
1.2125714857361094,0.050554537486061424,1.2717988986409308,-1.0318557299675197,-1.9720481190041814,0.06229544063683744,NotPlaced,0.2930610021881282,0,1
-1.6440647362406915,0.050554537486061424,-1.0852784214895703,-1.0318557299675197,-1.0720524536263212,-0.4341671428491004,NotPlaced,-1.121576165093496,0,1
-0.21574662525229105,0.050554537486061424,-1.0852784214895703,-1.0318557299675197,-2.3577605470232643,-1.4270923098209738,NotPlaced,-1.121576165093496,0,1
0.10165739941179809,0.050554537486061424,0.09326023857568026,0.09119891761650768,0.0850848304309275,0.8069893158657431,NotPlaced,0.11623135627792522,0,1
1.0538694734040654,0.050554537486061424,-1.0852784214895703,-1.0318557299675197,-1.0720524536263212,-0.4341671428491004,NotPlaced,-1.121576165093496,0,1
1.2125714857361094,0.050554537486061424,1.2717988986409308,1.2142535652005348,0.8565096864690933,-0.18593585110613037,Placed,1.3540388776493464,1,1
1.2125714857361094,1.611519271292134,1.2717988986409308,1.2142535652005348,-0.1720567882484611,0.5587580241227753,NotPlaced,1.8845278153799556,0,1
-0.21574662525229105,1.611519271292134,1.2717988986409308,0.09119891761650768,0.5993680677897048,-0.18593585110613037,Placed,1.3540388776493464,1,1
0.4190614240758872,0.050554537486061424,-1.0852784214895703,-1.0318557299675197,-1.0720524536263212,-0.18593585110613037,NotPlaced,-1.121576165093496,0,1
-0.21574662525229105,-1.5104101963200112,0.09326023857568026,0.09119891761650768,-1.0720524536263212,-1.1788610180780061,Placed,-0.41425758145268365,1,0
0.10165739941179809,0.050554537486061424,1.2717988986409308,0.09119891761650768,-0.8149108349469326,0.5587580241227753,Placed,0.8235499399187379,1,1
1.2125714857361094,0.050554537486061424,-1.0852784214895703,1.2142535652005348,-1.2006232629660154,0.31052673237980744,NotPlaced,-0.060598289632277744,0,1
0.8951674610720188,1.611519271292134,1.2717988986409308,1.2142535652005348,0.9850804958087876,0.5587580241227753,NotPlaced,1.8845278153799556,0,1
0.4190614240758872,0.050554537486061424,1.2717988986409308,-1.0318557299675197,-0.1720567882484611,-0.4341671428491004,NotPlaced,0.2930610021881282,0,1
0.577763436407931,-1.5104101963200112,0.09326023857568026,0.09119891761650768,1.3707929238278704,0.06229544063683744,NotPlaced,-0.41425758145268365,0,0
-1.3266607115766023,-1.5104101963200112,0.09326023857568026,0.09119891761650768,-0.8149108349469326,0.31052673237980744,NotPlaced,-0.41425758145268365,0,0
-1.8027667485727352,0.050554537486061424,-1.0852784214895703,0.09119891761650768,-1.7149065003247927,-2.916480060278785,NotPlaced,-0.5910872273628871,0,1
-0.057044612920247185,0.050554537486061424,0.09326023857568026,1.2142535652005348,-1.0720524536263212,0.5587580241227753,NotPlaced,0.6467202940085341,0,1
-0.5331506499163802,-1.5104101963200112,-1.0852784214895703,-1.0318557299675197,0.34222644911031613,-0.18593585110613037,NotPlaced,-1.6520651028241051,0,0
-0.21574662525229105,0.050554537486061424,0.09326023857568026,-1.0318557299675197,-0.3006275975881554,0.5587580241227753,Placed,-0.41425758145268365,1,1
-0.057044612920247185,0.050554537486061424,1.2717988986409308,0.09119891761650768,0.2136556397706218,0.06229544063683744,NotPlaced,0.8235499399187379,0,1
1.8473795350642876,0.050554537486061424,1.2717988986409308,1.2142535652005348,1.3707929238278704,0.31052673237980744,Placed,1.3540388776493464,1,1
-1.0092566869125132,-1.5104101963200112,-1.0852784214895703,0.09119891761650768,0.34222644911031613,0.8069893158657431,Placed,-1.121576165093496,1,0
-0.5331506499163802,0.050554537486061424,0.09326023857568026,0.09119891761650768,-0.3006275975881554,1.0552206076087132,NotPlaced,0.11623135627792522,0,1
1.2125714857361094,0.050554537486061424,1.2717988986409308,1.2142535652005348,0.9850804958087876,1.0552206076087132,Placed,1.3540388776493464,1,1
1.529975510400197,0.050554537486061424,1.2717988986409308,1.2142535652005348,0.9850804958087876,1.0552206076087132,Placed,1.3540388776493464,1,1
1.0538694734040654,1.611519271292134,1.2717988986409308,1.2142535652005348,-1.0720524536263212,-0.18593585110613037,NotPlaced,1.8845278153799556,0,1
-1.4853627239086462,-1.5104101963200112,0.09326023857568026,-1.0318557299675197,-0.6863400256072383,0.5587580241227753,NotPlaced,-0.944746519183293,0,0
0.4190614240758872,0.050554537486061424,-1.0852784214895703,-1.0318557299675197,-0.1720567882484611,1.0552206076087132,NotPlaced,-1.121576165093496,0,1
-0.5331506499163802,0.050554537486061424,-1.0852784214895703,0.09119891761650768,0.2136556397706218,-1.1788610180780061,NotPlaced,-0.5910872273628871,0,1
-1.8027667485727352,0.050554537486061424,0.09326023857568026,-1.0318557299675197,-0.0434859789087668,0.06229544063683744,NotPlaced,-0.41425758145268365,0,1
-1.8027667485727352,0.050554537486061424,-1.0852784214895703,-1.0318557299675197,-1.3291940723057099,0.06229544063683744,NotPlaced,-1.121576165093496,0,1
0.4190614240758872,0.050554537486061424,1.2717988986409308,2.337308212784562,0.5993680677897048,1.0552206076087132,Placed,1.8845278153799556,1,1
0.260359411743842,0.050554537486061424,-1.0852784214895703,-1.0318557299675197,1.3707929238278704,1.0552206076087132,NotPlaced,-1.121576165093496,0,1
-0.21574662525229105,0.050554537486061424,-1.0852784214895703,0.09119891761650768,0.2136556397706218,-0.18593585110613037,NotPlaced,-0.5910872273628871,0,1
1.0538694734040654,0.050554537486061424,0.09326023857568026,-1.0318557299675197,0.727938877129399,-0.18593585110613037,Placed,-0.41425758145268365,1,1
-0.057044612920247185,0.050554537486061424,-1.0852784214895703,-1.0318557299675197,-1.0720524536263212,-1.9235548933069118,NotPlaced,-1.121576165093496,0,1
-0.21574662525229105,-1.5104101963200112,-1.0852784214895703,-1.0318557299675197,-1.5863356909850983,-1.4270923098209738,NotPlaced,-1.6520651028241051,0,0
-0.21574662525229105,0.050554537486061424,1.2717988986409308,-1.0318557299675197,0.2136556397706218,0.5587580241227753,NotPlaced,0.2930610021881282,0,1
0.577763436407931,1.611519271292134,-1.0852784214895703,0.09119891761650768,-0.1720567882484611,-1.1788610180780061,NotPlaced,-0.06059828963227817,0,1
0.10165739941179809,0.050554537486061424,0.09326023857568026,-1.0318557299675197,0.34222644911031613,-0.9306297263350372,NotPlaced,-0.41425758145268365,0,1
-0.21574662525229105,0.050554537486061424,0.09326023857568026,-1.0318557299675197,0.4707972584500104,-0.18593585110613037,NotPlaced,-0.41425758145268365,0,1
-0.057044612920247185,-1.5104101963200112,1.2717988986409308,-1.0318557299675197,1.4993637331675649,1.3034518993516808,Placed,-0.2374279355424807,1,0
1.0538694734040654,1.611519271292134,0.09326023857568026,0.09119891761650768,0.2136556397706218,1.3034518993516808,Placed,0.6467202940085345,1,1
-0.5331506499163802,0.050554537486061424,-1.0852784214895703,0.09119891761650768,-1.457764881645404,-0.18593585110613037,NotPlaced,-0.5910872273628871,0,1
0.260359411743842,0.050554537486061424,0.09326023857568026,-1.0318557299675197,-0.0434859789087668,-0.6823984345920682,NotPlaced,-0.41425758145268365,0,1
-0.21574662525229105,0.050554537486061424,0.09326023857568026,0.09119891761650768,0.0850848304309275,0.31052673237980744,Placed,0.11623135627792522,1,1
-0.5331506499163802,0.050554537486061424,-1.0852784214895703,-1.0318557299675197,-1.0720524536263212,-1.4270923098209738,NotPlaced,-1.121576165093496,0,1
-1.3266607115766023,0.050554537486061424,0.09326023857568026,1.2142535652005348,-0.1720567882484611,1.0552206076087132,NotPlaced,0.6467202940085341,0,1
0.577763436407931,1.611519271292134,1.2717988986409308,1.2142535652005348,1.4993637331675649,0.8069893158657431,Placed,1.8845278153799556,1,1
-1.8027667485727352,0.050554537486061424,-1.0852784214895703,-1.0318557299675197,0.0850848304309275,-0.18593585110613037,NotPlaced,-1.121576165093496,0,1
1.2125714857361094,1.611519271292134,-1.0852784214895703,-1.0318557299675197,1.4993637331675649,0.8069893158657431,NotPlaced,-0.5910872273628871,0,1
-0.691852662248424,1.611519271292134,-1.0852784214895703,2.337308212784562,0.727938877129399,-0.9306297263350372,NotPlaced,1.00037958582894,0,1
1.0538694734040654,1.611519271292134,1.2717988986409308,-1.0318557299675197,-0.943481644286627,0.8069893158657431,Placed,0.8235499399187379,1,1
-0.057044612920247185,-1.5104101963200112,-1.0852784214895703,-1.0318557299675197,-1.5863356909850983,-0.6823984345920682,NotPlaced,-1.6520651028241051,0,0
-0.21574662525229105,-1.5104101963200112,-1.0852784214895703,0.09119891761650768,-2.3577605470232643,-0.18593585110613037,NotPlaced,-1.121576165093496,0,0
0.8951674610720188,0.050554537486061424,0.09326023857568026,1.2142535652005348,1.4993637331675649,1.3034518993516808,NotPlaced,0.6467202940085341,0,1
0.10165739941179809,1.611519271292134,1.2717988986409308,0.09119891761650768,-1.457764881645404,-0.18593585110613037,NotPlaced,1.3540388776493464,0,1
-0.691852662248424,0.050554537486061424,-1.0852784214895703,-1.0318557299675197,-1.5863356909850983,-0.9306297263350372,NotPlaced,-1.121576165093496,0,1
1.0538694734040654,-1.5104101963200112,-1.0852784214895703,-1.0318557299675197,1.4993637331675649,-0.4341671428491004,NotPlaced,-1.6520651028241051,0,0
-0.3744486375843349,1.611519271292134,1.2717988986409308,0.09119891761650768,-0.1720567882484611,0.31052673237980744,NotPlaced,1.3540388776493464,0,1
-0.3744486375843349,1.611519271292134,-1.0852784214895703,-1.0318557299675197,-0.0434859789087668,-1.6753236015639428,NotPlaced,-0.5910872273628871,0,1
0.10165739941179809,-1.5104101963200112,-1.0852784214895703,-1.0318557299675197,-0.0434859789087668,0.06229544063683744,NotPlaced,-1.6520651028241051,0,0
0.8951674610720188,1.611519271292134,1.2717988986409308,1.2142535652005348,0.8565096864690933,1.3034518993516808,NotPlaced,1.8845278153799556,0,1
-0.21574662525229105,-1.5104101963200112,0.09326023857568026,-1.0318557299675197,0.9850804958087876,-0.18593585110613037,Placed,-0.944746519183293,1,0
0.10165739941179809,1.611519271292134,1.2717988986409308,-1.0318557299675197,1.4993637331675649,1.0552206076087132,NotPlaced,0.8235499399187379,0,1
1.8473795350642876,0.050554537486061424,1.2717988986409308,1.2142535652005348,0.727938877129399,-0.18593585110613037,Placed,1.3540388776493464,1,1
-1.3266607115766023,0.050554537486061424,-1.0852784214895703,-1.0318557299675197,-1.843477309664487,-0.18593585110613037,NotPlaced,-1.121576165093496,0,1
-0.057044612920247185,-1.5104101963200112,0.09326023857568026,0.09119891761650768,-1.2006232629660154,1.3034518993516808,NotPlaced,-0.41425758145268365,0,0
-0.5331506499163802,-1.5104101963200112,0.09326023857568026,0.09119891761650768,-0.943481644286627,0.31052673237980744,NotPlaced,-0.41425758145268365,0,0
1.2125714857361094,0.050554537486061424,1.2717988986409308,1.2142535652005348,0.2136556397706218,0.5587580241227753,NotPlaced,1.3540388776493464,0,1
0.10165739941179809,0.050554537486061424,-1.0852784214895703,-1.0318557299675197,-2.3577605470232643,0.06229544063683744,NotPlaced,-1.121576165093496,0,1
0.8951674610720188,-1.5104101963200112,0.09326023857568026,-1.0318557299675197,-0.0434859789087668,1.3034518993516808,Placed,-0.944746519183293,1,0
-0.3744486375843349,0.050554537486061424,-1.0852784214895703,-1.0318557299675197,0.34222644911031613,0.8069893158657431,NotPlaced,-1.121576165093496,0,1
-0.5331506499163802,0.050554537486061424,-1.0852784214895703,1.2142535652005348,0.4707972584500104,-0.18593585110613037,NotPlaced,-0.060598289632277744,0,1
-1.8027667485727352,0.050554537486061424,0.09326023857568026,-1.0318557299675197,-1.0720524536263212,-0.6823984345920682,NotPlaced,-0.41425758145268365,0,1
-0.21574662525229105,1.611519271292134,-1.0852784214895703,1.2142535652005348,1.4993637331675649,1.3034518993516808,NotPlaced,0.46989064809833114,0,1
-0.21574662525229105,1.611519271292134,-1.0852784214895703,-1.0318557299675197,-0.943481644286627,-2.1717861850498807,NotPlaced,-0.5910872273628871,0,1
-1.8027667485727352,0.050554537486061424,1.2717988986409308,2.337308212784562,0.727938877129399,0.5587580241227753,NotPlaced,1.8845278153799556,0,1
1.688677522732241,1.611519271292134,1.2717988986409308,1.2142535652005348,1.3707929238278704,1.3034518993516808,Placed,1.8845278153799556,1,1
0.736465448739975,1.611519271292134,-1.0852784214895703,0.09119891761650768,1.113651305148482,-0.4341671428491004,NotPlaced,-0.06059828963227817,0,1
-1.3266607115766023,-1.5104101963200112,1.2717988986409308,1.2142535652005348,1.3707929238278704,1.3034518993516808,Placed,0.8235499399187379,1,0
-0.21574662525229105,1.611519271292134,0.09326023857568026,0.09119891761650768,-0.0434859789087668,0.31052673237980744,Placed,0.6467202940085345,1,1
-1.8027667485727352,-1.5104101963200112,0.09326023857568026,0.09119891761650768,-0.4291984069278497,-0.9306297263350372,NotPlaced,-0.41425758145268365,0,0
-0.057044612920247185,0.050554537486061424,-1.0852784214895703,-1.0318557299675197,-0.0434859789087668,1.3034518993516808,NotPlaced,-1.121576165093496,0,1
1.529975510400197,1.611519271292134,1.2717988986409308,1.2142535652005348,0.2136556397706218,0.31052673237980744,Placed,1.8845278153799556,1,1
-1.8027667485727352,0.050554537486061424,-1.0852784214895703,-1.0318557299675197,-0.6863400256072383,-0.4341671428491004,NotPlaced,-1.121576165093496,0,1
0.577763436407931,-1.5104101963200112,-1.0852784214895703,0.09119891761650768,0.9850804958087876,-0.6823984345920682,NotPlaced,-1.121576165093496,0,0
-0.3744486375843349,-1.5104101963200112,0.09326023857568026,0.09119891761650768,-0.1720567882484611,1.3034518993516808,NotPlaced,-0.41425758145268365,0,0
-1.8027667485727352,0.050554537486061424,0.09326023857568026,0.09119891761650768,-0.0434859789087668,-0.18593585110613037,NotPlaced,0.11623135627792522,0,1
-0.3744486375843349,0.050554537486061424,-1.0852784214895703,-1.0318557299675197,-0.0434859789087668,-1.1788610180780061,NotPlaced,-1.121576165093496,0,1
0.10165739941179809,0.050554537486061424,1.2717988986409308,0.09119891761650768,-0.943481644286627,0.8069893158657431,NotPlaced,0.8235499399187379,0,1
0.8951674610720188,0.050554537486061424,-1.0852784214895703,0.09119891761650768,0.0850848304309275,-0.4341671428491004,NotPlaced,-0.5910872273628871,0,1
-0.3744486375843349,0.050554537486061424,0.09326023857568026,0.09119891761650768,-1.457764881645404,-0.18593585110613037,NotPlaced,0.11623135627792522,0,1
-0.21574662525229105,0.050554537486061424,1.2717988986409308,0.09119891761650768,-0.8149108349469326,0.5587580241227753,Placed,0.8235499399187379,1,1
0.8951674610720188,0.050554537486061424,1.2717988986409308,1.2142535652005348,1.3707929238278704,0.5587580241227753,Placed,1.3540388776493464,1,1
-0.3744486375843349,1.611519271292134,1.2717988986409308,1.2142535652005348,0.727938877129399,1.3034518993516808,NotPlaced,1.8845278153799556,0,1
1.0538694734040654,0.050554537486061424,0.09326023857568026,0.09119891761650768,-0.557769216267544,-0.18593585110613037,NotPlaced,0.11623135627792522,0,1
0.260359411743842,0.050554537486061424,-1.0852784214895703,0.09119891761650768,-0.0434859789087668,0.5587580241227753,NotPlaced,-0.5910872273628871,0,1
-0.3744486375843349,-1.5104101963200112,-1.0852784214895703,-1.0318557299675197,-0.1720567882484611,0.31052673237980744,NotPlaced,-1.6520651028241051,0,0
-0.057044612920247185,-1.5104101963200112,0.09326023857568026,-1.0318557299675197,0.727938877129399,0.31052673237980744,NotPlaced,-0.944746519183293,0,0
1.3712734980681531,0.050554537486061424,0.09326023857568026,0.09119891761650768,-0.943481644286627,-1.1788610180780061,NotPlaced,0.11623135627792522,0,1
1.529975510400197,0.050554537486061424,1.2717988986409308,-1.0318557299675197,0.8565096864690933,-0.18593585110613037,Placed,0.2930610021881282,1,1
0.8951674610720188,1.611519271292134,1.2717988986409308,1.2142535652005348,1.2422221144881762,1.3034518993516808,NotPlaced,1.8845278153799556,0,1
-0.3744486375843349,0.050554537486061424,1.2717988986409308,-1.0318557299675197,0.727938877129399,-0.4341671428491004,NotPlaced,0.2930610021881282,0,1
0.260359411743842,-1.5104101963200112,0.09326023857568026,-1.0318557299675197,-1.0720524536263212,0.06229544063683744,NotPlaced,-0.944746519183293,0,0
-0.057044612920247185,0.050554537486061424,1.2717988986409308,-1.0318557299675197,0.4707972584500104,0.06229544063683744,NotPlaced,0.2930610021881282,0,1
1.3712734980681531,0.050554537486061424,1.2717988986409308,1.2142535652005348,1.3707929238278704,1.3034518993516808,Placed,1.3540388776493464,1,1
0.4190614240758872,0.050554537486061424,-1.0852784214895703,-1.0318557299675197,-0.3006275975881554,-0.18593585110613037,NotPlaced,-1.121576165093496,0,1
0.736465448739975,1.611519271292134,1.2717988986409308,1.2142535652005348,-0.1720567882484611,1.3034518993516808,NotPlaced,1.8845278153799556,0,1
-1.8027667485727352,-1.5104101963200112,-1.0852784214895703,0.09119891761650768,-0.943481644286627,0.31052673237980744,NotPlaced,-1.121576165093496,0,0
0.10165739941179809,-1.5104101963200112,-1.0852784214895703,0.09119891761650768,-0.4291984069278497,-1.6753236015639428,NotPlaced,-1.121576165093496,0,0
-0.21574662525229105,-1.5104101963200112,0.09326023857568026,0.09119891761650768,-0.6863400256072383,-1.6753236015639428,NotPlaced,-0.41425758145268365,0,0
-1.3266607115766023,0.050554537486061424,0.09326023857568026,-1.0318557299675197,-1.457764881645404,-2.6682487685358174,NotPlaced,-0.41425758145268365,0,1
-0.3744486375843349,-1.5104101963200112,-1.0852784214895703,-1.0318557299675197,-1.7149065003247927,-0.18593585110613037,NotPlaced,-1.6520651028241051,0,0
0.260359411743842,-1.5104101963200112,1.2717988986409308,-1.0318557299675197,-1.0720524536263212,0.8069893158657431,Placed,-0.2374279355424807,1,0
1.0538694734040654,0.050554537486061424,1.2717988986409308,0.09119891761650768,1.2422221144881762,1.3034518993516808,Placed,0.8235499399187379,1,1
1.0538694734040654,0.050554537486061424,0.09326023857568026,-1.0318557299675197,1.4993637331675649,0.5587580241227753,Placed,-0.41425758145268365,1,1
0.4190614240758872,0.050554537486061424,0.09326023857568026,-1.0318557299675197,-1.3291940723057099,-1.4270923098209738,NotPlaced,-0.41425758145268365,0,1
1.3712734980681531,1.611519271292134,1.2717988986409308,-1.0318557299675197,1.4993637331675649,1.0552206076087132,Placed,0.8235499399187379,1,1
0.736465448739975,0.050554537486061424,1.2717988986409308,-1.0318557299675197,0.2136556397706218,1.0552206076087132,Placed,0.2930610021881282,1,1
0.736465448739975,0.050554537486061424,1.2717988986409308,0.09119891761650768,-0.943481644286627,-0.4341671428491004,NotPlaced,0.8235499399187379,0,1
0.4190614240758872,1.611519271292134,0.09326023857568026,-1.0318557299675197,-0.943481644286627,0.31052673237980744,NotPlaced,0.11623135627792522,0,1
0.260359411743842,0.050554537486061424,0.09326023857568026,-1.0318557299675197,0.2136556397706218,1.0552206076087132,NotPlaced,-0.41425758145268365,0,1
1.0538694734040654,0.050554537486061424,1.2717988986409308,-1.0318557299675197,-0.1720567882484611,1.3034518993516808,NotPlaced,0.2930610021881282,0,1
0.8951674610720188,-1.5104101963200112,0.09326023857568026,-1.0318557299675197,-1.457764881645404,-1.6753236015639428,NotPlaced,-0.944746519183293,0,0
-0.21574662525229105,0.050554537486061424,0.09326023857568026,-1.0318557299675197,-0.557769216267544,-0.18593585110613037,NotPlaced,-0.41425758145268365,0,1
-1.3266607115766023,0.050554537486061424,-1.0852784214895703,0.09119891761650768,0.2136556397706218,0.06229544063683744,Placed,-0.5910872273628871,1,1
-0.057044612920247185,0.050554537486061424,-1.0852784214895703,-1.0318557299675197,0.5993680677897048,-1.4270923098209738,NotPlaced,-1.121576165093496,0,1
1.0538694734040654,1.611519271292134,1.2717988986409308,-1.0318557299675197,0.5993680677897048,1.3034518993516808,Placed,0.8235499399187379,1,1
-1.4853627239086462,0.050554537486061424,0.09326023857568026,-1.0318557299675197,-0.557769216267544,0.8069893158657431,Placed,-0.41425758145268365,1,1
-1.0092566869125132,0.050554537486061424,0.09326023857568026,-1.0318557299675197,-0.8149108349469326,-0.4341671428491004,NotPlaced,-0.41425758145268365,0,1
0.577763436407931,1.611519271292134,1.2717988986409308,-1.0318557299675197,1.3707929238278704,0.5587580241227753,Placed,0.8235499399187379,1,1
-0.21574662525229105,0.050554537486061424,1.2717988986409308,-1.0318557299675197,0.9850804958087876,-0.18593585110613037,NotPlaced,0.2930610021881282,0,1
-0.057044612920247185,0.050554537486061424,-1.0852784214895703,-1.0318557299675197,-0.1720567882484611,-1.4270923098209738,Placed,-1.121576165093496,1,1
1.8473795350642876,1.611519271292134,0.09326023857568026,-1.0318557299675197,0.5993680677897048,0.31052673237980744,NotPlaced,0.11623135627792522,0,1
0.577763436407931,0.050554537486061424,-1.0852784214895703,-1.0318557299675197,0.5993680677897048,1.0552206076087132,Placed,-1.121576165093496,1,1
1.3712734980681531,0.050554537486061424,1.2717988986409308,0.09119891761650768,1.4993637331675649,1.3034518993516808,NotPlaced,0.8235499399187379,0,1
-0.057044612920247185,0.050554537486061424,0.09326023857568026,0.09119891761650768,-0.1720567882484611,0.31052673237980744,NotPlaced,0.11623135627792522,0,1
1.0538694734040654,0.050554537486061424,1.2717988986409308,0.09119891761650768,-1.5863356909850983,0.06229544063683744,NotPlaced,0.8235499399187379,0,1
0.8951674610720188,0.050554537486061424,-1.0852784214895703,0.09119891761650768,-0.0434859789087668,-0.6823984345920682,NotPlaced,-0.5910872273628871,0,1
0.10165739941179809,0.050554537486061424,1.2717988986409308,0.09119891761650768,-0.4291984069278497,0.8069893158657431,NotPlaced,0.8235499399187379,0,1
-1.167958699244557,0.050554537486061424,0.09326023857568026,0.09119891761650768,-1.0720524536263212,0.31052673237980744,NotPlaced,0.11623135627792522,0,1
0.260359411743842,0.050554537486061424,-1.0852784214895703,-1.0318557299675197,-1.9720481190041814,0.31052673237980744,NotPlaced,-1.121576165093496,0,1
-0.3744486375843349,0.050554537486061424,0.09326023857568026,0.09119891761650768,-1.2006232629660154,-2.1717861850498807,NotPlaced,0.11623135627792522,0,1
-1.6440647362406915,0.050554537486061424,-1.0852784214895703,0.09119891761650768,0.5993680677897048,-0.9306297263350372,NotPlaced,-0.5910872273628871,0,1
0.260359411743842,-1.5104101963200112,1.2717988986409308,1.2142535652005348,0.4707972584500104,0.5587580241227753,Placed,0.8235499399187379,1,0
0.736465448739975,1.611519271292134,1.2717988986409308,1.2142535652005348,1.113651305148482,1.0552206076087132,Placed,1.8845278153799556,1,1
0.10165739941179809,-1.5104101963200112,0.09326023857568026,-1.0318557299675197,-0.557769216267544,0.5587580241227753,NotPlaced,-0.944746519183293,0,0
-0.3744486375843349,0.050554537486061424,-1.0852784214895703,-1.0318557299675197,-0.8149108349469326,0.06229544063683744,NotPlaced,-1.121576165093496,0,1
-0.3744486375843349,1.611519271292134,0.09326023857568026,0.09119891761650768,-0.8149108349469326,-1.9235548933069118,NotPlaced,0.6467202940085345,0,1
0.736465448739975,0.050554537486061424,1.2717988986409308,-1.0318557299675197,-0.0434859789087668,-0.6823984345920682,NotPlaced,0.2930610021881282,0,1
-0.691852662248424,-1.5104101963200112,1.2717988986409308,-1.0318557299675197,-0.4291984069278497,0.8069893158657431,Placed,-0.2374279355424807,1,0
0.10165739941179809,0.050554537486061424,-1.0852784214895703,0.09119891761650768,-1.3291940723057099,0.8069893158657431,NotPlaced,-0.5910872273628871,0,1
-1.3266607115766023,0.050554537486061424,-1.0852784214895703,-1.0318557299675197,-1.457764881645404,1.0552206076087132,Placed,-1.121576165093496,1,1
0.4190614240758872,-1.5104101963200112,-1.0852784214895703,-1.0318557299675197,1.113651305148482,0.5587580241227753,Placed,-1.6520651028241051,1,0
1.2125714857361094,0.050554537486061424,1.2717988986409308,-1.0318557299675197,0.9850804958087876,1.0552206076087132,Placed,0.2930610021881282,1,1
-1.3266607115766023,0.050554537486061424,-1.0852784214895703,-1.0318557299675197,-1.3291940723057099,0.06229544063683744,NotPlaced,-1.121576165093496,0,1
-0.691852662248424,0.050554537486061424,1.2717988986409308,-1.0318557299675197,-1.3291940723057099,0.31052673237980744,NotPlaced,0.2930610021881282,0,1
-1.8027667485727352,-1.5104101963200112,-1.0852784214895703,-1.0318557299675197,-0.943481644286627,-2.1717861850498807,NotPlaced,-1.6520651028241051,0,0
-0.21574662525229105,-1.5104101963200112,0.09326023857568026,0.09119891761650768,-0.1720567882484611,-1.1788610180780061,NotPlaced,-0.41425758145268365,0,0
0.260359411743842,0.050554537486061424,0.09326023857568026,-1.0318557299675197,0.727938877129399,0.31052673237980744,NotPlaced,-0.41425758145268365,0,1
-0.3744486375843349,0.050554537486061424,-1.0852784214895703,1.2142535652005348,0.9850804958087876,0.8069893158657431,NotPlaced,-0.060598289632277744,0,1
1.529975510400197,0.050554537486061424,1.2717988986409308,1.2142535652005348,0.0850848304309275,0.5587580241227753,Placed,1.3540388776493464,1,1
0.8951674610720188,-1.5104101963200112,0.09326023857568026,1.2142535652005348,-0.0434859789087668,-0.4341671428491004,NotPlaced,0.11623135627792522,0,0
1.529975510400197,0.050554537486061424,-1.0852784214895703,1.2142535652005348,1.113651305148482,-0.9306297263350372,Placed,-0.060598289632277744,1,1
-0.3744486375843349,-1.5104101963200112,0.09326023857568026,-1.0318557299675197,-0.3006275975881554,0.5587580241227753,NotPlaced,-0.944746519183293,0,0
1.3712734980681531,1.611519271292134,-1.0852784214895703,0.09119891761650768,0.2136556397706218,-1.6753236015639428,NotPlaced,-0.06059828963227817,0,1
-0.057044612920247185,0.050554537486061424,0.09326023857568026,-1.0318557299675197,-0.3006275975881554,-0.18593585110613037,NotPlaced,-0.41425758145268365,0,1
-0.691852662248424,0.050554537486061424,0.09326023857568026,0.09119891761650768,-0.4291984069278497,0.8069893158657431,NotPlaced,0.11623135627792522,0,1
1.2125714857361094,-1.5104101963200112,-1.0852784214895703,0.09119891761650768,0.4707972584500104,-1.6753236015639428,Placed,-1.121576165093496,1,0
-0.21574662525229105,0.050554537486061424,-1.0852784214895703,-1.0318557299675197,-1.7149065003247927,-2.4200174767928493,NotPlaced,-1.121576165093496,0,1
0.260359411743842,0.050554537486061424,-1.0852784214895703,-1.0318557299675197,-1.5863356909850983,0.8069893158657431,NotPlaced,-1.121576165093496,0,1
0.577763436407931,0.050554537486061424,1.2717988986409308,2.337308212784562,1.113651305148482,0.8069893158657431,Placed,1.8845278153799556,1,1
0.10165739941179809,1.611519271292134,0.09326023857568026,1.2142535652005348,0.8565096864690933,1.3034518993516808,NotPlaced,1.177209231739143,0,1
-1.8027667485727352,-1.5104101963200112,-1.0852784214895703,0.09119891761650768,1.3707929238278704,-0.18593585110613037,Placed,-1.121576165093496,1,0
-0.21574662525229105,0.050554537486061424,1.2717988986409308,0.09119891761650768,1.113651305148482,0.5587580241227753,Placed,0.8235499399187379,1,1
-1.167958699244557,-1.5104101963200112,-1.0852784214895703,-1.0318557299675197,-0.0434859789087668,0.5587580241227753,NotPlaced,-1.6520651028241051,0,0
0.577763436407931,0.050554537486061424,1.2717988986409308,2.337308212784562,0.8565096864690933,1.0552206076087132,NotPlaced,1.8845278153799556,0,1
-0.057044612920247185,0.050554537486061424,-1.0852784214895703,-1.0318557299675197,-0.943481644286627,-2.4200174767928493,NotPlaced,-1.121576165093496,0,1
-1.8027667485727352,-1.5104101963200112,1.2717988986409308,-1.0318557299675197,1.2422221144881762,1.3034518993516808,Placed,-0.2374279355424807,1,0
0.577763436407931,1.611519271292134,1.2717988986409308,0.09119891761650768,0.8565096864690933,1.3034518993516808,NotPlaced,1.3540388776493464,0,1
0.577763436407931,1.611519271292134,0.09326023857568026,1.2142535652005348,1.113651305148482,-1.1788610180780061,Placed,1.177209231739143,1,1
0.577763436407931,-1.5104101963200112,0.09326023857568026,1.2142535652005348,0.5993680677897048,0.8069893158657431,NotPlaced,0.11623135627792522,0,0
-1.167958699244557,0.050554537486061424,-1.0852784214895703,0.09119891761650768,-0.557769216267544,-0.4341671428491004,NotPlaced,-0.5910872273628871,0,1
1.0538694734040654,0.050554537486061424,0.09326023857568026,2.337308212784562,0.4707972584500104,-1.4270923098209738,NotPlaced,1.177209231739143,0,1
-0.21574662525229105,-1.5104101963200112,1.2717988986409308,0.09119891761650768,0.727938877129399,-0.18593585110613037,NotPlaced,0.2930610021881282,0,0
-0.3744486375843349,-1.5104101963200112,0.09326023857568026,-1.0318557299675197,-0.557769216267544,-0.4341671428491004,Placed,-0.944746519183293,1,0
-0.3744486375843349,-1.5104101963200112,-1.0852784214895703,-1.0318557299675197,-0.8149108349469326,-1.4270923098209738,NotPlaced,-1.6520651028241051,0,0
1.529975510400197,0.050554537486061424,0.09326023857568026,-1.0318557299675197,-0.8149108349469326,0.31052673237980744,NotPlaced,-0.41425758145268365,0,1
0.260359411743842,-1.5104101963200112,0.09326023857568026,1.2142535652005348,-0.557769216267544,0.8069893158657431,NotPlaced,0.11623135627792522,0,0
-0.21574662525229105,0.050554537486061424,-1.0852784214895703,2.337308212784562,-1.3291940723057099,-1.6753236015639428,NotPlaced,0.46989064809833114,0,1
-1.6440647362406915,1.611519271292134,0.09326023857568026,-1.0318557299675197,-0.4291984069278497,0.31052673237980744,NotPlaced,0.11623135627792522,0,1
1.0538694734040654,1.611519271292134,1.2717988986409308,-1.0318557299675197,-0.8149108349469326,-1.6753236015639428,NotPlaced,0.8235499399187379,0,1
1.0538694734040654,0.050554537486061424,1.2717988986409308,0.09119891761650768,0.0850848304309275,0.06229544063683744,NotPlaced,0.8235499399187379,0,1
-0.5331506499163802,0.050554537486061424,1.2717988986409308,1.2142535652005348,0.5993680677897048,1.0552206076087132,Placed,1.3540388776493464,1,1
0.736465448739975,0.050554537486061424,0.09326023857568026,-1.0318557299675197,-0.0434859789087668,-0.18593585110613037,Placed,-0.41425758145268365,1,1
0.736465448739975,-1.5104101963200112,0.09326023857568026,2.337308212784562,-0.0434859789087668,-0.4341671428491004,Placed,0.6467202940085341,1,0
0.4190614240758872,0.050554537486061424,1.2717988986409308,-1.0318557299675197,0.4707972584500104,0.8069893158657431,Placed,0.2930610021881282,1,1
-0.21574662525229105,0.050554537486061424,-1.0852784214895703,0.09119891761650768,1.113651305148482,1.3034518993516808,Placed,-0.5910872273628871,1,1
1.0538694734040654,-1.5104101963200112,1.2717988986409308,-1.0318557299675197,1.4993637331675649,1.0552206076087132,Placed,-0.2374279355424807,1,0
1.0538694734040654,0.050554537486061424,1.2717988986409308,2.337308212784562,1.4993637331675649,1.3034518993516808,Placed,1.8845278153799556,1,1
-0.3744486375843349,0.050554537486061424,1.2717988986409308,0.09119891761650768,1.3707929238278704,-1.6753236015639428,NotPlaced,0.8235499399187379,0,1
-1.3266607115766023,0.050554537486061424,-1.0852784214895703,2.337308212784562,-0.8149108349469326,0.06229544063683744,NotPlaced,0.46989064809833114,0,1
0.260359411743842,0.050554537486061424,-1.0852784214895703,0.09119891761650768,-1.0720524536263212,-0.4341671428491004,NotPlaced,-0.5910872273628871,0,1
0.577763436407931,0.050554537486061424,-1.0852784214895703,0.09119891761650768,-1.3291940723057099,-0.18593585110613037,NotPlaced,-0.5910872273628871,0,1
-1.8027667485727352,-1.5104101963200112,0.09326023857568026,-1.0318557299675197,0.8565096864690933,1.3034518993516808,Placed,-0.944746519183293,1,0
1.0538694734040654,0.050554537486061424,-1.0852784214895703,0.09119891761650768,-0.1720567882484611,-1.6753236015639428,NotPlaced,-0.5910872273628871,0,1
0.577763436407931,0.050554537486061424,-1.0852784214895703,1.2142535652005348,-0.3006275975881554,-2.1717861850498807,NotPlaced,-0.060598289632277744,0,1
1.3712734980681531,0.050554537486061424,1.2717988986409308,0.09119891761650768,0.5993680677897048,1.0552206076087132,Placed,0.8235499399187379,1,1
-1.8027667485727352,0.050554537486061424,1.2717988986409308,1.2142535652005348,0.34222644911031613,0.5587580241227753,Placed,1.3540388776493464,1,1
-1.6440647362406915,0.050554537486061424,-1.0852784214895703,0.09119891761650768,0.8565096864690933,-0.6823984345920682,Placed,-0.5910872273628871,1,1
-0.21574662525229105,0.050554537486061424,-1.0852784214895703,0.09119891761650768,-0.557769216267544,-0.9306297263350372,NotPlaced,-0.5910872273628871,0,1
-0.3744486375843349,0.050554537486061424,1.2717988986409308,1.2142535652005348,1.4993637331675649,-0.6823984345920682,Placed,1.3540388776493464,1,1
-1.3266607115766023,0.050554537486061424,0.09326023857568026,-1.0318557299675197,0.4707972584500104,-0.6823984345920682,NotPlaced,-0.41425758145268365,0,1
0.4190614240758872,1.611519271292134,1.2717988986409308,1.2142535652005348,1.4993637331675649,0.06229544063683744,Placed,1.8845278153799556,1,1
-0.21574662525229105,0.050554537486061424,-1.0852784214895703,-1.0318557299675197,-1.843477309664487,0.06229544063683744,NotPlaced,-1.121576165093496,0,1
1.0538694734040654,0.050554537486061424,-1.0852784214895703,0.09119891761650768,1.4993637331675649,1.3034518993516808,Placed,-0.5910872273628871,1,1
-1.8027667485727352,0.050554537486061424,-1.0852784214895703,0.09119891761650768,0.4707972584500104,-2.1717861850498807,NotPlaced,-0.5910872273628871,0,1
-1.0092566869125132,0.050554537486061424,0.09326023857568026,-1.0318557299675197,1.3707929238278704,0.8069893158657431,NotPlaced,-0.41425758145268365,0,1
1.529975510400197,0.050554537486061424,1.2717988986409308,-1.0318557299675197,0.4707972584500104,1.3034518993516808,NotPlaced,0.2930610021881282,0,1
-1.0092566869125132,0.050554537486061424,-1.0852784214895703,0.09119891761650768,-0.0434859789087668,1.0552206076087132,NotPlaced,-0.5910872273628871,0,1
-1.6440647362406915,0.050554537486061424,-1.0852784214895703,-1.0318557299675197,-1.2006232629660154,-1.1788610180780061,NotPlaced,-1.121576165093496,0,1
-1.8027667485727352,0.050554537486061424,-1.0852784214895703,0.09119891761650768,-0.3006275975881554,1.3034518993516808,NotPlaced,-0.5910872273628871,0,1
0.8951674610720188,1.611519271292134,1.2717988986409308,1.2142535652005348,0.34222644911031613,0.5587580241227753,Placed,1.8845278153799556,1,1
0.736465448739975,0.050554537486061424,0.09326023857568026,0.09119891761650768,0.2136556397706218,0.31052673237980744,Placed,0.11623135627792522,1,1
0.10165739941179809,-1.5104101963200112,-1.0852784214895703,1.2142535652005348,-1.3291940723057099,-0.18593585110613037,NotPlaced,-0.5910872273628871,0,0
0.260359411743842,1.611519271292134,1.2717988986409308,1.2142535652005348,1.4993637331675649,0.06229544063683744,Placed,1.8845278153799556,1,1
0.4190614240758872,1.611519271292134,1.2717988986409308,1.2142535652005348,0.5993680677897048,0.5587580241227753,NotPlaced,1.8845278153799556,0,1
-0.21574662525229105,0.050554537486061424,0.09326023857568026,-1.0318557299675197,-2.1006189283438754,-0.9306297263350372,NotPlaced,-0.41425758145268365,0,1
-1.8027667485727352,0.050554537486061424,0.09326023857568026,0.09119891761650768,0.0850848304309275,-2.916480060278785,Placed,0.11623135627792522,1,1
-0.3744486375843349,-1.5104101963200112,0.09326023857568026,0.09119891761650768,0.0850848304309275,0.8069893158657431,NotPlaced,-0.41425758145268365,0,0
-0.21574662525229105,-1.5104101963200112,1.2717988986409308,0.09119891761650768,-0.1720567882484611,1.3034518993516808,NotPlaced,0.2930610021881282,0,0
-1.6440647362406915,0.050554537486061424,-1.0852784214895703,-1.0318557299675197,-0.6863400256072383,-2.916480060278785,NotPlaced,-1.121576165093496,0,1
-0.3744486375843349,0.050554537486061424,1.2717988986409308,0.09119891761650768,0.8565096864690933,-1.4270923098209738,Placed,0.8235499399187379,1,1
0.8951674610720188,0.050554537486061424,0.09326023857568026,-1.0318557299675197,1.2422221144881762,1.3034518993516808,Placed,-0.41425758145268365,1,1
-0.21574662525229105,0.050554537486061424,-1.0852784214895703,0.09119891761650768,1.2422221144881762,1.3034518993516808,Placed,-0.5910872273628871,1,1
-1.8027667485727352,-1.5104101963200112,-1.0852784214895703,-1.0318557299675197,0.2136556397706218,0.06229544063683744,NotPlaced,-1.6520651028241051,0,0
-0.3744486375843349,0.050554537486061424,-1.0852784214895703,0.09119891761650768,0.4707972584500104,-1.4270923098209738,NotPlaced,-0.5910872273628871,0,1
0.577763436407931,-1.5104101963200112,1.2717988986409308,-1.0318557299675197,1.4993637331675649,-1.1788610180780061,Placed,-0.2374279355424807,1,0
-0.057044612920247185,-1.5104101963200112,-1.0852784214895703,-1.0318557299675197,-1.0720524536263212,-1.9235548933069118,NotPlaced,-1.6520651028241051,0,0
-0.3744486375843349,-1.5104101963200112,-1.0852784214895703,-1.0318557299675197,-0.3006275975881554,0.06229544063683744,NotPlaced,-1.6520651028241051,0,0
0.4190614240758872,-1.5104101963200112,-1.0852784214895703,1.2142535652005348,-0.1720567882484611,1.3034518993516808,Placed,-0.5910872273628871,1,0
1.0538694734040654,1.611519271292134,1.2717988986409308,-1.0318557299675197,0.8565096864690933,1.3034518993516808,Placed,0.8235499399187379,1,1
-0.057044612920247185,0.050554537486061424,1.2717988986409308,1.2142535652005348,1.4993637331675649,-0.6823984345920682,NotPlaced,1.3540388776493464,0,1
0.10165739941179809,-1.5104101963200112,0.09326023857568026,1.2142535652005348,0.5993680677897048,0.5587580241227753,Placed,0.11623135627792522,1,0
-0.057044612920247185,-1.5104101963200112,-1.0852784214895703,0.09119891761650768,-1.2006232629660154,0.5587580241227753,Placed,-1.121576165093496,1,0
-1.167958699244557,0.050554537486061424,-1.0852784214895703,-1.0318557299675197,-0.3006275975881554,0.06229544063683744,NotPlaced,-1.121576165093496,0,1
0.4190614240758872,-1.5104101963200112,0.09326023857568026,-1.0318557299675197,-1.2006232629660154,-0.18593585110613037,NotPlaced,-0.944746519183293,0,0
0.8951674610720188,0.050554537486061424,1.2717988986409308,1.2142535652005348,0.5993680677897048,0.5587580241227753,Placed,1.3540388776493464,1,1
-0.3744486375843349,-1.5104101963200112,-1.0852784214895703,-1.0318557299675197,0.0850848304309275,-1.1788610180780061,NotPlaced,-1.6520651028241051,0,0
-1.167958699244557,-1.5104101963200112,-1.0852784214895703,0.09119891761650768,0.9850804958087876,-1.1788610180780061,Placed,-1.121576165093496,1,0
0.10165739941179809,0.050554537486061424,-1.0852784214895703,-1.0318557299675197,-1.843477309664487,-1.1788610180780061,NotPlaced,-1.121576165093496,0,1
-1.4853627239086462,1.611519271292134,1.2717988986409308,-1.0318557299675197,0.8565096864690933,0.31052673237980744,Placed,0.8235499399187379,1,1
1.2125714857361094,0.050554537486061424,-1.0852784214895703,1.2142535652005348,0.34222644911031613,1.3034518993516808,Placed,-0.060598289632277744,1,1
0.260359411743842,-1.5104101963200112,-1.0852784214895703,0.09119891761650768,-2.3577605470232643,-0.4341671428491004,NotPlaced,-1.121576165093496,0,0
0.4190614240758872,1.611519271292134,1.2717988986409308,0.09119891761650768,-0.4291984069278497,0.5587580241227753,NotPlaced,1.3540388776493464,0,1
-1.167958699244557,0.050554537486061424,1.2717988986409308,-1.0318557299675197,0.8565096864690933,0.31052673237980744,Placed,0.2930610021881282,1,1
-0.057044612920247185,0.050554537486061424,-1.0852784214895703,-1.0318557299675197,-0.3006275975881554,-1.6753236015639428,NotPlaced,-1.121576165093496,0,1
-1.8027667485727352,0.050554537486061424,0.09326023857568026,0.09119891761650768,-0.8149108349469326,-0.6823984345920682,Placed,0.11623135627792522,1,1
0.8951674610720188,1.611519271292134,1.2717988986409308,1.2142535652005348,1.4993637331675649,0.5587580241227753,Placed,1.8845278153799556,1,1
-0.21574662525229105,-1.5104101963200112,0.09326023857568026,0.09119891761650768,0.2136556397706218,1.0552206076087132,Placed,-0.41425758145268365,1,0
0.8951674610720188,-1.5104101963200112,0.09326023857568026,0.09119891761650768,0.4707972584500104,0.5587580241227753,Placed,-0.41425758145268365,1,0
-0.21574662525229105,0.050554537486061424,1.2717988986409308,0.09119891761650768,0.34222644911031613,0.8069893158657431,NotPlaced,0.8235499399187379,0,1
-0.057044612920247185,1.611519271292134,-1.0852784214895703,2.337308212784562,-1.457764881645404,-1.4270923098209738,NotPlaced,1.00037958582894,0,1
0.577763436407931,0.050554537486061424,0.09326023857568026,1.2142535652005348,-0.1720567882484611,1.0552206076087132,Placed,0.6467202940085341,1,1
-1.6440647362406915,-1.5104101963200112,1.2717988986409308,1.2142535652005348,1.113651305148482,0.06229544063683744,NotPlaced,0.8235499399187379,0,0
-0.3744486375843349,0.050554537486061424,0.09326023857568026,-1.0318557299675197,1.113651305148482,-1.9235548933069118,NotPlaced,-0.41425758145268365,0,1
1.2125714857361094,0.050554537486061424,-1.0852784214895703,-1.0318557299675197,-0.6863400256072383,-0.18593585110613037,NotPlaced,-1.121576165093496,0,1
-0.21574662525229105,-1.5104101963200112,0.09326023857568026,1.2142535652005348,0.2136556397706218,1.3034518993516808,Placed,0.11623135627792522,1,0
-1.8027667485727352,0.050554537486061424,0.09326023857568026,-1.0318557299675197,0.9850804958087876,0.31052673237980744,NotPlaced,-0.41425758145268365,0,1
-0.3744486375843349,0.050554537486061424,0.09326023857568026,1.2142535652005348,-0.1720567882484611,0.8069893158657431,Placed,0.6467202940085341,1,1
-0.5331506499163802,-1.5104101963200112,-1.0852784214895703,0.09119891761650768,-0.4291984069278497,-2.6682487685358174,NotPlaced,-1.121576165093496,0,0
-1.4853627239086462,0.050554537486061424,-1.0852784214895703,-1.0318557299675197,-0.4291984069278497,-0.4341671428491004,NotPlaced,-1.121576165093496,0,1
1.0538694734040654,1.611519271292134,0.09326023857568026,1.2142535652005348,1.3707929238278704,-0.6823984345920682,Placed,1.177209231739143,1,1
-0.057044612920247185,0.050554537486061424,0.09326023857568026,-1.0318557299675197,-0.8149108349469326,1.3034518993516808,NotPlaced,-0.41425758145268365,0,1
0.8951674610720188,1.611519271292134,0.09326023857568026,1.2142535652005348,-0.6863400256072383,0.8069893158657431,NotPlaced,1.177209231739143,0,1
-1.8027667485727352,0.050554537486061424,1.2717988986409308,1.2142535652005348,-0.6863400256072383,0.06229544063683744,Placed,1.3540388776493464,1,1
0.4190614240758872,1.611519271292134,1.2717988986409308,1.2142535652005348,1.4993637331675649,0.8069893158657431,Placed,1.8845278153799556,1,1
-0.3744486375843349,0.050554537486061424,-1.0852784214895703,0.09119891761650768,-0.1720567882484611,-0.4341671428491004,NotPlaced,-0.5910872273628871,0,1
-0.057044612920247185,-1.5104101963200112,0.09326023857568026,1.2142535652005348,-0.3006275975881554,-0.18593585110613037,NotPlaced,0.11623135627792522,0,0
-0.21574662525229105,0.050554537486061424,0.09326023857568026,1.2142535652005348,0.2136556397706218,0.06229544063683744,Placed,0.6467202940085341,1,1
0.4190614240758872,0.050554537486061424,-2.2638170815548206,2.337308212784562,1.4993637331675649,1.3034518993516808,NotPlaced,-0.2374279355424807,0,1
-0.3744486375843349,0.050554537486061424,1.2717988986409308,1.2142535652005348,0.5993680677897048,1.3034518993516808,Placed,1.3540388776493464,1,1
1.0538694734040654,-1.5104101963200112,0.09326023857568026,1.2142535652005348,-0.1720567882484611,-1.1788610180780061,NotPlaced,0.11623135627792522,0,0
0.8951674610720188,0.050554537486061424,-1.0852784214895703,0.09119891761650768,-0.943481644286627,-1.9235548933069118,NotPlaced,-0.5910872273628871,0,1
-0.21574662525229105,0.050554537486061424,0.09326023857568026,0.09119891761650768,1.4993637331675649,1.3034518993516808,Placed,0.11623135627792522,1,1
-1.8027667485727352,1.611519271292134,1.2717988986409308,1.2142535652005348,0.727938877129399,0.5587580241227753,NotPlaced,1.8845278153799556,0,1
0.736465448739975,1.611519271292134,1.2717988986409308,2.337308212784562,1.4993637331675649,1.0552206076087132,NotPlaced,2.4150167531105646,0,1
-0.057044612920247185,0.050554537486061424,1.2717988986409308,-1.0318557299675197,0.34222644911031613,0.06229544063683744,Placed,0.2930610021881282,1,1
0.260359411743842,0.050554537486061424,-1.0852784214895703,1.2142535652005348,0.0850848304309275,1.0552206076087132,NotPlaced,-0.060598289632277744,0,1
-0.057044612920247185,0.050554537486061424,-1.0852784214895703,0.09119891761650768,-0.1720567882484611,-0.6823984345920682,Placed,-0.5910872273628871,1,1
1.529975510400197,0.050554537486061424,-1.0852784214895703,0.09119891761650768,0.5993680677897048,1.3034518993516808,NotPlaced,-0.5910872273628871,0,1
-1.4853627239086462,0.050554537486061424,-1.0852784214895703,-1.0318557299675197,-0.1720567882484611,-1.1788610180780061,NotPlaced,-1.121576165093496,0,1
-0.057044612920247185,-1.5104101963200112,0.09326023857568026,-1.0318557299675197,-0.8149108349469326,0.31052673237980744,Placed,-0.944746519183293,1,0
-1.167958699244557,0.050554537486061424,0.09326023857568026,0.09119891761650768,-0.8149108349469326,-1.9235548933069118,NotPlaced,0.11623135627792522,0,1
0.736465448739975,1.611519271292134,0.09326023857568026,-1.0318557299675197,-0.943481644286627,0.31052673237980744,Placed,0.11623135627792522,1,1
-0.057044612920247185,-1.5104101963200112,-1.0852784214895703,0.09119891761650768,-1.0720524536263212,-0.9306297263350372,NotPlaced,-1.121576165093496,0,0
-1.167958699244557,0.050554537486061424,-1.0852784214895703,0.09119891761650768,0.8565096864690933,-0.18593585110613037,NotPlaced,-0.5910872273628871,0,1
-1.8027667485727352,0.050554537486061424,-1.0852784214895703,-1.0318557299675197,-1.0720524536263212,-0.6823984345920682,NotPlaced,-1.121576165093496,0,1
1.0538694734040654,1.611519271292134,0.09326023857568026,-1.0318557299675197,-0.3006275975881554,-0.9306297263350372,NotPlaced,0.11623135627792522,0,1
1.0538694734040654,0.050554537486061424,-1.0852784214895703,0.09119891761650768,-1.0720524536263212,0.06229544063683744,NotPlaced,-0.5910872273628871,0,1
-0.3744486375843349,0.050554537486061424,-1.0852784214895703,0.09119891761650768,-1.0720524536263212,-2.6682487685358174,NotPlaced,-0.5910872273628871,0,1
-0.057044612920247185,0.050554537486061424,1.2717988986409308,0.09119891761650768,0.4707972584500104,0.5587580241227753,Placed,0.8235499399187379,1,1
0.10165739941179809,0.050554537486061424,-1.0852784214895703,0.09119891761650768,-0.0434859789087668,-0.18593585110613037,NotPlaced,-0.5910872273628871,0,1
-1.6440647362406915,1.611519271292134,0.09326023857568026,-1.0318557299675197,0.8565096864690933,-1.4270923098209738,Placed,0.11623135627792522,1,1
-1.8027667485727352,0.050554537486061424,-1.0852784214895703,0.09119891761650768,0.8565096864690933,1.3034518993516808,NotPlaced,-0.5910872273628871,0,1
1.8473795350642876,1.611519271292134,0.09326023857568026,1.2142535652005348,1.4993637331675649,1.0552206076087132,Placed,1.177209231739143,1,1
-1.8027667485727352,0.050554537486061424,-1.0852784214895703,-1.0318557299675197,-0.8149108349469326,1.3034518993516808,NotPlaced,-1.121576165093496,0,1
0.577763436407931,-1.5104101963200112,-1.0852784214895703,-1.0318557299675197,0.5993680677897048,-2.4200174767928493,NotPlaced,-1.6520651028241051,0,0
0.8951674610720188,0.050554537486061424,0.09326023857568026,-1.0318557299675197,-1.3291940723057099,-0.18593585110613037,NotPlaced,-0.41425758145268365,0,1
0.8951674610720188,-1.5104101963200112,1.2717988986409308,-1.0318557299675197,0.34222644911031613,-0.18593585110613037,Placed,-0.2374279355424807,1,0
0.577763436407931,0.050554537486061424,1.2717988986409308,-1.0318557299675197,0.2136556397706218,-0.6823984345920682,NotPlaced,0.2930610021881282,0,1
0.4190614240758872,1.611519271292134,1.2717988986409308,1.2142535652005348,-0.3006275975881554,0.5587580241227753,Placed,1.8845278153799556,1,1
1.3712734980681531,-1.5104101963200112,1.2717988986409308,2.337308212784562,1.113651305148482,1.0552206076087132,NotPlaced,1.3540388776493464,0,0
-1.8027667485727352,0.050554537486061424,1.2717988986409308,1.2142535652005348,0.727938877129399,0.8069893158657431,Placed,1.3540388776493464,1,1
-1.8027667485727352,0.050554537486061424,-1.0852784214895703,0.09119891761650768,-0.3006275975881554,0.06229544063683744,NotPlaced,-0.5910872273628871,0,1
0.8951674610720188,0.050554537486061424,0.09326023857568026,0.09119891761650768,-0.1720567882484611,0.5587580241227753,NotPlaced,0.11623135627792522,0,1
-0.5331506499163802,0.050554537486061424,-1.0852784214895703,0.09119891761650768,-1.0720524536263212,0.5587580241227753,NotPlaced,-0.5910872273628871,0,1
-1.8027667485727352,0.050554537486061424,-1.0852784214895703,0.09119891761650768,0.34222644911031613,1.3034518993516808,NotPlaced,-0.5910872273628871,0,1
1.3712734980681531,0.050554537486061424,1.2717988986409308,1.2142535652005348,1.3707929238278704,-0.6823984345920682,NotPlaced,1.3540388776493464,0,1
1.0538694734040654,0.050554537486061424,0.09326023857568026,0.09119891761650768,-1.0720524536263212,1.3034518993516808,Placed,0.11623135627792522,1,1
-0.057044612920247185,-1.5104101963200112,-1.0852784214895703,0.09119891761650768,0.8565096864690933,-0.4341671428491004,Placed,-1.121576165093496,1,0
-1.8027667485727352,0.050554537486061424,-1.0852784214895703,0.09119891761650768,-0.6863400256072383,-0.6823984345920682,NotPlaced,-0.5910872273628871,0,1
-0.8505546745804693,0.050554537486061424,-1.0852784214895703,-1.0318557299675197,-1.0720524536263212,-2.4200174767928493,NotPlaced,-1.121576165093496,0,1
-0.8505546745804693,-1.5104101963200112,0.09326023857568026,-1.0318557299675197,0.2136556397706218,-1.1788610180780061,NotPlaced,-0.944746519183293,0,0
0.4190614240758872,0.050554537486061424,0.09326023857568026,1.2142535652005348,0.727938877129399,0.8069893158657431,NotPlaced,0.6467202940085341,0,1
0.4190614240758872,-1.5104101963200112,-1.0852784214895703,-1.0318557299675197,1.2422221144881762,0.06229544063683744,NotPlaced,-1.6520651028241051,0,0
-0.057044612920247185,-1.5104101963200112,-1.0852784214895703,-1.0318557299675197,-0.3006275975881554,-1.9235548933069118,Placed,-1.6520651028241051,1,0
-1.8027667485727352,0.050554537486061424,-1.0852784214895703,-1.0318557299675197,-1.7149065003247927,-0.4341671428491004,NotPlaced,-1.121576165093496,0,1
-1.4853627239086462,0.050554537486061424,0.09326023857568026,-1.0318557299675197,-0.557769216267544,-0.6823984345920682,NotPlaced,-0.41425758145268365,0,1
0.8951674610720188,0.050554537486061424,1.2717988986409308,1.2142535652005348,1.4993637331675649,0.31052673237980744,Placed,1.3540388776493464,1,1
0.10165739941179809,-1.5104101963200112,-1.0852784214895703,-1.0318557299675197,1.3707929238278704,-0.18593585110613037,NotPlaced,-1.6520651028241051,0,0
0.736465448739975,0.050554537486061424,1.2717988986409308,1.2142535652005348,1.2422221144881762,1.3034518993516808,NotPlaced,1.3540388776493464,0,1
-0.3744486375843349,0.050554537486061424,1.2717988986409308,0.09119891761650768,0.34222644911031613,0.31052673237980744,NotPlaced,0.8235499399187379,0,1
0.736465448739975,1.611519271292134,-1.0852784214895703,-1.0318557299675197,-0.943481644286627,-2.1717861850498807,NotPlaced,-0.5910872273628871,0,1
0.577763436407931,1.611519271292134,1.2717988986409308,1.2142535652005348,0.0850848304309275,0.06229544063683744,NotPlaced,1.8845278153799556,0,1
-0.21574662525229105,-1.5104101963200112,-1.0852784214895703,-1.0318557299675197,-0.1720567882484611,0.06229544063683744,NotPlaced,-1.6520651028241051,0,0
1.2125714857361094,-1.5104101963200112,-1.0852784214895703,-1.0318557299675197,0.9850804958087876,0.06229544063683744,Placed,-1.6520651028241051,1,0
1.2125714857361094,1.611519271292134,1.2717988986409308,-1.0318557299675197,0.727938877129399,1.3034518993516808,NotPlaced,0.8235499399187379,0,1
-0.3744486375843349,0.050554537486061424,0.09326023857568026,0.09119891761650768,0.4707972584500104,0.5587580241227753,NotPlaced,0.11623135627792522,0,1
-1.8027667485727352,-1.5104101963200112,0.09326023857568026,1.2142535652005348,-0.1720567882484611,0.8069893158657431,NotPlaced,0.11623135627792522,0,0
-0.3744486375843349,-1.5104101963200112,0.09326023857568026,1.2142535652005348,-0.0434859789087668,-1.1788610180780061,NotPlaced,0.11623135627792522,0,0
-0.3744486375843349,1.611519271292134,1.2717988986409308,-1.0318557299675197,-0.0434859789087668,1.3034518993516808,Placed,0.8235499399187379,1,1
-1.3266607115766023,0.050554537486061424,0.09326023857568026,1.2142535652005348,-1.0720524536263212,-1.1788610180780061,NotPlaced,0.6467202940085341,0,1
-1.8027667485727352,0.050554537486061424,-1.0852784214895703,-1.0318557299675197,-0.8149108349469326,1.0552206076087132,NotPlaced,-1.121576165093496,0,1
-0.691852662248424,-1.5104101963200112,0.09326023857568026,1.2142535652005348,1.4993637331675649,1.3034518993516808,Placed,0.11623135627792522,1,0
-1.8027667485727352,1.611519271292134,-1.0852784214895703,-1.0318557299675197,-1.457764881645404,-1.4270923098209738,NotPlaced,-0.5910872273628871,0,1
-1.6440647362406915,0.050554537486061424,-1.0852784214895703,0.09119891761650768,-1.2006232629660154,0.06229544063683744,NotPlaced,-0.5910872273628871,0,1
0.8951674610720188,0.050554537486061424,1.2717988986409308,2.337308212784562,0.4707972584500104,-0.6823984345920682,NotPlaced,1.8845278153799556,0,1
-0.3744486375843349,0.050554537486061424,0.09326023857568026,-1.0318557299675197,-0.0434859789087668,-0.9306297263350372,NotPlaced,-0.41425758145268365,0,1
0.4190614240758872,0.050554537486061424,0.09326023857568026,-1.0318557299675197,-0.6863400256072383,0.06229544063683744,NotPlaced,-0.41425758145268365,0,1
-0.3744486375843349,0.050554537486061424,-1.0852784214895703,-1.0318557299675197,-1.5863356909850983,-0.4341671428491004,NotPlaced,-1.121576165093496,0,1
-1.8027667485727352,0.050554537486061424,-1.0852784214895703,-1.0318557299675197,0.4707972584500104,-0.4341671428491004,NotPlaced,-1.121576165093496,0,1
1.2125714857361094,0.050554537486061424,-1.0852784214895703,1.2142535652005348,0.2136556397706218,1.3034518993516808,Placed,-0.060598289632277744,1,1
-0.21574662525229105,-1.5104101963200112,0.09326023857568026,-1.0318557299675197,-0.8149108349469326,0.06229544063683744,NotPlaced,-0.944746519183293,0,0
0.260359411743842,0.050554537486061424,0.09326023857568026,0.09119891761650768,0.34222644911031613,-0.4341671428491004,Placed,0.11623135627792522,1,1
0.260359411743842,0.050554537486061424,1.2717988986409308,1.2142535652005348,-0.0434859789087668,1.3034518993516808,NotPlaced,1.3540388776493464,0,1
-0.057044612920247185,-1.5104101963200112,-1.0852784214895703,-1.0318557299675197,-0.943481644286627,-0.6823984345920682,NotPlaced,-1.6520651028241051,0,0
0.4190614240758872,0.050554537486061424,1.2717988986409308,1.2142535652005348,1.4993637331675649,0.8069893158657431,NotPlaced,1.3540388776493464,0,1
0.4190614240758872,0.050554537486061424,1.2717988986409308,-1.0318557299675197,1.4993637331675649,0.8069893158657431,Placed,0.2930610021881282,1,1
-0.21574662525229105,1.611519271292134,-1.0852784214895703,1.2142535652005348,0.9850804958087876,0.8069893158657431,Placed,0.46989064809833114,1,1
-0.5331506499163802,0.050554537486061424,1.2717988986409308,2.337308212784562,1.4993637331675649,1.0552206076087132,Placed,1.8845278153799556,1,1
-1.8027667485727352,0.050554537486061424,-1.0852784214895703,0.09119891761650768,-1.3291940723057099,-2.1717861850498807,NotPlaced,-0.5910872273628871,0,1
-1.8027667485727352,0.050554537486061424,1.2717988986409308,1.2142535652005348,0.8565096864690933,-1.4270923098209738,Placed,1.3540388776493464,1,1
1.3712734980681531,1.611519271292134,1.2717988986409308,1.2142535652005348,0.9850804958087876,1.0552206076087132,Placed,1.8845278153799556,1,1
-1.8027667485727352,0.050554537486061424,0.09326023857568026,-1.0318557299675197,-0.0434859789087668,-0.6823984345920682,NotPlaced,-0.41425758145268365,0,1
0.10165739941179809,1.611519271292134,1.2717988986409308,-1.0318557299675197,0.34222644911031613,1.3034518993516808,NotPlaced,0.8235499399187379,0,1
0.736465448739975,1.611519271292134,1.2717988986409308,1.2142535652005348,0.727938877129399,-0.4341671428491004,Placed,1.8845278153799556,1,1
-0.21574662525229105,0.050554537486061424,-1.0852784214895703,-1.0318557299675197,-0.4291984069278497,0.31052673237980744,NotPlaced,-1.121576165093496,0,1
1.0538694734040654,-1.5104101963200112,0.09326023857568026,1.2142535652005348,0.34222644911031613,0.31052673237980744,Placed,0.11623135627792522,1,0
0.260359411743842,0.050554537486061424,0.09326023857568026,0.09119891761650768,1.3707929238278704,1.3034518993516808,NotPlaced,0.11623135627792522,0,1
0.736465448739975,1.611519271292134,-1.0852784214895703,-1.0318557299675197,0.8565096864690933,-0.4341671428491004,Placed,-0.5910872273628871,1,1
0.260359411743842,-1.5104101963200112,-1.0852784214895703,0.09119891761650768,1.4993637331675649,-0.18593585110613037,Placed,-1.121576165093496,1,0
1.2125714857361094,1.611519271292134,0.09326023857568026,2.337308212784562,0.4707972584500104,0.06229544063683744,NotPlaced,1.707698169469752,0,1
-0.691852662248424,0.050554537486061424,-1.0852784214895703,-1.0318557299675197,-2.22918973768357,0.31052673237980744,NotPlaced,-1.121576165093496,0,1
0.10165739941179809,0.050554537486061424,-1.0852784214895703,0.09119891761650768,-0.3006275975881554,-0.6823984345920682,NotPlaced,-0.5910872273628871,0,1
1.2125714857361094,-1.5104101963200112,-1.0852784214895703,1.2142535652005348,1.2422221144881762,1.3034518993516808,Placed,-0.5910872273628871,1,0
0.577763436407931,1.611519271292134,0.09326023857568026,1.2142535652005348,-0.1720567882484611,1.3034518993516808,NotPlaced,1.177209231739143,0,1
-1.8027667485727352,1.611519271292134,1.2717988986409308,0.09119891761650768,-0.3006275975881554,0.06229544063683744,NotPlaced,1.3540388776493464,0,1
-0.3744486375843349,1.611519271292134,-1.0852784214895703,0.09119891761650768,1.113651305148482,0.5587580241227753,NotPlaced,-0.06059828963227817,0,1
-0.21574662525229105,0.050554537486061424,-1.0852784214895703,-1.0318557299675197,0.34222644911031613,1.0552206076087132,Placed,-1.121576165093496,1,1
1.2125714857361094,1.611519271292134,1.2717988986409308,0.09119891761650768,1.2422221144881762,0.8069893158657431,NotPlaced,1.3540388776493464,0,1
1.2125714857361094,0.050554537486061424,1.2717988986409308,0.09119891761650768,-0.4291984069278497,1.3034518993516808,NotPlaced,0.8235499399187379,0,1
0.736465448739975,0.050554537486061424,-1.0852784214895703,2.337308212784562,-0.4291984069278497,-0.6823984345920682,NotPlaced,0.46989064809833114,0,1
-1.0092566869125132,0.050554537486061424,-1.0852784214895703,0.09119891761650768,-1.7149065003247927,-2.916480060278785,NotPlaced,-0.5910872273628871,0,1
-0.21574662525229105,0.050554537486061424,1.2717988986409308,1.2142535652005348,1.2422221144881762,1.3034518993516808,Placed,1.3540388776493464,1,1
-0.21574662525229105,0.050554537486061424,-1.0852784214895703,0.09119891761650768,-1.5863356909850983,-0.4341671428491004,NotPlaced,-0.5910872273628871,0,1
0.736465448739975,1.611519271292134,0.09326023857568026,1.2142535652005348,1.4993637331675649,0.8069893158657431,NotPlaced,1.177209231739143,0,1
-1.8027667485727352,-1.5104101963200112,-1.0852784214895703,0.09119891761650768,-1.5863356909850983,-1.6753236015639428,NotPlaced,-1.121576165093496,0,0
0.8951674610720188,0.050554537486061424,0.09326023857568026,-1.0318557299675197,0.5993680677897048,1.3034518993516808,Placed,-0.41425758145268365,1,1
0.736465448739975,1.611519271292134,0.09326023857568026,1.2142535652005348,0.8565096864690933,0.5587580241227753,NotPlaced,1.177209231739143,0,1
0.577763436407931,-1.5104101963200112,-1.0852784214895703,-1.0318557299675197,-1.0720524536263212,-1.6753236015639428,NotPlaced,-1.6520651028241051,0,0
-1.167958699244557,0.050554537486061424,-1.0852784214895703,0.09119891761650768,-2.22918973768357,0.8069893158657431,NotPlaced,-0.5910872273628871,0,1
1.2125714857361094,1.611519271292134,0.09326023857568026,1.2142535652005348,0.34222644911031613,0.8069893158657431,Placed,1.177209231739143,1,1
0.736465448739975,-1.5104101963200112,0.09326023857568026,1.2142535652005348,0.2136556397706218,0.31052673237980744,Placed,0.11623135627792522,1,0
1.529975510400197,0.050554537486061424,1.2717988986409308,-1.0318557299675197,1.113651305148482,1.0552206076087132,Placed,0.2930610021881282,1,1
0.260359411743842,1.611519271292134,1.2717988986409308,-1.0318557299675197,0.5993680677897048,0.8069893158657431,Placed,0.8235499399187379,1,1
1.688677522732241,0.050554537486061424,1.2717988986409308,1.2142535652005348,0.34222644911031613,1.0552206076087132,Placed,1.3540388776493464,1,1
0.260359411743842,0.050554537486061424,1.2717988986409308,-1.0318557299675197,1.3707929238278704,-0.6823984345920682,Placed,0.2930610021881282,1,1
-0.057044612920247185,0.050554537486061424,-1.0852784214895703,0.09119891761650768,-1.3291940723057099,-0.4341671428491004,NotPlaced,-0.5910872273628871,0,1
0.8951674610720188,0.050554537486061424,1.2717988986409308,-1.0318557299675197,-0.1720567882484611,-2.1717861850498807,NotPlaced,0.2930610021881282,0,1
0.8951674610720188,-1.5104101963200112,1.2717988986409308,1.2142535652005348,0.34222644911031613,1.0552206076087132,NotPlaced,0.8235499399187379,0,0
0.736465448739975,-1.5104101963200112,1.2717988986409308,0.09119891761650768,0.2136556397706218,0.8069893158657431,Placed,0.2930610021881282,1,0
-0.21574662525229105,0.050554537486061424,-1.0852784214895703,-1.0318557299675197,-2.3577605470232643,-2.4200174767928493,NotPlaced,-1.121576165093496,0,1
-0.057044612920247185,0.050554537486061424,0.09326023857568026,-1.0318557299675197,-1.7149065003247927,0.06229544063683744,NotPlaced,-0.41425758145268365,0,1
-1.6440647362406915,1.611519271292134,-1.0852784214895703,-1.0318557299675197,-0.4291984069278497,-0.18593585110613037,NotPlaced,-0.5910872273628871,0,1
-0.21574662525229105,0.050554537486061424,-1.0852784214895703,0.09119891761650768,-0.0434859789087668,-0.18593585110613037,NotPlaced,-0.5910872273628871,0,1
-0.21574662525229105,-1.5104101963200112,0.09326023857568026,-1.0318557299675197,0.34222644911031613,0.06229544063683744,NotPlaced,-0.944746519183293,0,0
-0.3744486375843349,0.050554537486061424,1.2717988986409308,-1.0318557299675197,-0.0434859789087668,-0.18593585110613037,Placed,0.2930610021881282,1,1
-1.167958699244557,-1.5104101963200112,0.09326023857568026,0.09119891761650768,-0.0434859789087668,-0.4341671428491004,NotPlaced,-0.41425758145268365,0,0
-0.21574662525229105,0.050554537486061424,-1.0852784214895703,-1.0318557299675197,0.8565096864690933,-0.4341671428491004,NotPlaced,-1.121576165093496,0,1
0.260359411743842,1.611519271292134,1.2717988986409308,1.2142535652005348,0.8565096864690933,1.0552206076087132,Placed,1.8845278153799556,1,1
0.260359411743842,-1.5104101963200112,-1.0852784214895703,-1.0318557299675197,0.34222644911031613,-0.9306297263350372,Placed,-1.6520651028241051,1,0
-0.3744486375843349,0.050554537486061424,0.09326023857568026,-1.0318557299675197,-1.0720524536263212,0.31052673237980744,NotPlaced,-0.41425758145268365,0,1
1.3712734980681531,1.611519271292134,-1.0852784214895703,0.09119891761650768,-0.0434859789087668,0.31052673237980744,Placed,-0.06059828963227817,1,1
0.8951674610720188,0.050554537486061424,1.2717988986409308,-1.0318557299675197,-0.1720567882484611,0.06229544063683744,NotPlaced,0.2930610021881282,0,1
-0.21574662525229105,1.611519271292134,1.2717988986409308,-1.0318557299675197,1.2422221144881762,0.8069893158657431,NotPlaced,0.8235499399187379,0,1
0.10165739941179809,-1.5104101963200112,-1.0852784214895703,0.09119891761650768,-1.5863356909850983,-2.1717861850498807,NotPlaced,-1.121576165093496,0,0
0.10165739941179809,0.050554537486061424,1.2717988986409308,0.09119891761650768,0.0850848304309275,0.31052673237980744,Placed,0.8235499399187379,1,1
1.2125714857361094,0.050554537486061424,-1.0852784214895703,0.09119891761650768,-1.457764881645404,-1.9235548933069118,NotPlaced,-0.5910872273628871,0,1
1.8473795350642876,0.050554537486061424,-1.0852784214895703,-1.0318557299675197,-1.2006232629660154,1.0552206076087132,NotPlaced,-1.121576165093496,0,1
0.577763436407931,0.050554537486061424,1.2717988986409308,1.2142535652005348,0.0850848304309275,-1.4270923098209738,Placed,1.3540388776493464,1,1
0.736465448739975,1.611519271292134,1.2717988986409308,1.2142535652005348,1.113651305148482,-0.9306297263350372,NotPlaced,1.8845278153799556,0,1
0.4190614240758872,0.050554537486061424,1.2717988986409308,-1.0318557299675197,0.4707972584500104,0.5587580241227753,NotPlaced,0.2930610021881282,0,1
1.2125714857361094,1.611519271292134,1.2717988986409308,1.2142535652005348,1.2422221144881762,1.3034518993516808,Placed,1.8845278153799556,1,1
0.8951674610720188,0.050554537486061424,0.09326023857568026,1.2142535652005348,-0.1720567882484611,-0.18593585110613037,Placed,0.6467202940085341,1,1
-0.21574662525229105,0.050554537486061424,1.2717988986409308,0.09119891761650768,0.727938877129399,-0.6823984345920682,Placed,0.8235499399187379,1,1
0.736465448739975,-1.5104101963200112,0.09326023857568026,2.337308212784562,-0.8149108349469326,-2.6682487685358174,Placed,0.6467202940085341,1,0
2.164783559728375,1.611519271292134,1.2717988986409308,1.2142535652005348,0.727938877129399,0.31052673237980744,NotPlaced,1.8845278153799556,0,1
0.577763436407931,-1.5104101963200112,1.2717988986409308,1.2142535652005348,0.2136556397706218,-0.4341671428491004,Placed,0.8235499399187379,1,0
-1.6440647362406915,-1.5104101963200112,-1.0852784214895703,0.09119891761650768,-0.8149108349469326,-0.4341671428491004,NotPlaced,-1.121576165093496,0,0
-1.4853627239086462,0.050554537486061424,0.09326023857568026,-1.0318557299675197,-0.1720567882484611,0.31052673237980744,NotPlaced,-0.41425758145268365,0,1
0.260359411743842,-1.5104101963200112,1.2717988986409308,2.337308212784562,0.8565096864690933,1.3034518993516808,Placed,1.3540388776493464,1,0
-0.3744486375843349,0.050554537486061424,1.2717988986409308,-1.0318557299675197,-0.3006275975881554,0.31052673237980744,NotPlaced,0.2930610021881282,0,1
1.529975510400197,0.050554537486061424,0.09326023857568026,1.2142535652005348,1.4993637331675649,0.5587580241227753,NotPlaced,0.6467202940085341,0,1
0.8951674610720188,-1.5104101963200112,1.2717988986409308,2.337308212784562,1.4993637331675649,1.0552206076087132,Placed,1.3540388776493464,1,0
-1.4853627239086462,-1.5104101963200112,-1.0852784214895703,-1.0318557299675197,-0.943481644286627,0.06229544063683744,NotPlaced,-1.6520651028241051,0,0
-0.21574662525229105,0.050554537486061424,-1.0852784214895703,0.09119891761650768,0.727938877129399,0.31052673237980744,Placed,-0.5910872273628871,1,1
0.577763436407931,1.611519271292134,-1.0852784214895703,1.2142535652005348,-0.1720567882484611,0.31052673237980744,NotPlaced,0.46989064809833114,0,1
-1.167958699244557,0.050554537486061424,0.09326023857568026,1.2142535652005348,-0.1720567882484611,-0.6823984345920682,NotPlaced,0.6467202940085341,0,1
1.2125714857361094,0.050554537486061424,-1.0852784214895703,0.09119891761650768,-1.0720524536263212,-1.4270923098209738,NotPlaced,-0.5910872273628871,0,1
0.577763436407931,-1.5104101963200112,-1.0852784214895703,2.337308212784562,1.4993637331675649,1.3034518993516808,Placed,-0.06059828963227817,1,0
-0.057044612920247185,1.611519271292134,-1.0852784214895703,0.09119891761650768,0.8565096864690933,0.31052673237980744,NotPlaced,-0.06059828963227817,0,1
-0.057044612920247185,1.611519271292134,-1.0852784214895703,-1.0318557299675197,-0.6863400256072383,-0.6823984345920682,Placed,-0.5910872273628871,1,1
0.8951674610720188,0.050554537486061424,-2.2638170815548206,1.2142535652005348,1.4993637331675649,1.0552206076087132,Placed,-0.7679168732730902,1,1
-0.057044612920247185,0.050554537486061424,-1.0852784214895703,1.2142535652005348,0.34222644911031613,-0.9306297263350372,NotPlaced,-0.060598289632277744,0,1
0.4190614240758872,0.050554537486061424,0.09326023857568026,-1.0318557299675197,0.727938877129399,-0.4341671428491004,Placed,-0.41425758145268365,1,1
1.2125714857361094,-1.5104101963200112,1.2717988986409308,-1.0318557299675197,-0.1720567882484611,0.8069893158657431,Placed,-0.2374279355424807,1,0
-0.8505546745804693,0.050554537486061424,0.09326023857568026,-1.0318557299675197,-0.3006275975881554,-0.4341671428491004,NotPlaced,-0.41425758145268365,0,1
0.736465448739975,-1.5104101963200112,1.2717988986409308,1.2142535652005348,1.3707929238278704,1.3034518993516808,Placed,0.8235499399187379,1,0
0.577763436407931,0.050554537486061424,-1.0852784214895703,1.2142535652005348,0.0850848304309275,0.8069893158657431,NotPlaced,-0.060598289632277744,0,1
-1.6440647362406915,0.050554537486061424,-1.0852784214895703,-1.0318557299675197,-0.1720567882484611,0.5587580241227753,NotPlaced,-1.121576165093496,0,1
0.8951674610720188,0.050554537486061424,1.2717988986409308,0.09119891761650768,-0.0434859789087668,-0.6823984345920682,Placed,0.8235499399187379,1,1
-0.3744486375843349,0.050554537486061424,-1.0852784214895703,0.09119891761650768,0.2136556397706218,-1.6753236015639428,NotPlaced,-0.5910872273628871,0,1
1.3712734980681531,1.611519271292134,1.2717988986409308,1.2142535652005348,1.2422221144881762,0.8069893158657431,Placed,1.8845278153799556,1,1
0.4190614240758872,0.050554537486061424,-1.0852784214895703,-1.0318557299675197,-2.22918973768357,0.31052673237980744,NotPlaced,-1.121576165093496,0,1
1.529975510400197,-1.5104101963200112,-1.0852784214895703,0.09119891761650768,1.2422221144881762,-0.18593585110613037,NotPlaced,-1.121576165093496,0,0
0.10165739941179809,0.050554537486061424,-1.0852784214895703,0.09119891761650768,0.4707972584500104,-0.6823984345920682,NotPlaced,-0.5910872273628871,0,1
-0.3744486375843349,0.050554537486061424,0.09326023857568026,0.09119891761650768,0.0850848304309275,-0.4341671428491004,NotPlaced,0.11623135627792522,0,1
1.3712734980681531,1.611519271292134,0.09326023857568026,-1.0318557299675197,0.0850848304309275,1.3034518993516808,NotPlaced,0.11623135627792522,0,1
0.260359411743842,0.050554537486061424,0.09326023857568026,0.09119891761650768,-0.557769216267544,1.3034518993516808,NotPlaced,0.11623135627792522,0,1
0.736465448739975,-1.5104101963200112,1.2717988986409308,1.2142535652005348,1.2422221144881762,1.3034518993516808,Placed,0.8235499399187379,1,0
-0.3744486375843349,0.050554537486061424,0.09326023857568026,0.09119891761650768,-1.3291940723057099,-2.1717861850498807,NotPlaced,0.11623135627792522,0,1
-0.3744486375843349,0.050554537486061424,0.09326023857568026,0.09119891761650768,-0.943481644286627,-1.9235548933069118,NotPlaced,0.11623135627792522,0,1
1.2125714857361094,1.611519271292134,1.2717988986409308,0.09119891761650768,0.8565096864690933,0.31052673237980744,Placed,1.3540388776493464,1,1
-0.3744486375843349,0.050554537486061424,0.09326023857568026,0.09119891761650768,-1.457764881645404,-1.6753236015639428,NotPlaced,0.11623135627792522,0,1
-1.8027667485727352,0.050554537486061424,1.2717988986409308,0.09119891761650768,-1.0720524536263212,-0.18593585110613037,NotPlaced,0.8235499399187379,0,1
0.10165739941179809,0.050554537486061424,0.09326023857568026,-1.0318557299675197,0.0850848304309275,-0.4341671428491004,NotPlaced,-0.41425758145268365,0,1
1.529975510400197,0.050554537486061424,0.09326023857568026,-1.0318557299675197,1.113651305148482,0.06229544063683744,NotPlaced,-0.41425758145268365,0,1
1.3712734980681531,0.050554537486061424,1.2717988986409308,-1.0318557299675197,0.5993680677897048,0.8069893158657431,Placed,0.2930610021881282,1,1
1.2125714857361094,1.611519271292134,1.2717988986409308,0.09119891761650768,0.9850804958087876,0.31052673237980744,Placed,1.3540388776493464,1,1
0.260359411743842,1.611519271292134,1.2717988986409308,2.337308212784562,0.4707972584500104,0.06229544063683744,NotPlaced,2.4150167531105646,0,1
-0.21574662525229105,0.050554537486061424,0.09326023857568026,0.09119891761650768,0.5993680677897048,0.8069893158657431,NotPlaced,0.11623135627792522,0,1
-0.057044612920247185,0.050554537486061424,1.2717988986409308,0.09119891761650768,0.34222644911031613,-0.9306297263350372,Placed,0.8235499399187379,1,1
-1.8027667485727352,0.050554537486061424,-1.0852784214895703,-1.0318557299675197,0.4707972584500104,-0.9306297263350372,NotPlaced,-1.121576165093496,0,1
-1.8027667485727352,1.611519271292134,1.2717988986409308,-1.0318557299675197,1.2422221144881762,0.5587580241227753,NotPlaced,0.8235499399187379,0,1
0.577763436407931,-1.5104101963200112,-1.0852784214895703,-1.0318557299675197,-2.3577605470232643,-0.6823984345920682,NotPlaced,-1.6520651028241051,0,0
-1.3266607115766023,1.611519271292134,0.09326023857568026,-1.0318557299675197,-0.3006275975881554,-0.18593585110613037,NotPlaced,0.11623135627792522,0,1
-1.167958699244557,0.050554537486061424,0.09326023857568026,-1.0318557299675197,-1.2006232629660154,-0.6823984345920682,NotPlaced,-0.41425758145268365,0,1
0.8951674610720188,1.611519271292134,0.09326023857568026,1.2142535652005348,1.113651305148482,0.31052673237980744,Placed,1.177209231739143,1,1
-0.3744486375843349,0.050554537486061424,-1.0852784214895703,0.09119891761650768,-1.3291940723057099,-0.4341671428491004,NotPlaced,-0.5910872273628871,0,1
0.8951674610720188,0.050554537486061424,1.2717988986409308,0.09119891761650768,0.4707972584500104,1.3034518993516808,NotPlaced,0.8235499399187379,0,1
-0.8505546745804693,0.050554537486061424,-1.0852784214895703,-1.0318557299675197,-0.1720567882484611,-0.4341671428491004,NotPlaced,-1.121576165093496,0,1
-0.691852662248424,0.050554537486061424,-1.0852784214895703,-1.0318557299675197,-0.3006275975881554,-1.9235548933069118,NotPlaced,-1.121576165093496,0,1
-1.8027667485727352,0.050554537486061424,0.09326023857568026,0.09119891761650768,0.4707972584500104,-0.6823984345920682,NotPlaced,0.11623135627792522,0,1
-0.057044612920247185,1.611519271292134,1.2717988986409308,0.09119891761650768,1.3707929238278704,0.5587580241227753,Placed,1.3540388776493464,1,1
-1.167958699244557,0.050554537486061424,-1.0852784214895703,-1.0318557299675197,-0.0434859789087668,-0.18593585110613037,Placed,-1.121576165093496,1,1
0.736465448739975,0.050554537486061424,1.2717988986409308,1.2142535652005348,1.4993637331675649,0.8069893158657431,Placed,1.3540388776493464,1,1
0.736465448739975,1.611519271292134,1.2717988986409308,1.2142535652005348,0.9850804958087876,1.0552206076087132,Placed,1.8845278153799556,1,1
0.8951674610720188,1.611519271292134,1.2717988986409308,-1.0318557299675197,-0.3006275975881554,-0.18593585110613037,Placed,0.8235499399187379,1,1
-0.057044612920247185,0.050554537486061424,0.09326023857568026,0.09119891761650768,0.4707972584500104,0.06229544063683744,NotPlaced,0.11623135627792522,0,1
-1.8027667485727352,1.611519271292134,-1.0852784214895703,-1.0318557299675197,0.9850804958087876,-2.1717861850498807,NotPlaced,-0.5910872273628871,0,1
0.260359411743842,0.050554537486061424,0.09326023857568026,1.2142535652005348,1.4993637331675649,0.06229544063683744,NotPlaced,0.6467202940085341,0,1
-0.3744486375843349,0.050554537486061424,0.09326023857568026,0.09119891761650768,-0.1720567882484611,-1.6753236015639428,NotPlaced,0.11623135627792522,0,1
0.10165739941179809,0.050554537486061424,1.2717988986409308,1.2142535652005348,0.8565096864690933,1.3034518993516808,Placed,1.3540388776493464,1,1
1.688677522732241,1.611519271292134,1.2717988986409308,1.2142535652005348,1.113651305148482,0.8069893158657431,Placed,1.8845278153799556,1,1
0.736465448739975,-1.5104101963200112,0.09326023857568026,0.09119891761650768,1.2422221144881762,1.3034518993516808,Placed,-0.41425758145268365,1,0
-1.4853627239086462,-1.5104101963200112,-1.0852784214895703,-1.0318557299675197,0.5993680677897048,0.31052673237980744,NotPlaced,-1.6520651028241051,0,0
-0.057044612920247185,0.050554537486061424,-1.0852784214895703,-1.0318557299675197,-1.843477309664487,-2.1717861850498807,NotPlaced,-1.121576165093496,0,1
0.736465448739975,0.050554537486061424,0.09326023857568026,0.09119891761650768,0.34222644911031613,1.0552206076087132,NotPlaced,0.11623135627792522,0,1
0.4190614240758872,-1.5104101963200112,0.09326023857568026,0.09119891761650768,1.113651305148482,0.31052673237980744,NotPlaced,-0.41425758145268365,0,0
0.260359411743842,1.611519271292134,1.2717988986409308,1.2142535652005348,1.113651305148482,0.5587580241227753,NotPlaced,1.8845278153799556,0,1
-1.8027667485727352,0.050554537486061424,0.09326023857568026,-1.0318557299675197,-1.2006232629660154,1.0552206076087132,NotPlaced,-0.41425758145268365,0,1
0.260359411743842,1.611519271292134,-1.0852784214895703,1.2142535652005348,1.4993637331675649,1.0552206076087132,Placed,0.46989064809833114,1,1
-1.8027667485727352,0.050554537486061424,-1.0852784214895703,0.09119891761650768,-0.3006275975881554,-0.6823984345920682,NotPlaced,-0.5910872273628871,0,1
-1.4853627239086462,0.050554537486061424,0.09326023857568026,0.09119891761650768,0.0850848304309275,-0.9306297263350372,NotPlaced,0.11623135627792522,0,1
0.4190614240758872,0.050554537486061424,0.09326023857568026,0.09119891761650768,0.34222644911031613,1.3034518993516808,NotPlaced,0.11623135627792522,0,1
0.10165739941179809,1.611519271292134,1.2717988986409308,-1.0318557299675197,-0.1720567882484611,0.8069893158657431,NotPlaced,0.8235499399187379,0,1
0.577763436407931,0.050554537486061424,-1.0852784214895703,0.09119891761650768,-1.0720524536263212,0.8069893158657431,NotPlaced,-0.5910872273628871,0,1
1.2125714857361094,-1.5104101963200112,0.09326023857568026,0.09119891761650768,0.4707972584500104,1.0552206076087132,NotPlaced,-0.41425758145268365,0,0
0.4190614240758872,0.050554537486061424,0.09326023857568026,-1.0318557299675197,0.2136556397706218,0.5587580241227753,NotPlaced,-0.41425758145268365,0,1
-0.21574662525229105,0.050554537486061424,-1.0852784214895703,-1.0318557299675197,-0.3006275975881554,1.0552206076087132,NotPlaced,-1.121576165093496,0,1
1.0538694734040654,0.050554537486061424,1.2717988986409308,1.2142535652005348,1.2422221144881762,0.31052673237980744,Placed,1.3540388776493464,1,1
-1.0092566869125132,0.050554537486061424,1.2717988986409308,0.09119891761650768,0.2136556397706218,1.3034518993516808,Placed,0.8235499399187379,1,1
-1.167958699244557,0.050554537486061424,1.2717988986409308,1.2142535652005348,0.9850804958087876,0.31052673237980744,Placed,1.3540388776493464,1,1
-1.8027667485727352,-1.5104101963200112,0.09326023857568026,-1.0318557299675197,-0.557769216267544,-0.4341671428491004,NotPlaced,-0.944746519183293,0,0
0.4190614240758872,0.050554537486061424,1.2717988986409308,0.09119891761650768,0.34222644911031613,0.5587580241227753,Placed,0.8235499399187379,1,1
-0.3744486375843349,0.050554537486061424,-1.0852784214895703,-1.0318557299675197,0.8565096864690933,-1.4270923098209738,NotPlaced,-1.121576165093496,0,1
0.577763436407931,0.050554537486061424,0.09326023857568026,0.09119891761650768,-0.6863400256072383,-1.1788610180780061,NotPlaced,0.11623135627792522,0,1
-1.4853627239086462,-1.5104101963200112,-1.0852784214895703,0.09119891761650768,-0.8149108349469326,0.5587580241227753,Placed,-1.121576165093496,1,0
-0.21574662525229105,0.050554537486061424,1.2717988986409308,1.2142535652005348,0.2136556397706218,0.8069893158657431,Placed,1.3540388776493464,1,1
-0.21574662525229105,0.050554537486061424,-1.0852784214895703,2.337308212784562,-0.557769216267544,0.8069893158657431,Placed,0.46989064809833114,1,1
1.0538694734040654,0.050554537486061424,0.09326023857568026,-1.0318557299675197,0.34222644911031613,-0.4341671428491004,NotPlaced,-0.41425758145268365,0,1
0.736465448739975,-1.5104101963200112,0.09326023857568026,-1.0318557299675197,0.34222644911031613,1.3034518993516808,NotPlaced,-0.944746519183293,0,0
0.10165739941179809,0.050554537486061424,0.09326023857568026,0.09119891761650768,0.34222644911031613,-1.6753236015639428,Placed,0.11623135627792522,1,1
-1.4853627239086462,0.050554537486061424,0.09326023857568026,0.09119891761650768,-1.843477309664487,-1.1788610180780061,NotPlaced,0.11623135627792522,0,1
0.10165739941179809,1.611519271292134,0.09326023857568026,-1.0318557299675197,-0.4291984069278497,0.5587580241227753,NotPlaced,0.11623135627792522,0,1
1.2125714857361094,-1.5104101963200112,0.09326023857568026,-1.0318557299675197,-0.943481644286627,-1.1788610180780061,NotPlaced,-0.944746519183293,0,0
-1.0092566869125132,0.050554537486061424,-1.0852784214895703,-1.0318557299675197,-1.7149065003247927,0.8069893158657431,NotPlaced,-1.121576165093496,0,1
0.10165739941179809,0.050554537486061424,0.09326023857568026,-1.0318557299675197,1.2422221144881762,-0.4341671428491004,NotPlaced,-0.41425758145268365,0,1
0.8951674610720188,0.050554537486061424,1.2717988986409308,1.2142535652005348,1.113651305148482,1.0552206076087132,Placed,1.3540388776493464,1,1
-0.3744486375843349,0.050554537486061424,-1.0852784214895703,-1.0318557299675197,-2.3577605470232643,0.06229544063683744,Placed,-1.121576165093496,1,1
-0.21574662525229105,0.050554537486061424,0.09326023857568026,-1.0318557299675197,0.0850848304309275,-0.18593585110613037,NotPlaced,-0.41425758145268365,0,1
0.736465448739975,1.611519271292134,0.09326023857568026,-1.0318557299675197,1.4993637331675649,1.3034518993516808,NotPlaced,0.11623135627792522,0,1
-1.8027667485727352,0.050554537486061424,0.09326023857568026,0.09119891761650768,-1.2006232629660154,0.06229544063683744,NotPlaced,0.11623135627792522,0,1
1.0538694734040654,1.611519271292134,0.09326023857568026,1.2142535652005348,-0.4291984069278497,-1.1788610180780061,NotPlaced,1.177209231739143,0,1
-0.3744486375843349,0.050554537486061424,-1.0852784214895703,-1.0318557299675197,-1.457764881645404,-0.18593585110613037,Placed,-1.121576165093496,1,1
0.577763436407931,0.050554537486061424,0.09326023857568026,0.09119891761650768,1.2422221144881762,-1.6753236015639428,NotPlaced,0.11623135627792522,0,1
-0.21574662525229105,-1.5104101963200112,0.09326023857568026,0.09119891761650768,-1.457764881645404,0.31052673237980744,NotPlaced,-0.41425758145268365,0,0
1.3712734980681531,0.050554537486061424,1.2717988986409308,1.2142535652005348,1.113651305148482,0.31052673237980744,Placed,1.3540388776493464,1,1
-1.8027667485727352,0.050554537486061424,-1.0852784214895703,-1.0318557299675197,-1.843477309664487,-1.4270923098209738,NotPlaced,-1.121576165093496,0,1
1.3712734980681531,0.050554537486061424,1.2717988986409308,1.2142535652005348,1.4993637331675649,0.06229544063683744,Placed,1.3540388776493464,1,1
-0.8505546745804693,-1.5104101963200112,-1.0852784214895703,-1.0318557299675197,-1.0720524536263212,-1.1788610180780061,NotPlaced,-1.6520651028241051,0,0
0.8951674610720188,0.050554537486061424,1.2717988986409308,1.2142535652005348,0.8565096864690933,0.8069893158657431,NotPlaced,1.3540388776493464,0,1
-1.0092566869125132,-1.5104101963200112,-1.0852784214895703,1.2142535652005348,0.9850804958087876,1.0552206076087132,Placed,-0.5910872273628871,1,0
-1.8027667485727352,-1.5104101963200112,-1.0852784214895703,1.2142535652005348,-0.3006275975881554,-0.4341671428491004,NotPlaced,-0.5910872273628871,0,0
0.260359411743842,-1.5104101963200112,-1.0852784214895703,-1.0318557299675197,-1.457764881645404,-0.4341671428491004,NotPlaced,-1.6520651028241051,0,0
0.260359411743842,-1.5104101963200112,1.2717988986409308,0.09119891761650768,1.4993637331675649,1.0552206076087132,Placed,0.2930610021881282,1,0
0.260359411743842,0.050554537486061424,0.09326023857568026,1.2142535652005348,0.5993680677897048,1.0552206076087132,Placed,0.6467202940085341,1,1
-1.4853627239086462,0.050554537486061424,-1.0852784214895703,0.09119891761650768,-1.0720524536263212,-0.6823984345920682,NotPlaced,-0.5910872273628871,0,1
1.3712734980681531,-1.5104101963200112,-1.0852784214895703,-1.0318557299675197,-0.6863400256072383,0.06229544063683744,NotPlaced,-1.6520651028241051,0,0
-0.21574662525229105,0.050554537486061424,-1.0852784214895703,0.09119891761650768,-0.3006275975881554,0.5587580241227753,NotPlaced,-0.5910872273628871,0,1
-1.0092566869125132,-1.5104101963200112,1.2717988986409308,1.2142535652005348,1.4993637331675649,-0.4341671428491004,NotPlaced,0.8235499399187379,0,0
-0.3744486375843349,0.050554537486061424,0.09326023857568026,0.09119891761650768,0.9850804958087876,0.5587580241227753,NotPlaced,0.11623135627792522,0,1
0.8951674610720188,1.611519271292134,1.2717988986409308,-1.0318557299675197,1.113651305148482,0.06229544063683744,Placed,0.8235499399187379,1,1
0.8951674610720188,-1.5104101963200112,1.2717988986409308,-1.0318557299675197,1.4993637331675649,0.06229544063683744,NotPlaced,-0.2374279355424807,0,0
-0.057044612920247185,0.050554537486061424,-1.0852784214895703,0.09119891761650768,-0.943481644286627,-1.1788610180780061,NotPlaced,-0.5910872273628871,0,1
-1.3266607115766023,-1.5104101963200112,-1.0852784214895703,-1.0318557299675197,-0.8149108349469326,-0.18593585110613037,NotPlaced,-1.6520651028241051,0,0
0.577763436407931,1.611519271292134,1.2717988986409308,-1.0318557299675197,0.5993680677897048,-0.4341671428491004,NotPlaced,0.8235499399187379,0,1
-0.3744486375843349,0.050554537486061424,-1.0852784214895703,-1.0318557299675197,-0.1720567882484611,-1.1788610180780061,NotPlaced,-1.121576165093496,0,1
0.10165739941179809,0.050554537486061424,0.09326023857568026,0.09119891761650768,-0.557769216267544,0.8069893158657431,Placed,0.11623135627792522,1,1
-1.4853627239086462,0.050554537486061424,-1.0852784214895703,-1.0318557299675197,0.4707972584500104,-0.9306297263350372,Placed,-1.121576165093496,1,1
-0.057044612920247185,0.050554537486061424,1.2717988986409308,-1.0318557299675197,0.727938877129399,-0.4341671428491004,NotPlaced,0.2930610021881282,0,1
-0.21574662525229105,0.050554537486061424,1.2717988986409308,-1.0318557299675197,0.8565096864690933,0.8069893158657431,Placed,0.2930610021881282,1,1
0.577763436407931,-1.5104101963200112,1.2717988986409308,1.2142535652005348,1.4993637331675649,1.3034518993516808,Placed,0.8235499399187379,1,0
1.0538694734040654,1.611519271292134,-1.0852784214895703,1.2142535652005348,-0.8149108349469326,-0.6823984345920682,NotPlaced,0.46989064809833114,0,1
1.2125714857361094,0.050554537486061424,0.09326023857568026,0.09119891761650768,0.5993680677897048,-1.4270923098209738,NotPlaced,0.11623135627792522,0,1
-1.8027667485727352,0.050554537486061424,1.2717988986409308,0.09119891761650768,0.9850804958087876,0.5587580241227753,Placed,0.8235499399187379,1,1
0.260359411743842,-1.5104101963200112,0.09326023857568026,-1.0318557299675197,0.9850804958087876,-1.9235548933069118,NotPlaced,-0.944746519183293,0,0
0.260359411743842,-1.5104101963200112,1.2717988986409308,1.2142535652005348,-0.1720567882484611,-0.18593585110613037,NotPlaced,0.8235499399187379,0,0
0.4190614240758872,1.611519271292134,1.2717988986409308,-1.0318557299675197,0.34222644911031613,-1.6753236015639428,Placed,0.8235499399187379,1,1
1.0538694734040654,0.050554537486061424,1.2717988986409308,1.2142535652005348,1.3707929238278704,1.0552206076087132,NotPlaced,1.3540388776493464,0,1
0.736465448739975,0.050554537486061424,-1.0852784214895703,0.09119891761650768,0.5993680677897048,1.0552206076087132,NotPlaced,-0.5910872273628871,0,1
0.260359411743842,0.050554537486061424,-1.0852784214895703,-1.0318557299675197,-2.22918973768357,-0.4341671428491004,NotPlaced,-1.121576165093496,0,1
-0.3744486375843349,0.050554537486061424,-1.0852784214895703,-1.0318557299675197,-0.8149108349469326,-0.6823984345920682,NotPlaced,-1.121576165093496,0,1
-0.3744486375843349,0.050554537486061424,0.09326023857568026,-1.0318557299675197,0.2136556397706218,-0.18593585110613037,Placed,-0.41425758145268365,1,1
-0.21574662525229105,0.050554537486061424,0.09326023857568026,0.09119891761650768,-0.3006275975881554,-0.4341671428491004,NotPlaced,0.11623135627792522,0,1
-0.057044612920247185,1.611519271292134,1.2717988986409308,-1.0318557299675197,1.2422221144881762,0.31052673237980744,Placed,0.8235499399187379,1,1
-0.21574662525229105,0.050554537486061424,0.09326023857568026,1.2142535652005348,0.9850804958087876,-1.6753236015639428,Placed,0.6467202940085341,1,1
-1.8027667485727352,0.050554537486061424,-1.0852784214895703,-1.0318557299675197,-0.4291984069278497,-0.9306297263350372,NotPlaced,-1.121576165093496,0,1
-0.3744486375843349,0.050554537486061424,-1.0852784214895703,-1.0318557299675197,-0.0434859789087668,1.3034518993516808,Placed,-1.121576165093496,1,1
1.2125714857361094,0.050554537486061424,1.2717988986409308,0.09119891761650768,0.9850804958087876,0.5587580241227753,NotPlaced,0.8235499399187379,0,1
-1.8027667485727352,-1.5104101963200112,0.09326023857568026,0.09119891761650768,-1.7149065003247927,-0.18593585110613037,NotPlaced,-0.41425758145268365,0,0
-1.167958699244557,1.611519271292134,1.2717988986409308,-1.0318557299675197,-0.0434859789087668,-0.18593585110613037,Placed,0.8235499399187379,1,1
1.3712734980681531,0.050554537486061424,1.2717988986409308,0.09119891761650768,1.3707929238278704,0.8069893158657431,NotPlaced,0.8235499399187379,0,1
-0.3744486375843349,0.050554537486061424,0.09326023857568026,0.09119891761650768,1.4993637331675649,0.06229544063683744,NotPlaced,0.11623135627792522,0,1
0.8951674610720188,-1.5104101963200112,1.2717988986409308,1.2142535652005348,1.4993637331675649,-0.18593585110613037,NotPlaced,0.8235499399187379,0,0
0.260359411743842,-1.5104101963200112,-1.0852784214895703,0.09119891761650768,-1.0720524536263212,-1.1788610180780061,NotPlaced,-1.121576165093496,0,0
1.8473795350642876,0.050554537486061424,0.09326023857568026,-1.0318557299675197,-0.3006275975881554,-0.18593585110613037,NotPlaced,-0.41425758145268365,0,1
-0.5331506499163802,0.050554537486061424,0.09326023857568026,-1.0318557299675197,-0.943481644286627,0.31052673237980744,NotPlaced,-0.41425758145268365,0,1
0.736465448739975,0.050554537486061424,-1.0852784214895703,-1.0318557299675197,-0.1720567882484611,1.3034518993516808,Placed,-1.121576165093496,1,1
-0.057044612920247185,0.050554537486061424,0.09326023857568026,-1.0318557299675197,0.34222644911031613,1.0552206076087132,NotPlaced,-0.41425758145268365,0,1
-0.057044612920247185,0.050554537486061424,-1.0852784214895703,-1.0318557299675197,0.5993680677897048,1.3034518993516808,NotPlaced,-1.121576165093496,0,1
-1.4853627239086462,0.050554537486061424,-1.0852784214895703,-1.0318557299675197,-1.0720524536263212,-1.6753236015639428,NotPlaced,-1.121576165093496,0,1
0.10165739941179809,0.050554537486061424,-1.0852784214895703,-1.0318557299675197,-0.557769216267544,-0.4341671428491004,Placed,-1.121576165093496,1,1
-0.21574662525229105,0.050554537486061424,-1.0852784214895703,0.09119891761650768,-1.457764881645404,-1.1788610180780061,NotPlaced,-0.5910872273628871,0,1
-1.8027667485727352,0.050554537486061424,-1.0852784214895703,2.337308212784562,1.113651305148482,-0.18593585110613037,Placed,0.46989064809833114,1,1
-0.21574662525229105,-1.5104101963200112,-1.0852784214895703,0.09119891761650768,-0.4291984069278497,0.06229544063683744,NotPlaced,-1.121576165093496,0,0
-1.8027667485727352,0.050554537486061424,1.2717988986409308,-1.0318557299675197,0.2136556397706218,-1.4270923098209738,NotPlaced,0.2930610021881282,0,1
0.10165739941179809,-1.5104101963200112,-1.0852784214895703,-1.0318557299675197,0.0850848304309275,1.3034518993516808,NotPlaced,-1.6520651028241051,0,0
-0.3744486375843349,0.050554537486061424,-1.0852784214895703,0.09119891761650768,-1.0720524536263212,-1.4270923098209738,NotPlaced,-0.5910872273628871,0,1
0.736465448739975,1.611519271292134,0.09326023857568026,0.09119891761650768,-0.4291984069278497,-1.1788610180780061,NotPlaced,0.6467202940085345,0,1
-1.3266607115766023,-1.5104101963200112,1.2717988986409308,0.09119891761650768,0.4707972584500104,-0.18593585110613037,NotPlaced,0.2930610021881282,0,0
1.2125714857361094,-1.5104101963200112,0.09326023857568026,2.337308212784562,0.727938877129399,0.31052673237980744,Placed,0.6467202940085341,1,0
-1.3266607115766023,1.611519271292134,1.2717988986409308,-1.0318557299675197,0.2136556397706218,0.31052673237980744,Placed,0.8235499399187379,1,1
0.8951674610720188,1.611519271292134,-1.0852784214895703,-1.0318557299675197,0.4707972584500104,1.0552206076087132,Placed,-0.5910872273628871,1,1
-1.8027667485727352,0.050554537486061424,-1.0852784214895703,0.09119891761650768,-0.6863400256072383,0.5587580241227753,NotPlaced,-0.5910872273628871,0,1
-1.3266607115766023,0.050554537486061424,-1.0852784214895703,0.09119891761650768,-2.22918973768357,-1.9235548933069118,NotPlaced,-0.5910872273628871,0,1
-0.3744486375843349,0.050554537486061424,1.2717988986409308,1.2142535652005348,-0.6863400256072383,-0.4341671428491004,Placed,1.3540388776493464,1,1
-0.8505546745804693,-1.5104101963200112,-1.0852784214895703,-1.0318557299675197,-1.0720524536263212,0.31052673237980744,NotPlaced,-1.6520651028241051,0,0
-0.5331506499163802,0.050554537486061424,-1.0852784214895703,1.2142535652005348,-0.3006275975881554,0.06229544063683744,Placed,-0.060598289632277744,1,1
0.8951674610720188,1.611519271292134,1.2717988986409308,1.2142535652005348,-0.3006275975881554,1.3034518993516808,NotPlaced,1.8845278153799556,0,1
0.260359411743842,0.050554537486061424,-1.0852784214895703,0.09119891761650768,-0.1720567882484611,-0.4341671428491004,NotPlaced,-0.5910872273628871,0,1
0.4190614240758872,0.050554537486061424,1.2717988986409308,0.09119891761650768,-0.1720567882484611,0.06229544063683744,Placed,0.8235499399187379,1,1
-0.8505546745804693,0.050554537486061424,0.09326023857568026,1.2142535652005348,0.4707972584500104,0.06229544063683744,NotPlaced,0.6467202940085341,0,1
-1.4853627239086462,1.611519271292134,-1.0852784214895703,0.09119891761650768,-0.4291984069278497,0.8069893158657431,NotPlaced,-0.06059828963227817,0,1
-1.167958699244557,-1.5104101963200112,-1.0852784214895703,-1.0318557299675197,-0.8149108349469326,0.8069893158657431,NotPlaced,-1.6520651028241051,0,0
0.10165739941179809,0.050554537486061424,-1.0852784214895703,-1.0318557299675197,-0.0434859789087668,0.06229544063683744,Placed,-1.121576165093496,1,1
-0.057044612920247185,0.050554537486061424,-1.0852784214895703,0.09119891761650768,0.2136556397706218,-1.6753236015639428,NotPlaced,-0.5910872273628871,0,1
-0.21574662525229105,0.050554537486061424,-1.0852784214895703,-1.0318557299675197,-1.5863356909850983,-1.1788610180780061,NotPlaced,-1.121576165093496,0,1
-0.21574662525229105,0.050554537486061424,-1.0852784214895703,0.09119891761650768,0.2136556397706218,0.8069893158657431,NotPlaced,-0.5910872273628871,0,1
-1.6440647362406915,0.050554537486061424,1.2717988986409308,-1.0318557299675197,0.34222644911031613,0.31052673237980744,NotPlaced,0.2930610021881282,0,1
-1.4853627239086462,-1.5104101963200112,0.09326023857568026,0.09119891761650768,0.0850848304309275,-2.4200174767928493,NotPlaced,-0.41425758145268365,0,0
-0.5331506499163802,0.050554537486061424,0.09326023857568026,0.09119891761650768,-0.4291984069278497,0.8069893158657431,NotPlaced,0.11623135627792522,0,1
-0.3744486375843349,0.050554537486061424,0.09326023857568026,2.337308212784562,0.5993680677897048,1.0552206076087132,Placed,1.177209231739143,1,1
-0.3744486375843349,0.050554537486061424,-1.0852784214895703,0.09119891761650768,0.0850848304309275,0.31052673237980744,NotPlaced,-0.5910872273628871,0,1
0.10165739941179809,-1.5104101963200112,0.09326023857568026,-1.0318557299675197,1.4993637331675649,0.31052673237980744,Placed,-0.944746519183293,1,0
0.8951674610720188,1.611519271292134,1.2717988986409308,1.2142535652005348,1.2422221144881762,0.5587580241227753,Placed,1.8845278153799556,1,1
0.10165739941179809,-1.5104101963200112,1.2717988986409308,0.09119891761650768,0.2136556397706218,0.06229544063683744,NotPlaced,0.2930610021881282,0,0
1.8473795350642876,0.050554537486061424,1.2717988986409308,1.2142535652005348,-0.557769216267544,0.06229544063683744,Placed,1.3540388776493464,1,1
0.4190614240758872,1.611519271292134,1.2717988986409308,1.2142535652005348,0.727938877129399,-0.6823984345920682,NotPlaced,1.8845278153799556,0,1
-0.057044612920247185,0.050554537486061424,0.09326023857568026,1.2142535652005348,-0.4291984069278497,0.8069893158657431,NotPlaced,0.6467202940085341,0,1
-0.3744486375843349,0.050554537486061424,-2.2638170815548206,0.09119891761650768,-1.457764881645404,-1.6753236015639428,NotPlaced,-1.298405811003699,0,1
-1.6440647362406915,-1.5104101963200112,-1.0852784214895703,-1.0318557299675197,-1.2006232629660154,0.5587580241227753,NotPlaced,-1.6520651028241051,0,0
-1.3266607115766023,0.050554537486061424,0.09326023857568026,-1.0318557299675197,-0.557769216267544,-0.9306297263350372,NotPlaced,-0.41425758145268365,0,1
0.8951674610720188,0.050554537486061424,-1.0852784214895703,0.09119891761650768,0.4707972584500104,-0.4341671428491004,NotPlaced,-0.5910872273628871,0,1
-0.691852662248424,1.611519271292134,1.2717988986409308,1.2142535652005348,0.727938877129399,-0.6823984345920682,Placed,1.8845278153799556,1,1
-1.6440647362406915,0.050554537486061424,-1.0852784214895703,0.09119891761650768,-1.3291940723057099,-2.4200174767928493,NotPlaced,-0.5910872273628871,0,1
-1.8027667485727352,-1.5104101963200112,-1.0852784214895703,2.337308212784562,-0.3006275975881554,0.31052673237980744,NotPlaced,-0.06059828963227817,0,0
1.0538694734040654,0.050554537486061424,0.09326023857568026,1.2142535652005348,1.3707929238278704,1.3034518993516808,Placed,0.6467202940085341,1,1
0.260359411743842,0.050554537486061424,0.09326023857568026,2.337308212784562,1.113651305148482,0.31052673237980744,NotPlaced,1.177209231739143,0,1
1.0538694734040654,0.050554537486061424,-1.0852784214895703,0.09119891761650768,-0.943481644286627,1.3034518993516808,NotPlaced,-0.5910872273628871,0,1
0.577763436407931,1.611519271292134,1.2717988986409308,1.2142535652005348,1.3707929238278704,1.3034518993516808,Placed,1.8845278153799556,1,1
0.10165739941179809,0.050554537486061424,-1.0852784214895703,-1.0318557299675197,-1.7149065003247927,-0.9306297263350372,NotPlaced,-1.121576165093496,0,1
2.164783559728375,1.611519271292134,1.2717988986409308,1.2142535652005348,1.4993637331675649,1.3034518993516808,Placed,1.8845278153799556,1,1
0.4190614240758872,0.050554537486061424,-1.0852784214895703,-1.0318557299675197,-0.8149108349469326,-1.6753236015639428,NotPlaced,-1.121576165093496,0,1
-0.057044612920247185,-1.5104101963200112,-1.0852784214895703,0.09119891761650768,-1.5863356909850983,-0.18593585110613037,NotPlaced,-1.121576165093496,0,0
-0.057044612920247185,0.050554537486061424,0.09326023857568026,-1.0318557299675197,-0.943481644286627,1.3034518993516808,NotPlaced,-0.41425758145268365,0,1
-0.3744486375843349,0.050554537486061424,1.2717988986409308,-1.0318557299675197,0.34222644911031613,-1.4270923098209738,NotPlaced,0.2930610021881282,0,1
0.577763436407931,-1.5104101963200112,0.09326023857568026,-1.0318557299675197,-0.3006275975881554,0.8069893158657431,Placed,-0.944746519183293,1,0
0.10165739941179809,0.050554537486061424,0.09326023857568026,-1.0318557299675197,0.2136556397706218,-0.4341671428491004,NotPlaced,-0.41425758145268365,0,1
-0.21574662525229105,-1.5104101963200112,-1.0852784214895703,0.09119891761650768,-1.0720524536263212,0.5587580241227753,NotPlaced,-1.121576165093496,0,0
0.736465448739975,0.050554537486061424,0.09326023857568026,-1.0318557299675197,0.727938877129399,0.31052673237980744,NotPlaced,-0.41425758145268365,0,1
-1.8027667485727352,0.050554537486061424,-1.0852784214895703,-1.0318557299675197,1.113651305148482,0.06229544063683744,NotPlaced,-1.121576165093496,0,1
0.8951674610720188,-1.5104101963200112,1.2717988986409308,0.09119891761650768,1.4993637331675649,1.3034518993516808,Placed,0.2930610021881282,1,0
-1.4853627239086462,-1.5104101963200112,-1.0852784214895703,0.09119891761650768,0.34222644911031613,-0.4341671428491004,NotPlaced,-1.121576165093496,0,0
0.10165739941179809,0.050554537486061424,1.2717988986409308,1.2142535652005348,1.4993637331675649,0.31052673237980744,Placed,1.3540388776493464,1,1
-0.057044612920247185,0.050554537486061424,0.09326023857568026,-1.0318557299675197,0.5993680677897048,0.8069893158657431,NotPlaced,-0.41425758145268365,0,1
-0.21574662525229105,-1.5104101963200112,0.09326023857568026,0.09119891761650768,-1.0720524536263212,-1.4270923098209738,NotPlaced,-0.41425758145268365,0,0
-0.3744486375843349,0.050554537486061424,0.09326023857568026,0.09119891761650768,-1.9720481190041814,-1.6753236015639428,NotPlaced,0.11623135627792522,0,1
-1.6440647362406915,-1.5104101963200112,1.2717988986409308,-1.0318557299675197,0.8565096864690933,1.0552206076087132,Placed,-0.2374279355424807,1,0
-0.21574662525229105,0.050554537486061424,0.09326023857568026,-1.0318557299675197,0.0850848304309275,0.31052673237980744,NotPlaced,-0.41425758145268365,0,1
-1.8027667485727352,-1.5104101963200112,-1.0852784214895703,0.09119891761650768,-0.4291984069278497,0.5587580241227753,NotPlaced,-1.121576165093496,0,0
-0.21574662525229105,0.050554537486061424,-1.0852784214895703,0.09119891761650768,-0.8149108349469326,0.5587580241227753,NotPlaced,-0.5910872273628871,0,1
0.736465448739975,1.611519271292134,1.2717988986409308,0.09119891761650768,1.4993637331675649,0.31052673237980744,Placed,1.3540388776493464,1,1
0.8951674610720188,0.050554537486061424,-1.0852784214895703,0.09119891761650768,-1.5863356909850983,-1.6753236015639428,NotPlaced,-0.5910872273628871,0,1
-0.057044612920247185,0.050554537486061424,1.2717988986409308,1.2142535652005348,0.5993680677897048,0.5587580241227753,NotPlaced,1.3540388776493464,0,1
1.0538694734040654,0.050554537486061424,0.09326023857568026,0.09119891761650768,0.2136556397706218,1.0552206076087132,NotPlaced,0.11623135627792522,0,1
-1.8027667485727352,0.050554537486061424,-1.0852784214895703,0.09119891761650768,-0.4291984069278497,0.5587580241227753,NotPlaced,-0.5910872273628871,0,1
0.736465448739975,1.611519271292134,1.2717988986409308,1.2142535652005348,1.4993637331675649,-0.4341671428491004,Placed,1.8845278153799556,1,1
1.3712734980681531,0.050554537486061424,1.2717988986409308,-1.0318557299675197,0.34222644911031613,1.3034518993516808,Placed,0.2930610021881282,1,1
0.10165739941179809,-1.5104101963200112,-1.0852784214895703,-1.0318557299675197,-1.7149065003247927,0.8069893158657431,NotPlaced,-1.6520651028241051,0,0
-0.3744486375843349,0.050554537486061424,-1.0852784214895703,-1.0318557299675197,-0.4291984069278497,0.06229544063683744,NotPlaced,-1.121576165093496,0,1
1.0538694734040654,0.050554537486061424,-1.0852784214895703,-1.0318557299675197,-0.4291984069278497,-0.18593585110613037,Placed,-1.121576165093496,1,1
0.4190614240758872,0.050554537486061424,-1.0852784214895703,-1.0318557299675197,0.8565096864690933,0.5587580241227753,Placed,-1.121576165093496,1,1
0.577763436407931,0.050554537486061424,0.09326023857568026,-1.0318557299675197,0.9850804958087876,1.3034518993516808,NotPlaced,-0.41425758145268365,0,1
-0.057044612920247185,0.050554537486061424,0.09326023857568026,-1.0318557299675197,-0.3006275975881554,1.3034518993516808,NotPlaced,-0.41425758145268365,0,1
0.8951674610720188,0.050554537486061424,1.2717988986409308,0.09119891761650768,0.5993680677897048,-0.4341671428491004,NotPlaced,0.8235499399187379,0,1
0.577763436407931,-1.5104101963200112,0.09326023857568026,1.2142535652005348,1.4993637331675649,1.3034518993516808,Placed,0.11623135627792522,1,0
-1.0092566869125132,0.050554537486061424,0.09326023857568026,-1.0318557299675197,-0.1720567882484611,-0.4341671428491004,NotPlaced,-0.41425758145268365,0,1
1.3712734980681531,1.611519271292134,-1.0852784214895703,-1.0318557299675197,0.0850848304309275,1.3034518993516808,Placed,-0.5910872273628871,1,1
-1.0092566869125132,-1.5104101963200112,-1.0852784214895703,-1.0318557299675197,-0.4291984069278497,-1.1788610180780061,NotPlaced,-1.6520651028241051,0,0
-1.3266607115766023,0.050554537486061424,-1.0852784214895703,-1.0318557299675197,0.4707972584500104,-1.1788610180780061,NotPlaced,-1.121576165093496,0,1
0.10165739941179809,1.611519271292134,1.2717988986409308,-1.0318557299675197,0.0850848304309275,-0.9306297263350372,Placed,0.8235499399187379,1,1
-1.167958699244557,0.050554537486061424,1.2717988986409308,-1.0318557299675197,1.4993637331675649,-1.1788610180780061,Placed,0.2930610021881282,1,1
-0.3744486375843349,0.050554537486061424,-1.0852784214895703,0.09119891761650768,-1.2006232629660154,-0.18593585110613037,NotPlaced,-0.5910872273628871,0,1
-0.057044612920247185,0.050554537486061424,-1.0852784214895703,1.2142535652005348,-0.6863400256072383,-1.6753236015639428,NotPlaced,-0.060598289632277744,0,1
0.736465448739975,1.611519271292134,1.2717988986409308,-1.0318557299675197,1.4993637331675649,1.0552206076087132,Placed,0.8235499399187379,1,1
-1.8027667485727352,0.050554537486061424,1.2717988986409308,2.337308212784562,0.0850848304309275,0.06229544063683744,Placed,1.8845278153799556,1,1
0.8951674610720188,1.611519271292134,1.2717988986409308,0.09119891761650768,0.5993680677897048,0.06229544063683744,Placed,1.3540388776493464,1,1
1.3712734980681531,0.050554537486061424,1.2717988986409308,1.2142535652005348,0.8565096864690933,0.8069893158657431,Placed,1.3540388776493464,1,1
0.10165739941179809,0.050554537486061424,-1.0852784214895703,0.09119891761650768,-1.457764881645404,0.31052673237980744,NotPlaced,-0.5910872273628871,0,1
-1.167958699244557,0.050554537486061424,0.09326023857568026,-1.0318557299675197,0.2136556397706218,-2.1717861850498807,NotPlaced,-0.41425758145268365,0,1
0.8951674610720188,1.611519271292134,0.09326023857568026,1.2142535652005348,1.113651305148482,1.3034518993516808,Placed,1.177209231739143,1,1
1.0538694734040654,0.050554537486061424,-1.0852784214895703,-1.0318557299675197,1.2422221144881762,-0.4341671428491004,NotPlaced,-1.121576165093496,0,1
0.4190614240758872,0.050554537486061424,0.09326023857568026,1.2142535652005348,-0.3006275975881554,0.5587580241227753,NotPlaced,0.6467202940085341,0,1
0.260359411743842,-1.5104101963200112,0.09326023857568026,1.2142535652005348,-0.1720567882484611,-1.6753236015639428,Placed,0.11623135627792522,1,0
-1.167958699244557,0.050554537486061424,-1.0852784214895703,-1.0318557299675197,-0.4291984069278497,-0.4341671428491004,NotPlaced,-1.121576165093496,0,1
0.577763436407931,-1.5104101963200112,1.2717988986409308,1.2142535652005348,1.113651305148482,-1.1788610180780061,Placed,0.8235499399187379,1,0
-0.8505546745804693,1.611519271292134,1.2717988986409308,1.2142535652005348,1.2422221144881762,0.5587580241227753,Placed,1.8845278153799556,1,1
-1.6440647362406915,0.050554537486061424,-1.0852784214895703,-1.0318557299675197,-0.6863400256072383,0.5587580241227753,NotPlaced,-1.121576165093496,0,1
0.736465448739975,-1.5104101963200112,0.09326023857568026,1.2142535652005348,-0.4291984069278497,0.06229544063683744,Placed,0.11623135627792522,1,0
1.0538694734040654,1.611519271292134,0.09326023857568026,1.2142535652005348,1.4993637331675649,1.0552206076087132,NotPlaced,1.177209231739143,0,1
-1.8027667485727352,0.050554537486061424,-1.0852784214895703,0.09119891761650768,-2.3577605470232643,-2.1717861850498807,NotPlaced,-0.5910872273628871,0,1
0.10165739941179809,0.050554537486061424,1.2717988986409308,-1.0318557299675197,0.0850848304309275,1.3034518993516808,NotPlaced,0.2930610021881282,0,1
-1.4853627239086462,0.050554537486061424,1.2717988986409308,-1.0318557299675197,-0.1720567882484611,-0.4341671428491004,NotPlaced,0.2930610021881282,0,1
-1.8027667485727352,0.050554537486061424,0.09326023857568026,0.09119891761650768,-0.8149108349469326,-1.9235548933069118,NotPlaced,0.11623135627792522,0,1
0.736465448739975,1.611519271292134,1.2717988986409308,1.2142535652005348,1.4993637331675649,0.5587580241227753,Placed,1.8845278153799556,1,1
0.4190614240758872,0.050554537486061424,-1.0852784214895703,-1.0318557299675197,-1.0720524536263212,0.06229544063683744,NotPlaced,-1.121576165093496,0,1
0.736465448739975,1.611519271292134,1.2717988986409308,1.2142535652005348,-0.0434859789087668,-2.1717861850498807,Placed,1.8845278153799556,1,1
-0.057044612920247185,0.050554537486061424,0.09326023857568026,0.09119891761650768,1.113651305148482,-1.1788610180780061,NotPlaced,0.11623135627792522,0,1
-0.057044612920247185,-1.5104101963200112,-1.0852784214895703,0.09119891761650768,0.0850848304309275,-1.9235548933069118,Placed,-1.121576165093496,1,0
-1.3266607115766023,0.050554537486061424,-1.0852784214895703,-1.0318557299675197,-2.3577605470232643,-1.4270923098209738,NotPlaced,-1.121576165093496,0,1
-0.3744486375843349,-1.5104101963200112,1.2717988986409308,0.09119891761650768,0.5993680677897048,0.06229544063683744,Placed,0.2930610021881282,1,0
1.0538694734040654,0.050554537486061424,1.2717988986409308,1.2142535652005348,0.0850848304309275,0.31052673237980744,Placed,1.3540388776493464,1,1
-1.4853627239086462,0.050554537486061424,-1.0852784214895703,0.09119891761650768,-1.5863356909850983,-1.9235548933069118,NotPlaced,-0.5910872273628871,0,1
-0.057044612920247185,-1.5104101963200112,-1.0852784214895703,-1.0318557299675197,-1.7149065003247927,-0.4341671428491004,NotPlaced,-1.6520651028241051,0,0
-0.3744486375843349,0.050554537486061424,0.09326023857568026,0.09119891761650768,-1.3291940723057099,-1.6753236015639428,NotPlaced,0.11623135627792522,0,1
-1.8027667485727352,-1.5104101963200112,-1.0852784214895703,0.09119891761650768,-1.0720524536263212,0.31052673237980744,NotPlaced,-1.121576165093496,0,0
-0.057044612920247185,0.050554537486061424,-1.0852784214895703,-1.0318557299675197,-1.2006232629660154,-0.9306297263350372,NotPlaced,-1.121576165093496,0,1
1.3712734980681531,-1.5104101963200112,1.2717988986409308,-1.0318557299675197,0.34222644911031613,0.31052673237980744,NotPlaced,-0.2374279355424807,0,0
1.529975510400197,1.611519271292134,0.09326023857568026,0.09119891761650768,-0.1720567882484611,0.5587580241227753,NotPlaced,0.6467202940085345,0,1
-1.8027667485727352,0.050554537486061424,-1.0852784214895703,-1.0318557299675197,0.34222644911031613,-0.18593585110613037,NotPlaced,-1.121576165093496,0,1
-0.5331506499163802,0.050554537486061424,-1.0852784214895703,-1.0318557299675197,-1.457764881645404,0.06229544063683744,NotPlaced,-1.121576165093496,0,1
-1.3266607115766023,0.050554537486061424,-1.0852784214895703,-1.0318557299675197,-0.557769216267544,-1.1788610180780061,NotPlaced,-1.121576165093496,0,1
-0.3744486375843349,0.050554537486061424,-1.0852784214895703,0.09119891761650768,-1.5863356909850983,-0.18593585110613037,NotPlaced,-0.5910872273628871,0,1
-0.5331506499163802,0.050554537486061424,-1.0852784214895703,0.09119891761650768,-0.3006275975881554,0.5587580241227753,NotPlaced,-0.5910872273628871,0,1
-0.057044612920247185,0.050554537486061424,-1.0852784214895703,0.09119891761650768,-0.0434859789087668,-0.6823984345920682,NotPlaced,-0.5910872273628871,0,1
-0.3744486375843349,-1.5104101963200112,0.09326023857568026,-1.0318557299675197,-1.7149065003247927,0.31052673237980744,NotPlaced,-0.944746519183293,0,0
1.0538694734040654,0.050554537486061424,1.2717988986409308,1.2142535652005348,-0.3006275975881554,0.5587580241227753,Placed,1.3540388776493464,1,1
0.260359411743842,0.050554537486061424,-1.0852784214895703,-1.0318557299675197,-0.943481644286627,-0.4341671428491004,Placed,-1.121576165093496,1,1
-0.057044612920247185,0.050554537486061424,1.2717988986409308,1.2142535652005348,1.4993637331675649,1.3034518993516808,NotPlaced,1.3540388776493464,0,1
2.164783559728375,-1.5104101963200112,1.2717988986409308,1.2142535652005348,0.9850804958087876,1.3034518993516808,Placed,0.8235499399187379,1,0
0.260359411743842,0.050554537486061424,1.2717988986409308,-1.0318557299675197,0.0850848304309275,1.3034518993516808,NotPlaced,0.2930610021881282,0,1
0.10165739941179809,0.050554537486061424,1.2717988986409308,2.337308212784562,1.4993637331675649,1.3034518993516808,NotPlaced,1.8845278153799556,0,1
0.577763436407931,0.050554537486061424,1.2717988986409308,1.2142535652005348,-0.8149108349469326,0.31052673237980744,Placed,1.3540388776493464,1,1
-0.691852662248424,-1.5104101963200112,0.09326023857568026,0.09119891761650768,-2.3577605470232643,-1.6753236015639428,NotPlaced,-0.41425758145268365,0,0
-0.057044612920247185,-1.5104101963200112,-1.0852784214895703,0.09119891761650768,-2.3577605470232643,-2.6682487685358174,NotPlaced,-1.121576165093496,0,0
-1.3266607115766023,0.050554537486061424,0.09326023857568026,-1.0318557299675197,-0.0434859789087668,0.06229544063683744,Placed,-0.41425758145268365,1,1
-0.5331506499163802,0.050554537486061424,0.09326023857568026,1.2142535652005348,-1.457764881645404,0.5587580241227753,NotPlaced,0.6467202940085341,0,1
0.8951674610720188,0.050554537486061424,1.2717988986409308,1.2142535652005348,0.9850804958087876,1.3034518993516808,Placed,1.3540388776493464,1,1
-0.21574662525229105,0.050554537486061424,-1.0852784214895703,-1.0318557299675197,0.34222644911031613,-0.18593585110613037,NotPlaced,-1.121576165093496,0,1
1.0538694734040654,1.611519271292134,0.09326023857568026,1.2142535652005348,-1.3291940723057099,1.3034518993516808,Placed,1.177209231739143,1,1
0.736465448739975,-1.5104101963200112,1.2717988986409308,1.2142535652005348,1.113651305148482,1.3034518993516808,Placed,0.8235499399187379,1,0
0.260359411743842,-1.5104101963200112,1.2717988986409308,-1.0318557299675197,-1.2006232629660154,-0.18593585110613037,Placed,-0.2374279355424807,1,0
1.2125714857361094,0.050554537486061424,-1.0852784214895703,1.2142535652005348,1.4993637331675649,1.3034518993516808,Placed,-0.060598289632277744,1,1
1.529975510400197,0.050554537486061424,-1.0852784214895703,1.2142535652005348,1.3707929238278704,0.06229544063683744,NotPlaced,-0.060598289632277744,0,1
-0.21574662525229105,0.050554537486061424,0.09326023857568026,0.09119891761650768,-0.0434859789087668,0.31052673237980744,NotPlaced,0.11623135627792522,0,1
0.10165739941179809,0.050554537486061424,-1.0852784214895703,1.2142535652005348,-1.2006232629660154,1.0552206076087132,NotPlaced,-0.060598289632277744,0,1
1.2125714857361094,1.611519271292134,1.2717988986409308,1.2142535652005348,0.5993680677897048,0.5587580241227753,Placed,1.8845278153799556,1,1
-0.057044612920247185,0.050554537486061424,-1.0852784214895703,-1.0318557299675197,1.3707929238278704,-0.18593585110613037,NotPlaced,-1.121576165093496,0,1
0.736465448739975,0.050554537486061424,1.2717988986409308,0.09119891761650768,-0.0434859789087668,-0.4341671428491004,NotPlaced,0.8235499399187379,0,1
1.3712734980681531,-1.5104101963200112,0.09326023857568026,-1.0318557299675197,1.3707929238278704,0.5587580241227753,NotPlaced,-0.944746519183293,0,0
0.577763436407931,-1.5104101963200112,1.2717988986409308,1.2142535652005348,1.4993637331675649,1.0552206076087132,Placed,0.8235499399187379,1,0
1.0538694734040654,1.611519271292134,1.2717988986409308,0.09119891761650768,1.2422221144881762,-1.1788610180780061,Placed,1.3540388776493464,1,1
-0.21574662525229105,0.050554537486061424,-1.0852784214895703,-1.0318557299675197,-1.0720524536263212,0.31052673237980744,NotPlaced,-1.121576165093496,0,1
-1.4853627239086462,1.611519271292134,1.2717988986409308,-1.0318557299675197,-0.3006275975881554,-0.18593585110613037,NotPlaced,0.8235499399187379,0,1
0.260359411743842,0.050554537486061424,-1.0852784214895703,0.09119891761650768,-1.9720481190041814,-0.4341671428491004,NotPlaced,-0.5910872273628871,0,1
0.8951674610720188,0.050554537486061424,0.09326023857568026,-1.0318557299675197,1.4993637331675649,0.06229544063683744,Placed,-0.41425758145268365,1,1
0.8951674610720188,0.050554537486061424,1.2717988986409308,1.2142535652005348,1.3707929238278704,1.3034518993516808,Placed,1.3540388776493464,1,1
0.10165739941179809,1.611519271292134,1.2717988986409308,1.2142535652005348,1.4993637331675649,1.3034518993516808,NotPlaced,1.8845278153799556,0,1
1.3712734980681531,-1.5104101963200112,1.2717988986409308,1.2142535652005348,0.8565096864690933,1.3034518993516808,Placed,0.8235499399187379,1,0
1.0538694734040654,0.050554537486061424,1.2717988986409308,0.09119891761650768,0.9850804958087876,0.06229544063683744,Placed,0.8235499399187379,1,1
-0.5331506499163802,0.050554537486061424,-1.0852784214895703,0.09119891761650768,-0.1720567882484611,-0.4341671428491004,NotPlaced,-0.5910872273628871,0,1
0.4190614240758872,0.050554537486061424,0.09326023857568026,1.2142535652005348,1.3707929238278704,1.3034518993516808,Placed,0.6467202940085341,1,1
-1.167958699244557,0.050554537486061424,0.09326023857568026,0.09119891761650768,-1.3291940723057099,-1.1788610180780061,NotPlaced,0.11623135627792522,0,1
0.736465448739975,0.050554537486061424,1.2717988986409308,1.2142535652005348,0.4707972584500104,1.3034518993516808,Placed,1.3540388776493464,1,1
-0.057044612920247185,0.050554537486061424,-1.0852784214895703,-1.0318557299675197,-0.8149108349469326,-0.18593585110613037,NotPlaced,-1.121576165093496,0,1
1.2125714857361094,1.611519271292134,1.2717988986409308,1.2142535652005348,1.2422221144881762,0.5587580241227753,Placed,1.8845278153799556,1,1
1.0538694734040654,1.611519271292134,-1.0852784214895703,-1.0318557299675197,0.2136556397706218,1.0552206076087132,Placed,-0.5910872273628871,1,1
-0.057044612920247185,-1.5104101963200112,-1.0852784214895703,1.2142535652005348,-0.4291984069278497,-0.18593585110613037,NotPlaced,-0.5910872273628871,0,0
1.8473795350642876,-1.5104101963200112,1.2717988986409308,-1.0318557299675197,-1.3291940723057099,-0.4341671428491004,NotPlaced,-0.2374279355424807,0,0
-1.6440647362406915,0.050554537486061424,-1.0852784214895703,0.09119891761650768,-1.5863356909850983,-0.18593585110613037,NotPlaced,-0.5910872273628871,0,1
-0.057044612920247185,0.050554537486061424,-1.0852784214895703,0.09119891761650768,0.2136556397706218,-1.4270923098209738,NotPlaced,-0.5910872273628871,0,1
1.529975510400197,0.050554537486061424,1.2717988986409308,-1.0318557299675197,0.34222644911031613,1.3034518993516808,Placed,0.2930610021881282,1,1
-0.3744486375843349,-1.5104101963200112,-1.0852784214895703,0.09119891761650768,-1.2006232629660154,-0.6823984345920682,NotPlaced,-1.121576165093496,0,0
1.0538694734040654,1.611519271292134,1.2717988986409308,1.2142535652005348,0.727938877129399,0.5587580241227753,Placed,1.8845278153799556,1,1
0.260359411743842,0.050554537486061424,0.09326023857568026,-1.0318557299675197,0.34222644911031613,-0.4341671428491004,Placed,-0.41425758145268365,1,1
-0.5331506499163802,0.050554537486061424,-1.0852784214895703,0.09119891761650768,-1.5863356909850983,-1.1788610180780061,NotPlaced,-0.5910872273628871,0,1
-0.691852662248424,0.050554537486061424,0.09326023857568026,1.2142535652005348,-0.3006275975881554,-1.6753236015639428,NotPlaced,0.6467202940085341,0,1
0.260359411743842,-1.5104101963200112,0.09326023857568026,-1.0318557299675197,-0.557769216267544,-0.18593585110613037,NotPlaced,-0.944746519183293,0,0
-1.8027667485727352,0.050554537486061424,-1.0852784214895703,0.09119891761650768,-0.8149108349469326,-1.9235548933069118,NotPlaced,-0.5910872273628871,0,1
0.577763436407931,1.611519271292134,1.2717988986409308,1.2142535652005348,0.5993680677897048,0.5587580241227753,NotPlaced,1.8845278153799556,0,1
0.4190614240758872,1.611519271292134,1.2717988986409308,1.2142535652005348,0.2136556397706218,0.31052673237980744,Placed,1.8845278153799556,1,1
0.10165739941179809,0.050554537486061424,-1.0852784214895703,0.09119891761650768,-0.943481644286627,0.06229544063683744,NotPlaced,-0.5910872273628871,0,1
-0.057044612920247185,0.050554537486061424,-1.0852784214895703,-1.0318557299675197,-0.6863400256072383,-2.916480060278785,NotPlaced,-1.121576165093496,0,1
0.4190614240758872,-1.5104101963200112,1.2717988986409308,0.09119891761650768,1.4993637331675649,0.31052673237980744,Placed,0.2930610021881282,1,0
-0.21574662525229105,-1.5104101963200112,1.2717988986409308,-1.0318557299675197,1.3707929238278704,-0.9306297263350372,Placed,-0.2374279355424807,1,0
0.577763436407931,1.611519271292134,1.2717988986409308,2.337308212784562,0.2136556397706218,1.3034518993516808,NotPlaced,2.4150167531105646,0,1
-1.167958699244557,0.050554537486061424,-1.0852784214895703,0.09119891761650768,-1.0720524536263212,0.5587580241227753,NotPlaced,-0.5910872273628871,0,1
1.0538694734040654,0.050554537486061424,-1.0852784214895703,0.09119891761650768,-0.6863400256072383,0.06229544063683744,NotPlaced,-0.5910872273628871,0,1
0.736465448739975,0.050554537486061424,1.2717988986409308,1.2142535652005348,1.2422221144881762,-0.18593585110613037,NotPlaced,1.3540388776493464,0,1
-0.057044612920247185,1.611519271292134,-1.0852784214895703,1.2142535652005348,1.113651305148482,1.3034518993516808,NotPlaced,0.46989064809833114,0,1
-1.8027667485727352,-1.5104101963200112,-1.0852784214895703,-1.0318557299675197,-0.6863400256072383,-1.4270923098209738,NotPlaced,-1.6520651028241051,0,0
1.0538694734040654,-1.5104101963200112,-1.0852784214895703,2.337308212784562,-0.1720567882484611,-0.6823984345920682,NotPlaced,-0.06059828963227817,0,0
1.2125714857361094,0.050554537486061424,0.09326023857568026,0.09119891761650768,1.113651305148482,1.0552206076087132,NotPlaced,0.11623135627792522,0,1
1.0538694734040654,0.050554537486061424,0.09326023857568026,-1.0318557299675197,0.2136556397706218,-1.6753236015639428,NotPlaced,-0.41425758145268365,0,1
-1.167958699244557,1.611519271292134,-1.0852784214895703,1.2142535652005348,1.3707929238278704,1.0552206076087132,Placed,0.46989064809833114,1,1
1.2125714857361094,-1.5104101963200112,-1.0852784214895703,-1.0318557299675197,0.5993680677897048,0.8069893158657431,NotPlaced,-1.6520651028241051,0,0
-0.21574662525229105,0.050554537486061424,-1.0852784214895703,-1.0318557299675197,0.0850848304309275,-1.4270923098209738,NotPlaced,-1.121576165093496,0,1
-1.4853627239086462,-1.5104101963200112,1.2717988986409308,1.2142535652005348,1.2422221144881762,-0.18593585110613037,Placed,0.8235499399187379,1,0
-0.057044612920247185,1.611519271292134,-1.0852784214895703,0.09119891761650768,0.4707972584500104,-0.9306297263350372,NotPlaced,-0.06059828963227817,0,1
0.736465448739975,-1.5104101963200112,0.09326023857568026,-1.0318557299675197,-1.0720524536263212,1.3034518993516808,Placed,-0.944746519183293,1,0
1.2125714857361094,0.050554537486061424,1.2717988986409308,1.2142535652005348,0.4707972584500104,0.8069893158657431,Placed,1.3540388776493464,1,1
1.0538694734040654,0.050554537486061424,1.2717988986409308,-1.0318557299675197,0.5993680677897048,1.0552206076087132,NotPlaced,0.2930610021881282,0,1
-1.6440647362406915,-1.5104101963200112,-1.0852784214895703,0.09119891761650768,-0.0434859789087668,0.31052673237980744,NotPlaced,-1.121576165093496,0,0
1.3712734980681531,0.050554537486061424,1.2717988986409308,-1.0318557299675197,-0.4291984069278497,1.3034518993516808,NotPlaced,0.2930610021881282,0,1
1.2125714857361094,-1.5104101963200112,-1.0852784214895703,-1.0318557299675197,-0.1720567882484611,-1.9235548933069118,NotPlaced,-1.6520651028241051,0,0
0.8951674610720188,1.611519271292134,1.2717988986409308,1.2142535652005348,0.9850804958087876,0.5587580241227753,Placed,1.8845278153799556,1,1
1.3712734980681531,1.611519271292134,1.2717988986409308,1.2142535652005348,0.727938877129399,1.0552206076087132,Placed,1.8845278153799556,1,1
-0.691852662248424,0.050554537486061424,0.09326023857568026,0.09119891761650768,0.2136556397706218,-0.4341671428491004,NotPlaced,0.11623135627792522,0,1
1.529975510400197,0.050554537486061424,1.2717988986409308,1.2142535652005348,0.4707972584500104,0.8069893158657431,Placed,1.3540388776493464,1,1
-1.8027667485727352,-1.5104101963200112,1.2717988986409308,-1.0318557299675197,-0.6863400256072383,0.8069893158657431,Placed,-0.2374279355424807,1,0
0.8951674610720188,-1.5104101963200112,-1.0852784214895703,0.09119891761650768,0.34222644911031613,-0.18593585110613037,Placed,-1.121576165093496,1,0
1.2125714857361094,1.611519271292134,1.2717988986409308,-1.0318557299675197,-0.557769216267544,0.06229544063683744,NotPlaced,0.8235499399187379,0,1
0.8951674610720188,1.611519271292134,0.09326023857568026,-1.0318557299675197,0.9850804958087876,0.5587580241227753,Placed,0.11623135627792522,1,1
-1.167958699244557,-1.5104101963200112,-1.0852784214895703,-1.0318557299675197,-0.1720567882484611,-1.4270923098209738,NotPlaced,-1.6520651028241051,0,0
-0.21574662525229105,1.611519271292134,-1.0852784214895703,0.09119891761650768,-2.3577605470232643,-2.6682487685358174,NotPlaced,-0.06059828963227817,0,1
-0.057044612920247185,0.050554537486061424,0.09326023857568026,0.09119891761650768,0.4707972584500104,1.0552206076087132,NotPlaced,0.11623135627792522,0,1
-0.057044612920247185,1.611519271292134,1.2717988986409308,2.337308212784562,-0.1720567882484611,-0.4341671428491004,Placed,2.4150167531105646,1,1
1.688677522732241,1.611519271292134,1.2717988986409308,1.2142535652005348,0.8565096864690933,0.31052673237980744,Placed,1.8845278153799556,1,1
-0.21574662525229105,0.050554537486061424,1.2717988986409308,-1.0318557299675197,-1.0720524536263212,-0.18593585110613037,NotPlaced,0.2930610021881282,0,1
-1.8027667485727352,0.050554537486061424,-1.0852784214895703,1.2142535652005348,-0.557769216267544,1.0552206076087132,NotPlaced,-0.060598289632277744,0,1
-0.691852662248424,0.050554537486061424,-1.0852784214895703,0.09119891761650768,-0.6863400256072383,-1.6753236015639428,Placed,-0.5910872273628871,1,1
1.529975510400197,1.611519271292134,0.09326023857568026,1.2142535652005348,0.34222644911031613,0.8069893158657431,Placed,1.177209231739143,1,1
0.577763436407931,-1.5104101963200112,1.2717988986409308,-1.0318557299675197,1.2422221144881762,0.8069893158657431,Placed,-0.2374279355424807,1,0
-0.5331506499163802,-1.5104101963200112,-1.0852784214895703,-1.0318557299675197,0.8565096864690933,-0.18593585110613037,NotPlaced,-1.6520651028241051,0,0
1.0538694734040654,0.050554537486061424,-2.2638170815548206,-1.0318557299675197,0.8565096864690933,0.06229544063683744,Placed,-1.828894748734308,1,1
-1.8027667485727352,-1.5104101963200112,-1.0852784214895703,-1.0318557299675197,-2.1006189283438754,-0.6823984345920682,NotPlaced,-1.6520651028241051,0,0
1.0538694734040654,0.050554537486061424,0.09326023857568026,0.09119891761650768,0.8565096864690933,1.3034518993516808,Placed,0.11623135627792522,1,1
-1.6440647362406915,0.050554537486061424,1.2717988986409308,0.09119891761650768,0.0850848304309275,-2.6682487685358174,NotPlaced,0.8235499399187379,0,1
1.2125714857361094,0.050554537486061424,-1.0852784214895703,-1.0318557299675197,-0.557769216267544,0.06229544063683744,NotPlaced,-1.121576165093496,0,1
1.2125714857361094,0.050554537486061424,1.2717988986409308,1.2142535652005348,0.8565096864690933,1.3034518993516808,Placed,1.3540388776493464,1,1
-1.8027667485727352,1.611519271292134,1.2717988986409308,1.2142535652005348,0.727938877129399,0.8069893158657431,NotPlaced,1.8845278153799556,0,1
1.8473795350642876,0.050554537486061424,1.2717988986409308,2.337308212784562,1.4993637331675649,1.3034518993516808,NotPlaced,1.8845278153799556,0,1
-0.691852662248424,0.050554537486061424,0.09326023857568026,1.2142535652005348,-1.0720524536263212,-0.4341671428491004,NotPlaced,0.6467202940085341,0,1
0.4190614240758872,0.050554537486061424,-1.0852784214895703,0.09119891761650768,0.0850848304309275,-0.6823984345920682,NotPlaced,-0.5910872273628871,0,1
-0.21574662525229105,-1.5104101963200112,0.09326023857568026,0.09119891761650768,0.4707972584500104,-0.18593585110613037,NotPlaced,-0.41425758145268365,0,0
-0.057044612920247185,1.611519271292134,-1.0852784214895703,-1.0318557299675197,-0.1720567882484611,-0.18593585110613037,Placed,-0.5910872273628871,1,1
-0.8505546745804693,0.050554537486061424,0.09326023857568026,0.09119891761650768,-0.6863400256072383,-0.9306297263350372,Placed,0.11623135627792522,1,1
0.10165739941179809,0.050554537486061424,0.09326023857568026,0.09119891761650768,-0.8149108349469326,0.5587580241227753,NotPlaced,0.11623135627792522,0,1
-1.167958699244557,0.050554537486061424,-1.0852784214895703,0.09119891761650768,-1.843477309664487,0.8069893158657431,NotPlaced,-0.5910872273628871,0,1
-0.3744486375843349,-1.5104101963200112,-1.0852784214895703,0.09119891761650768,-1.457764881645404,-0.9306297263350372,NotPlaced,-1.121576165093496,0,0
-0.057044612920247185,0.050554537486061424,0.09326023857568026,0.09119891761650768,-0.8149108349469326,-1.1788610180780061,NotPlaced,0.11623135627792522,0,1
0.577763436407931,0.050554537486061424,1.2717988986409308,0.09119891761650768,1.4993637331675649,1.3034518993516808,Placed,0.8235499399187379,1,1
1.2125714857361094,1.611519271292134,1.2717988986409308,1.2142535652005348,1.3707929238278704,1.3034518993516808,Placed,1.8845278153799556,1,1
1.8473795350642876,1.611519271292134,1.2717988986409308,1.2142535652005348,1.2422221144881762,1.0552206076087132,Placed,1.8845278153799556,1,1
-1.8027667485727352,0.050554537486061424,0.09326023857568026,-1.0318557299675197,-1.5863356909850983,-0.6823984345920682,NotPlaced,-0.41425758145268365,0,1
-0.21574662525229105,0.050554537486061424,0.09326023857568026,-1.0318557299675197,-0.0434859789087668,-1.4270923098209738,NotPlaced,-0.41425758145268365,0,1
-1.8027667485727352,0.050554537486061424,-1.0852784214895703,1.2142535652005348,-1.2006232629660154,-0.18593585110613037,NotPlaced,-0.060598289632277744,0,1
-1.6440647362406915,1.611519271292134,-1.0852784214895703,-1.0318557299675197,-0.557769216267544,0.06229544063683744,NotPlaced,-0.5910872273628871,0,1
0.8951674610720188,1.611519271292134,1.2717988986409308,-1.0318557299675197,0.34222644911031613,1.3034518993516808,Placed,0.8235499399187379,1,1
1.3712734980681531,0.050554537486061424,1.2717988986409308,-1.0318557299675197,0.4707972584500104,0.31052673237980744,Placed,0.2930610021881282,1,1
-0.057044612920247185,0.050554537486061424,1.2717988986409308,-1.0318557299675197,-0.943481644286627,1.0552206076087132,NotPlaced,0.2930610021881282,0,1
-1.6440647362406915,0.050554537486061424,-1.0852784214895703,0.09119891761650768,-1.843477309664487,-0.4341671428491004,NotPlaced,-0.5910872273628871,0,1
-1.3266607115766023,0.050554537486061424,0.09326023857568026,0.09119891761650768,-0.6863400256072383,0.06229544063683744,NotPlaced,0.11623135627792522,0,1
-0.21574662525229105,0.050554537486061424,-1.0852784214895703,-1.0318557299675197,0.4707972584500104,-0.4341671428491004,NotPlaced,-1.121576165093496,0,1
0.4190614240758872,1.611519271292134,0.09326023857568026,1.2142535652005348,1.4993637331675649,1.3034518993516808,Placed,1.177209231739143,1,1
0.10165739941179809,1.611519271292134,-1.0852784214895703,-1.0318557299675197,0.5993680677897048,0.8069893158657431,NotPlaced,-0.5910872273628871,0,1
1.0538694734040654,-1.5104101963200112,1.2717988986409308,1.2142535652005348,-0.557769216267544,1.0552206076087132,NotPlaced,0.8235499399187379,0,0
0.736465448739975,1.611519271292134,1.2717988986409308,1.2142535652005348,1.2422221144881762,0.5587580241227753,NotPlaced,1.8845278153799556,0,1
-1.4853627239086462,0.050554537486061424,-1.0852784214895703,-1.0318557299675197,-0.6863400256072383,0.5587580241227753,Placed,-1.121576165093496,1,1
-0.057044612920247185,0.050554537486061424,0.09326023857568026,-1.0318557299675197,-1.0720524536263212,1.0552206076087132,Placed,-0.41425758145268365,1,1
0.260359411743842,1.611519271292134,-1.0852784214895703,-1.0318557299675197,0.727938877129399,-0.18593585110613037,Placed,-0.5910872273628871,1,1
-1.8027667485727352,0.050554537486061424,0.09326023857568026,-1.0318557299675197,-0.557769216267544,0.8069893158657431,Placed,-0.41425758145268365,1,1
-0.057044612920247185,-1.5104101963200112,0.09326023857568026,-1.0318557299675197,-2.3577605470232643,-0.9306297263350372,NotPlaced,-0.944746519183293,0,0
-0.3744486375843349,1.611519271292134,0.09326023857568026,1.2142535652005348,0.9850804958087876,-0.6823984345920682,NotPlaced,1.177209231739143,0,1
-0.21574662525229105,0.050554537486061424,0.09326023857568026,-1.0318557299675197,0.9850804958087876,1.3034518993516808,NotPlaced,-0.41425758145268365,0,1
0.8951674610720188,-1.5104101963200112,0.09326023857568026,2.337308212784562,1.4993637331675649,1.3034518993516808,Placed,0.6467202940085341,1,0
-1.8027667485727352,0.050554537486061424,-1.0852784214895703,-1.0318557299675197,-1.7149065003247927,-1.6753236015639428,NotPlaced,-1.121576165093496,0,1
0.260359411743842,0.050554537486061424,1.2717988986409308,0.09119891761650768,1.113651305148482,0.5587580241227753,Placed,0.8235499399187379,1,1
-1.8027667485727352,-1.5104101963200112,-1.0852784214895703,-1.0318557299675197,-0.0434859789087668,-1.4270923098209738,NotPlaced,-1.6520651028241051,0,0
0.736465448739975,0.050554537486061424,-1.0852784214895703,-1.0318557299675197,-1.2006232629660154,-1.1788610180780061,NotPlaced,-1.121576165093496,0,1
0.260359411743842,0.050554537486061424,1.2717988986409308,1.2142535652005348,0.2136556397706218,-2.1717861850498807,NotPlaced,1.3540388776493464,0,1
-0.3744486375843349,0.050554537486061424,1.2717988986409308,0.09119891761650768,-0.6863400256072383,0.31052673237980744,NotPlaced,0.8235499399187379,0,1
0.8951674610720188,1.611519271292134,0.09326023857568026,1.2142535652005348,0.2136556397706218,0.5587580241227753,Placed,1.177209231739143,1,1
1.2125714857361094,0.050554537486061424,-1.0852784214895703,1.2142535652005348,-1.457764881645404,-1.1788610180780061,NotPlaced,-0.060598289632277744,0,1
-0.3744486375843349,-1.5104101963200112,-1.0852784214895703,-1.0318557299675197,-0.943481644286627,-1.4270923098209738,NotPlaced,-1.6520651028241051,0,0
1.3712734980681531,0.050554537486061424,0.09326023857568026,1.2142535652005348,0.5993680677897048,-0.18593585110613037,Placed,0.6467202940085341,1,1
1.2125714857361094,0.050554537486061424,1.2717988986409308,1.2142535652005348,0.5993680677897048,1.3034518993516808,NotPlaced,1.3540388776493464,0,1
2.0060815473963314,-1.5104101963200112,0.09326023857568026,0.09119891761650768,0.0850848304309275,0.8069893158657431,NotPlaced,-0.41425758145268365,0,0
0.577763436407931,0.050554537486061424,0.09326023857568026,1.2142535652005348,1.3707929238278704,0.5587580241227753,Placed,0.6467202940085341,1,1
0.10165739941179809,-1.5104101963200112,-1.0852784214895703,1.2142535652005348,-0.8149108349469326,0.06229544063683744,NotPlaced,-0.5910872273628871,0,0
-0.21574662525229105,0.050554537486061424,0.09326023857568026,0.09119891761650768,0.34222644911031613,-0.18593585110613037,NotPlaced,0.11623135627792522,0,1
-1.8027667485727352,-1.5104101963200112,-1.0852784214895703,-1.0318557299675197,-1.5863356909850983,-1.1788610180780061,NotPlaced,-1.6520651028241051,0,0
0.4190614240758872,1.611519271292134,1.2717988986409308,-1.0318557299675197,1.4993637331675649,1.3034518993516808,Placed,0.8235499399187379,1,1
-0.21574662525229105,-1.5104101963200112,1.2717988986409308,-1.0318557299675197,-0.6863400256072383,0.5587580241227753,NotPlaced,-0.2374279355424807,0,0
-1.0092566869125132,0.050554537486061424,-1.0852784214895703,0.09119891761650768,-0.4291984069278497,-0.18593585110613037,NotPlaced,-0.5910872273628871,0,1
0.10165739941179809,1.611519271292134,-1.0852784214895703,-1.0318557299675197,-1.7149065003247927,-1.1788610180780061,NotPlaced,-0.5910872273628871,0,1
1.0538694734040654,1.611519271292134,0.09326023857568026,1.2142535652005348,-0.1720567882484611,-0.6823984345920682,Placed,1.177209231739143,1,1
0.260359411743842,1.611519271292134,0.09326023857568026,-1.0318557299675197,-1.2006232629660154,-1.4270923098209738,NotPlaced,0.11623135627792522,0,1
-1.8027667485727352,0.050554537486061424,-1.0852784214895703,0.09119891761650768,0.34222644911031613,1.0552206076087132,NotPlaced,-0.5910872273628871,0,1
-1.3266607115766023,0.050554537486061424,-1.0852784214895703,-1.0318557299675197,-0.0434859789087668,0.06229544063683744,NotPlaced,-1.121576165093496,0,1
-0.057044612920247185,0.050554537486061424,0.09326023857568026,-1.0318557299675197,0.4707972584500104,-0.9306297263350372,NotPlaced,-0.41425758145268365,0,1
-1.6440647362406915,0.050554537486061424,1.2717988986409308,-1.0318557299675197,-2.1006189283438754,-1.1788610180780061,NotPlaced,0.2930610021881282,0,1
-1.4853627239086462,0.050554537486061424,-1.0852784214895703,1.2142535652005348,-0.557769216267544,0.06229544063683744,Placed,-0.060598289632277744,1,1
-0.8505546745804693,1.611519271292134,1.2717988986409308,1.2142535652005348,1.4993637331675649,0.31052673237980744,Placed,1.8845278153799556,1,1
-0.057044612920247185,0.050554537486061424,1.2717988986409308,0.09119891761650768,-0.6863400256072383,0.31052673237980744,NotPlaced,0.8235499399187379,0,1
-1.3266607115766023,0.050554537486061424,1.2717988986409308,0.09119891761650768,0.9850804958087876,1.3034518993516808,NotPlaced,0.8235499399187379,0,1
-0.21574662525229105,-1.5104101963200112,-1.0852784214895703,-1.0318557299675197,-0.557769216267544,0.5587580241227753,NotPlaced,-1.6520651028241051,0,0
0.4190614240758872,0.050554537486061424,-1.0852784214895703,0.09119891761650768,-0.4291984069278497,0.5587580241227753,NotPlaced,-0.5910872273628871,0,1
-0.21574662525229105,0.050554537486061424,1.2717988986409308,1.2142535652005348,1.3707929238278704,1.3034518993516808,NotPlaced,1.3540388776493464,0,1
1.688677522732241,1.611519271292134,1.2717988986409308,1.2142535652005348,0.5993680677897048,-0.6823984345920682,Placed,1.8845278153799556,1,1
-1.0092566869125132,1.611519271292134,-1.0852784214895703,-1.0318557299675197,-0.4291984069278497,-1.1788610180780061,Placed,-0.5910872273628871,1,1
-0.21574662525229105,1.611519271292134,1.2717988986409308,0.09119891761650768,0.9850804958087876,0.31052673237980744,Placed,1.3540388776493464,1,1
-0.21574662525229105,-1.5104101963200112,-1.0852784214895703,0.09119891761650768,0.5993680677897048,-0.9306297263350372,NotPlaced,-1.121576165093496,0,0
-0.21574662525229105,-1.5104101963200112,-1.0852784214895703,-1.0318557299675197,-1.9720481190041814,0.06229544063683744,NotPlaced,-1.6520651028241051,0,0
-0.8505546745804693,-1.5104101963200112,-1.0852784214895703,0.09119891761650768,-0.8149108349469326,0.31052673237980744,NotPlaced,-1.121576165093496,0,0
-0.21574662525229105,0.050554537486061424,0.09326023857568026,0.09119891761650768,-0.0434859789087668,1.0552206076087132,NotPlaced,0.11623135627792522,0,1
1.3712734980681531,0.050554537486061424,-1.0852784214895703,0.09119891761650768,-0.943481644286627,-0.6823984345920682,NotPlaced,-0.5910872273628871,0,1
-0.057044612920247185,0.050554537486061424,1.2717988986409308,0.09119891761650768,-0.943481644286627,1.3034518993516808,NotPlaced,0.8235499399187379,0,1
1.688677522732241,1.611519271292134,1.2717988986409308,1.2142535652005348,1.3707929238278704,0.5587580241227753,Placed,1.8845278153799556,1,1
-0.3744486375843349,0.050554537486061424,-1.0852784214895703,0.09119891761650768,-0.3006275975881554,-0.6823984345920682,NotPlaced,-0.5910872273628871,0,1
-0.8505546745804693,0.050554537486061424,1.2717988986409308,-1.0318557299675197,0.34222644911031613,-0.18593585110613037,Placed,0.2930610021881282,1,1
-1.4853627239086462,0.050554537486061424,-1.0852784214895703,0.09119891761650768,-1.7149065003247927,-1.1788610180780061,NotPlaced,-0.5910872273628871,0,1
1.688677522732241,0.050554537486061424,-1.0852784214895703,1.2142535652005348,0.4707972584500104,-0.18593585110613037,NotPlaced,-0.060598289632277744,0,1
1.688677522732241,-1.5104101963200112,-1.0852784214895703,1.2142535652005348,0.4707972584500104,0.5587580241227753,Placed,-0.5910872273628871,1,0
-0.21574662525229105,0.050554537486061424,-1.0852784214895703,-1.0318557299675197,-1.3291940723057099,0.06229544063683744,NotPlaced,-1.121576165093496,0,1
-0.3744486375843349,0.050554537486061424,0.09326023857568026,0.09119891761650768,-0.0434859789087668,0.31052673237980744,NotPlaced,0.11623135627792522,0,1
-0.3744486375843349,0.050554537486061424,-1.0852784214895703,0.09119891761650768,-0.6863400256072383,-1.4270923098209738,NotPlaced,-0.5910872273628871,0,1
0.10165739941179809,0.050554537486061424,-1.0852784214895703,0.09119891761650768,-0.557769216267544,0.06229544063683744,NotPlaced,-0.5910872273628871,0,1
-0.057044612920247185,0.050554537486061424,-1.0852784214895703,0.09119891761650768,-0.3006275975881554,-2.1717861850498807,NotPlaced,-0.5910872273628871,0,1
1.2125714857361094,1.611519271292134,1.2717988986409308,0.09119891761650768,-0.3006275975881554,-0.4341671428491004,NotPlaced,1.3540388776493464,0,1
0.8951674610720188,0.050554537486061424,1.2717988986409308,-1.0318557299675197,1.4993637331675649,-0.4341671428491004,Placed,0.2930610021881282,1,1
0.10165739941179809,0.050554537486061424,1.2717988986409308,-1.0318557299675197,0.2136556397706218,1.3034518993516808,Placed,0.2930610021881282,1,1
-1.8027667485727352,0.050554537486061424,-1.0852784214895703,1.2142535652005348,1.4993637331675649,1.3034518993516808,NotPlaced,-0.060598289632277744,0,1
-1.0092566869125132,0.050554537486061424,0.09326023857568026,0.09119891761650768,0.727938877129399,-0.9306297263350372,NotPlaced,0.11623135627792522,0,1
-1.8027667485727352,0.050554537486061424,0.09326023857568026,1.2142535652005348,1.4993637331675649,0.5587580241227753,Placed,0.6467202940085341,1,1
-0.057044612920247185,-1.5104101963200112,-1.0852784214895703,0.09119891761650768,0.5993680677897048,-2.1717861850498807,Placed,-1.121576165093496,1,0
-0.057044612920247185,-1.5104101963200112,-1.0852784214895703,-1.0318557299675197,-1.9720481190041814,-1.4270923098209738,NotPlaced,-1.6520651028241051,0,0
0.577763436407931,-1.5104101963200112,1.2717988986409308,0.09119891761650768,0.9850804958087876,0.06229544063683744,Placed,0.2930610021881282,1,0
-1.3266607115766023,0.050554537486061424,1.2717988986409308,-1.0318557299675197,1.4993637331675649,1.3034518993516808,Placed,0.2930610021881282,1,1
0.577763436407931,1.611519271292134,0.09326023857568026,1.2142535652005348,0.8565096864690933,1.0552206076087132,Placed,1.177209231739143,1,1
0.736465448739975,0.050554537486061424,1.2717988986409308,-1.0318557299675197,-0.4291984069278497,0.5587580241227753,Placed,0.2930610021881282,1,1
-1.8027667485727352,0.050554537486061424,1.2717988986409308,1.2142535652005348,1.113651305148482,1.0552206076087132,Placed,1.3540388776493464,1,1
-0.057044612920247185,0.050554537486061424,1.2717988986409308,-1.0318557299675197,-1.0720524536263212,1.3034518993516808,NotPlaced,0.2930610021881282,0,1
-0.5331506499163802,0.050554537486061424,-1.0852784214895703,-1.0318557299675197,-1.7149065003247927,0.8069893158657431,NotPlaced,-1.121576165093496,0,1
-1.8027667485727352,0.050554537486061424,1.2717988986409308,0.09119891761650768,0.0850848304309275,-1.9235548933069118,NotPlaced,0.8235499399187379,0,1
-1.8027667485727352,-1.5104101963200112,-1.0852784214895703,0.09119891761650768,-1.5863356909850983,0.31052673237980744,NotPlaced,-1.121576165093496,0,0
1.529975510400197,0.050554537486061424,1.2717988986409308,-1.0318557299675197,1.3707929238278704,1.3034518993516808,Placed,0.2930610021881282,1,1
0.260359411743842,0.050554537486061424,1.2717988986409308,-1.0318557299675197,1.3707929238278704,0.8069893158657431,Placed,0.2930610021881282,1,1
1.688677522732241,-1.5104101963200112,1.2717988986409308,1.2142535652005348,0.34222644911031613,0.5587580241227753,Placed,0.8235499399187379,1,0
-0.057044612920247185,0.050554537486061424,-1.0852784214895703,0.09119891761650768,-0.8149108349469326,-0.18593585110613037,NotPlaced,-0.5910872273628871,0,1
-0.5331506499163802,0.050554537486061424,0.09326023857568026,-1.0318557299675197,-1.7149065003247927,-0.18593585110613037,NotPlaced,-0.41425758145268365,0,1
0.736465448739975,-1.5104101963200112,0.09326023857568026,-1.0318557299675197,0.34222644911031613,0.5587580241227753,NotPlaced,-0.944746519183293,0,0
0.10165739941179809,-1.5104101963200112,0.09326023857568026,0.09119891761650768,-0.4291984069278497,1.3034518993516808,NotPlaced,-0.41425758145268365,0,0
-0.3744486375843349,0.050554537486061424,0.09326023857568026,-1.0318557299675197,-1.843477309664487,1.0552206076087132,NotPlaced,-0.41425758145268365,0,1
-1.4853627239086462,0.050554537486061424,0.09326023857568026,0.09119891761650768,-0.6863400256072383,0.06229544063683744,NotPlaced,0.11623135627792522,0,1
1.3712734980681531,0.050554537486061424,1.2717988986409308,0.09119891761650768,-0.8149108349469326,0.5587580241227753,NotPlaced,0.8235499399187379,0,1
-1.6440647362406915,0.050554537486061424,-1.0852784214895703,0.09119891761650768,-0.943481644286627,0.06229544063683744,NotPlaced,-0.5910872273628871,0,1
0.8951674610720188,0.050554537486061424,0.09326023857568026,0.09119891761650768,-0.557769216267544,-1.1788610180780061,NotPlaced,0.11623135627792522,0,1
1.2125714857361094,-1.5104101963200112,0.09326023857568026,-1.0318557299675197,0.34222644911031613,0.31052673237980744,Placed,-0.944746519183293,1,0
0.8951674610720188,-1.5104101963200112,-1.0852784214895703,1.2142535652005348,-0.1720567882484611,0.06229544063683744,NotPlaced,-0.5910872273628871,0,0
0.4190614240758872,-1.5104101963200112,0.09326023857568026,-1.0318557299675197,0.4707972584500104,-0.18593585110613037,Placed,-0.944746519183293,1,0
0.4190614240758872,0.050554537486061424,-1.0852784214895703,-1.0318557299675197,-1.5863356909850983,0.5587580241227753,NotPlaced,-1.121576165093496,0,1
-0.3744486375843349,0.050554537486061424,-1.0852784214895703,0.09119891761650768,0.0850848304309275,0.06229544063683744,NotPlaced,-0.5910872273628871,0,1
0.4190614240758872,0.050554537486061424,-1.0852784214895703,-1.0318557299675197,0.4707972584500104,-1.4270923098209738,NotPlaced,-1.121576165093496,0,1
-1.3266607115766023,0.050554537486061424,0.09326023857568026,-1.0318557299675197,0.2136556397706218,0.5587580241227753,Placed,-0.41425758145268365,1,1
1.0538694734040654,0.050554537486061424,-1.0852784214895703,-1.0318557299675197,-0.4291984069278497,-0.6823984345920682,NotPlaced,-1.121576165093496,0,1
-1.8027667485727352,1.611519271292134,-1.0852784214895703,1.2142535652005348,-1.3291940723057099,-0.18593585110613037,NotPlaced,0.46989064809833114,0,1
-0.057044612920247185,-1.5104101963200112,-1.0852784214895703,-1.0318557299675197,-1.2006232629660154,-2.1717861850498807,NotPlaced,-1.6520651028241051,0,0
0.4190614240758872,0.050554537486061424,-1.0852784214895703,0.09119891761650768,-0.3006275975881554,-1.1788610180780061,Placed,-0.5910872273628871,1,1
1.2125714857361094,-1.5104101963200112,-1.0852784214895703,-1.0318557299675197,1.4993637331675649,0.8069893158657431,Placed,-1.6520651028241051,1,0
-0.21574662525229105,0.050554537486061424,0.09326023857568026,-1.0318557299675197,-0.557769216267544,0.06229544063683744,NotPlaced,-0.41425758145268365,0,1
0.8951674610720188,0.050554537486061424,0.09326023857568026,0.09119891761650768,0.0850848304309275,-0.18593585110613037,Placed,0.11623135627792522,1,1
-0.3744486375843349,0.050554537486061424,-1.0852784214895703,0.09119891761650768,-1.0720524536263212,-1.1788610180780061,NotPlaced,-0.5910872273628871,0,1
-0.057044612920247185,0.050554537486061424,-1.0852784214895703,0.09119891761650768,-0.557769216267544,0.5587580241227753,NotPlaced,-0.5910872273628871,0,1
-0.21574662525229105,0.050554537486061424,-1.0852784214895703,-1.0318557299675197,-1.0720524536263212,-1.4270923098209738,NotPlaced,-1.121576165093496,0,1
-0.057044612920247185,-1.5104101963200112,1.2717988986409308,-1.0318557299675197,0.0850848304309275,0.8069893158657431,NotPlaced,-0.2374279355424807,0,0
-0.21574662525229105,-1.5104101963200112,-1.0852784214895703,-1.0318557299675197,-0.8149108349469326,-0.6823984345920682,NotPlaced,-1.6520651028241051,0,0
-1.4853627239086462,-1.5104101963200112,0.09326023857568026,0.09119891761650768,-1.2006232629660154,0.31052673237980744,NotPlaced,-0.41425758145268365,0,0
0.736465448739975,0.050554537486061424,1.2717988986409308,0.09119891761650768,-1.3291940723057099,1.0552206076087132,NotPlaced,0.8235499399187379,0,1
0.736465448739975,0.050554537486061424,1.2717988986409308,-1.0318557299675197,1.2422221144881762,0.06229544063683744,NotPlaced,0.2930610021881282,0,1
1.2125714857361094,-1.5104101963200112,-1.0852784214895703,-1.0318557299675197,0.8565096864690933,-1.4270923098209738,Placed,-1.6520651028241051,1,0
0.8951674610720188,0.050554537486061424,1.2717988986409308,1.2142535652005348,0.5993680677897048,1.0552206076087132,Placed,1.3540388776493464,1,1
-0.3744486375843349,0.050554537486061424,0.09326023857568026,-1.0318557299675197,-0.3006275975881554,0.5587580241227753,NotPlaced,-0.41425758145268365,0,1
-1.3266607115766023,0.050554537486061424,-1.0852784214895703,-1.0318557299675197,-1.3291940723057099,-0.18593585110613037,NotPlaced,-1.121576165093496,0,1
-1.4853627239086462,0.050554537486061424,1.2717988986409308,0.09119891761650768,0.9850804958087876,1.3034518993516808,Placed,0.8235499399187379,1,1
1.529975510400197,1.611519271292134,1.2717988986409308,1.2142535652005348,0.9850804958087876,0.06229544063683744,Placed,1.8845278153799556,1,1
-1.8027667485727352,0.050554537486061424,0.09326023857568026,-1.0318557299675197,-1.2006232629660154,1.3034518993516808,NotPlaced,-0.41425758145268365,0,1
-1.4853627239086462,0.050554537486061424,-1.0852784214895703,-1.0318557299675197,-0.3006275975881554,-1.1788610180780061,Placed,-1.121576165093496,1,1
-1.8027667485727352,0.050554537486061424,-1.0852784214895703,0.09119891761650768,-1.843477309664487,-1.9235548933069118,NotPlaced,-0.5910872273628871,0,1
1.0538694734040654,0.050554537486061424,1.2717988986409308,1.2142535652005348,-0.557769216267544,0.31052673237980744,Placed,1.3540388776493464,1,1
1.529975510400197,-1.5104101963200112,1.2717988986409308,1.2142535652005348,0.5993680677897048,1.3034518993516808,Placed,0.8235499399187379,1,0
1.0538694734040654,0.050554537486061424,0.09326023857568026,0.09119891761650768,1.2422221144881762,-0.18593585110613037,Placed,0.11623135627792522,1,1
1.529975510400197,0.050554537486061424,0.09326023857568026,1.2142535652005348,-0.1720567882484611,0.06229544063683744,Placed,0.6467202940085341,1,1
-0.3744486375843349,0.050554537486061424,0.09326023857568026,-1.0318557299675197,-0.0434859789087668,0.8069893158657431,NotPlaced,-0.41425758145268365,0,1
-0.057044612920247185,0.050554537486061424,0.09326023857568026,-1.0318557299675197,-0.3006275975881554,-0.4341671428491004,NotPlaced,-0.41425758145268365,0,1
-0.5331506499163802,-1.5104101963200112,-1.0852784214895703,0.09119891761650768,0.2136556397706218,0.5587580241227753,NotPlaced,-1.121576165093496,0,0
1.529975510400197,0.050554537486061424,0.09326023857568026,1.2142535652005348,0.34222644911031613,0.06229544063683744,Placed,0.6467202940085341,1,1
1.2125714857361094,0.050554537486061424,0.09326023857568026,0.09119891761650768,-0.6863400256072383,0.5587580241227753,NotPlaced,0.11623135627792522,0,1
0.10165739941179809,1.611519271292134,1.2717988986409308,1.2142535652005348,1.113651305148482,1.3034518993516808,NotPlaced,1.8845278153799556,0,1
-0.21574662525229105,0.050554537486061424,1.2717988986409308,0.09119891761650768,0.0850848304309275,-1.1788610180780061,Placed,0.8235499399187379,1,1
1.529975510400197,1.611519271292134,1.2717988986409308,-1.0318557299675197,1.113651305148482,1.0552206076087132,NotPlaced,0.8235499399187379,0,1
0.4190614240758872,0.050554537486061424,0.09326023857568026,0.09119891761650768,0.34222644911031613,-0.6823984345920682,NotPlaced,0.11623135627792522,0,1
2.0060815473963314,-1.5104101963200112,1.2717988986409308,1.2142535652005348,1.4993637331675649,-0.6823984345920682,Placed,0.8235499399187379,1,0
-0.21574662525229105,1.611519271292134,0.09326023857568026,-1.0318557299675197,0.9850804958087876,-0.9306297263350372,NotPlaced,0.11623135627792522,0,1
0.10165739941179809,0.050554537486061424,-1.0852784214895703,-1.0318557299675197,-0.8149108349469326,-0.18593585110613037,NotPlaced,-1.121576165093496,0,1
0.10165739941179809,0.050554537486061424,1.2717988986409308,1.2142535652005348,0.34222644911031613,1.3034518993516808,NotPlaced,1.3540388776493464,0,1
-0.21574662525229105,0.050554537486061424,0.09326023857568026,-1.0318557299675197,-1.457764881645404,-0.4341671428491004,NotPlaced,-0.41425758145268365,0,1
0.260359411743842,1.611519271292134,-1.0852784214895703,0.09119891761650768,1.113651305148482,0.31052673237980744,NotPlaced,-0.06059828963227817,0,1
-0.8505546745804693,1.611519271292134,1.2717988986409308,-1.0318557299675197,0.2136556397706218,0.06229544063683744,Placed,0.8235499399187379,1,1
-0.057044612920247185,-1.5104101963200112,-1.0852784214895703,-1.0318557299675197,0.34222644911031613,0.31052673237980744,Placed,-1.6520651028241051,1,0
-1.8027667485727352,0.050554537486061424,-1.0852784214895703,0.09119891761650768,0.34222644911031613,0.06229544063683744,NotPlaced,-0.5910872273628871,0,1
-0.3744486375843349,0.050554537486061424,-1.0852784214895703,0.09119891761650768,-1.5863356909850983,-0.6823984345920682,NotPlaced,-0.5910872273628871,0,1
-1.6440647362406915,0.050554537486061424,0.09326023857568026,0.09119891761650768,-0.3006275975881554,-0.4341671428491004,NotPlaced,0.11623135627792522,0,1
1.3712734980681531,0.050554537486061424,-1.0852784214895703,0.09119891761650768,0.727938877129399,0.8069893158657431,NotPlaced,-0.5910872273628871,0,1
-0.3744486375843349,0.050554537486061424,0.09326023857568026,-1.0318557299675197,-0.1720567882484611,0.5587580241227753,NotPlaced,-0.41425758145268365,0,1
1.3712734980681531,1.611519271292134,0.09326023857568026,-1.0318557299675197,1.2422221144881762,1.3034518993516808,NotPlaced,0.11623135627792522,0,1
1.688677522732241,1.611519271292134,1.2717988986409308,-1.0318557299675197,0.727938877129399,-0.4341671428491004,NotPlaced,0.8235499399187379,0,1
0.10165739941179809,-1.5104101963200112,-1.0852784214895703,0.09119891761650768,0.8565096864690933,0.31052673237980744,Placed,-1.121576165093496,1,0
0.10165739941179809,0.050554537486061424,-1.0852784214895703,-1.0318557299675197,0.34222644911031613,-0.9306297263350372,NotPlaced,-1.121576165093496,0,1
1.688677522732241,-1.5104101963200112,1.2717988986409308,-1.0318557299675197,-0.4291984069278497,-1.4270923098209738,NotPlaced,-0.2374279355424807,0,0
-0.21574662525229105,0.050554537486061424,-1.0852784214895703,-1.0318557299675197,-0.8149108349469326,-0.4341671428491004,NotPlaced,-1.121576165093496,0,1
-1.8027667485727352,0.050554537486061424,1.2717988986409308,-1.0318557299675197,0.2136556397706218,0.06229544063683744,NotPlaced,0.2930610021881282,0,1
-0.057044612920247185,0.050554537486061424,1.2717988986409308,-1.0318557299675197,0.2136556397706218,1.0552206076087132,NotPlaced,0.2930610021881282,0,1
-0.21574662525229105,0.050554537486061424,0.09326023857568026,0.09119891761650768,0.5993680677897048,-0.6823984345920682,NotPlaced,0.11623135627792522,0,1
-1.8027667485727352,0.050554537486061424,1.2717988986409308,-1.0318557299675197,-1.843477309664487,0.8069893158657431,NotPlaced,0.2930610021881282,0,1
0.577763436407931,0.050554537486061424,-1.0852784214895703,1.2142535652005348,0.9850804958087876,0.8069893158657431,NotPlaced,-0.060598289632277744,0,1
-1.8027667485727352,0.050554537486061424,0.09326023857568026,0.09119891761650768,0.4707972584500104,0.31052673237980744,NotPlaced,0.11623135627792522,0,1
1.2125714857361094,1.611519271292134,0.09326023857568026,2.337308212784562,1.4993637331675649,0.8069893158657431,Placed,1.707698169469752,1,1
-0.3744486375843349,0.050554537486061424,-1.0852784214895703,-1.0318557299675197,-0.4291984069278497,-0.9306297263350372,NotPlaced,-1.121576165093496,0,1
0.736465448739975,1.611519271292134,1.2717988986409308,-1.0318557299675197,0.9850804958087876,0.5587580241227753,Placed,0.8235499399187379,1,1
-1.4853627239086462,1.611519271292134,-2.2638170815548206,-1.0318557299675197,-0.4291984069278497,-0.6823984345920682,Placed,-1.298405811003699,1,1
0.577763436407931,-1.5104101963200112,1.2717988986409308,0.09119891761650768,0.5993680677897048,-1.4270923098209738,NotPlaced,0.2930610021881282,0,0
-0.21574662525229105,1.611519271292134,1.2717988986409308,-1.0318557299675197,0.9850804958087876,1.3034518993516808,Placed,0.8235499399187379,1,1
-1.167958699244557,-1.5104101963200112,-1.0852784214895703,-1.0318557299675197,-2.3577605470232643,0.8069893158657431,NotPlaced,-1.6520651028241051,0,0
0.10165739941179809,-1.5104101963200112,0.09326023857568026,-1.0318557299675197,-0.1720567882484611,-0.4341671428491004,NotPlaced,-0.944746519183293,0,0
-0.3744486375843349,-1.5104101963200112,-1.0852784214895703,0.09119891761650768,0.5993680677897048,-1.1788610180780061,NotPlaced,-1.121576165093496,0,0
1.688677522732241,1.611519271292134,-1.0852784214895703,1.2142535652005348,0.34222644911031613,0.5587580241227753,NotPlaced,0.46989064809833114,0,1
0.260359411743842,0.050554537486061424,-1.0852784214895703,-1.0318557299675197,-0.3006275975881554,-0.9306297263350372,NotPlaced,-1.121576165093496,0,1
-0.21574662525229105,1.611519271292134,0.09326023857568026,0.09119891761650768,-0.943481644286627,-1.1788610180780061,NotPlaced,0.6467202940085345,0,1
0.577763436407931,0.050554537486061424,-1.0852784214895703,-1.0318557299675197,-0.4291984069278497,0.06229544063683744,Placed,-1.121576165093496,1,1
-1.8027667485727352,-1.5104101963200112,0.09326023857568026,1.2142535652005348,0.34222644911031613,0.8069893158657431,Placed,0.11623135627792522,1,0
0.736465448739975,-1.5104101963200112,0.09326023857568026,-1.0318557299675197,1.2422221144881762,-0.6823984345920682,Placed,-0.944746519183293,1,0
-0.21574662525229105,0.050554537486061424,-1.0852784214895703,0.09119891761650768,-0.6863400256072383,-1.9235548933069118,NotPlaced,-0.5910872273628871,0,1
0.260359411743842,0.050554537486061424,-1.0852784214895703,0.09119891761650768,-0.6863400256072383,-0.6823984345920682,NotPlaced,-0.5910872273628871,0,1
0.10165739941179809,1.611519271292134,0.09326023857568026,-1.0318557299675197,0.0850848304309275,-0.18593585110613037,Placed,0.11623135627792522,1,1
-0.057044612920247185,0.050554537486061424,-1.0852784214895703,-1.0318557299675197,-0.557769216267544,-0.4341671428491004,NotPlaced,-1.121576165093496,0,1
-1.3266607115766023,0.050554537486061424,-1.0852784214895703,0.09119891761650768,-1.7149065003247927,0.5587580241227753,NotPlaced,-0.5910872273628871,0,1
-0.21574662525229105,0.050554537486061424,-1.0852784214895703,0.09119891761650768,-1.3291940723057099,-1.1788610180780061,NotPlaced,-0.5910872273628871,0,1
-1.8027667485727352,0.050554537486061424,-1.0852784214895703,0.09119891761650768,-1.0720524536263212,-1.1788610180780061,NotPlaced,-0.5910872273628871,0,1
-1.8027667485727352,0.050554537486061424,0.09326023857568026,0.09119891761650768,-2.3577605470232643,-1.9235548933069118,NotPlaced,0.11623135627792522,0,1
-0.3744486375843349,0.050554537486061424,-1.0852784214895703,-1.0318557299675197,0.34222644911031613,-0.6823984345920682,NotPlaced,-1.121576165093496,0,1
-0.5331506499163802,0.050554537486061424,1.2717988986409308,-1.0318557299675197,0.34222644911031613,1.3034518993516808,Placed,0.2930610021881282,1,1
-0.21574662525229105,-1.5104101963200112,-1.0852784214895703,0.09119891761650768,-0.943481644286627,0.5587580241227753,NotPlaced,-1.121576165093496,0,0
-0.3744486375843349,0.050554537486061424,1.2717988986409308,1.2142535652005348,1.113651305148482,0.31052673237980744,NotPlaced,1.3540388776493464,0,1
-1.8027667485727352,0.050554537486061424,-1.0852784214895703,0.09119891761650768,-1.5863356909850983,-1.4270923098209738,NotPlaced,-0.5910872273628871,0,1
0.736465448739975,0.050554537486061424,1.2717988986409308,1.2142535652005348,-1.2006232629660154,0.8069893158657431,NotPlaced,1.3540388776493464,0,1
-1.3266607115766023,0.050554537486061424,-1.0852784214895703,-1.0318557299675197,-0.943481644286627,0.31052673237980744,NotPlaced,-1.121576165093496,0,1
0.10165739941179809,0.050554537486061424,0.09326023857568026,-1.0318557299675197,0.34222644911031613,1.3034518993516808,NotPlaced,-0.41425758145268365,0,1
-0.057044612920247185,0.050554537486061424,0.09326023857568026,-1.0318557299675197,-0.557769216267544,-1.4270923098209738,Placed,-0.41425758145268365,1,1
-1.8027667485727352,0.050554537486061424,-1.0852784214895703,-1.0318557299675197,-1.2006232629660154,-1.4270923098209738,NotPlaced,-1.121576165093496,0,1
1.2125714857361094,0.050554537486061424,1.2717988986409308,-1.0318557299675197,-0.0434859789087668,-1.4270923098209738,Placed,0.2930610021881282,1,1
1.529975510400197,1.611519271292134,0.09326023857568026,1.2142535652005348,1.2422221144881762,1.3034518993516808,Placed,1.177209231739143,1,1
0.736465448739975,0.050554537486061424,-1.0852784214895703,0.09119891761650768,0.9850804958087876,0.5587580241227753,NotPlaced,-0.5910872273628871,0,1
-1.8027667485727352,-1.5104101963200112,0.09326023857568026,0.09119891761650768,-0.1720567882484611,1.3034518993516808,NotPlaced,-0.41425758145268365,0,0
0.10165739941179809,0.050554537486061424,0.09326023857568026,-1.0318557299675197,-0.557769216267544,-1.1788610180780061,NotPlaced,-0.41425758145268365,0,1
0.8951674610720188,0.050554537486061424,0.09326023857568026,-1.0318557299675197,0.34222644911031613,1.3034518993516808,NotPlaced,-0.41425758145268365,0,1
1.0538694734040654,0.050554537486061424,1.2717988986409308,0.09119891761650768,-0.6863400256072383,1.0552206076087132,NotPlaced,0.8235499399187379,0,1
0.577763436407931,0.050554537486061424,0.09326023857568026,1.2142535652005348,1.113651305148482,0.8069893158657431,Placed,0.6467202940085341,1,1
-0.21574662525229105,0.050554537486061424,-1.0852784214895703,0.09119891761650768,-0.1720567882484611,0.5587580241227753,NotPlaced,-0.5910872273628871,0,1
-0.21574662525229105,-1.5104101963200112,-1.0852784214895703,-1.0318557299675197,-2.3577605470232643,-1.9235548933069118,NotPlaced,-1.6520651028241051,0,0
-0.21574662525229105,0.050554537486061424,0.09326023857568026,0.09119891761650768,-0.0434859789087668,-1.1788610180780061,NotPlaced,0.11623135627792522,0,1
-1.3266607115766023,1.611519271292134,-1.0852784214895703,1.2142535652005348,-0.4291984069278497,0.8069893158657431,NotPlaced,0.46989064809833114,0,1
-0.3744486375843349,0.050554537486061424,0.09326023857568026,-1.0318557299675197,0.727938877129399,-0.4341671428491004,NotPlaced,-0.41425758145268365,0,1
-1.8027667485727352,0.050554537486061424,0.09326023857568026,0.09119891761650768,-2.1006189283438754,0.31052673237980744,NotPlaced,0.11623135627792522,0,1
0.8951674610720188,0.050554537486061424,1.2717988986409308,-1.0318557299675197,0.0850848304309275,0.06229544063683744,NotPlaced,0.2930610021881282,0,1
-0.3744486375843349,0.050554537486061424,0.09326023857568026,-1.0318557299675197,-1.7149065003247927,0.8069893158657431,NotPlaced,-0.41425758145268365,0,1
-0.5331506499163802,0.050554537486061424,-1.0852784214895703,0.09119891761650768,-2.1006189283438754,-0.6823984345920682,NotPlaced,-0.5910872273628871,0,1
1.2125714857361094,-1.5104101963200112,1.2717988986409308,1.2142535652005348,1.113651305148482,-0.18593585110613037,Placed,0.8235499399187379,1,0
-0.21574662525229105,0.050554537486061424,1.2717988986409308,-1.0318557299675197,0.727938877129399,-0.4341671428491004,NotPlaced,0.2930610021881282,0,1
-1.4853627239086462,0.050554537486061424,-1.0852784214895703,-1.0318557299675197,-1.9720481190041814,0.8069893158657431,NotPlaced,-1.121576165093496,0,1
-0.21574662525229105,0.050554537486061424,0.09326023857568026,-1.0318557299675197,0.2136556397706218,-1.6753236015639428,NotPlaced,-0.41425758145268365,0,1
0.8951674610720188,-1.5104101963200112,1.2717988986409308,1.2142535652005348,0.34222644911031613,0.06229544063683744,NotPlaced,0.8235499399187379,0,0
0.4190614240758872,0.050554537486061424,0.09326023857568026,0.09119891761650768,0.9850804958087876,-1.1788610180780061,NotPlaced,0.11623135627792522,0,1
-0.3744486375843349,-1.5104101963200112,0.09326023857568026,0.09119891761650768,-0.943481644286627,1.0552206076087132,NotPlaced,-0.41425758145268365,0,0
1.0538694734040654,1.611519271292134,0.09326023857568026,-1.0318557299675197,0.34222644911031613,-0.6823984345920682,Placed,0.11623135627792522,1,1
0.8951674610720188,0.050554537486061424,0.09326023857568026,0.09119891761650768,1.4993637331675649,1.3034518993516808,NotPlaced,0.11623135627792522,0,1
1.0538694734040654,0.050554537486061424,0.09326023857568026,-1.0318557299675197,0.4707972584500104,0.8069893158657431,Placed,-0.41425758145268365,1,1
-1.6440647362406915,-1.5104101963200112,-1.0852784214895703,0.09119891761650768,-0.1720567882484611,0.06229544063683744,NotPlaced,-1.121576165093496,0,0
-1.3266607115766023,-1.5104101963200112,0.09326023857568026,-1.0318557299675197,-0.6863400256072383,-0.18593585110613037,NotPlaced,-0.944746519183293,0,0
2.0060815473963314,0.050554537486061424,1.2717988986409308,0.09119891761650768,1.4993637331675649,1.0552206076087132,NotPlaced,0.8235499399187379,0,1
0.736465448739975,-1.5104101963200112,-1.0852784214895703,0.09119891761650768,-1.0720524536263212,-1.4270923098209738,NotPlaced,-1.121576165093496,0,0
-0.3744486375843349,0.050554537486061424,1.2717988986409308,-1.0318557299675197,-0.4291984069278497,0.8069893158657431,NotPlaced,0.2930610021881282,0,1
-0.8505546745804693,-1.5104101963200112,-1.0852784214895703,0.09119891761650768,-0.943481644286627,-0.6823984345920682,NotPlaced,-1.121576165093496,0,0
0.8951674610720188,0.050554537486061424,1.2717988986409308,-1.0318557299675197,1.113651305148482,-1.4270923098209738,Placed,0.2930610021881282,1,1
1.688677522732241,-1.5104101963200112,1.2717988986409308,1.2142535652005348,1.4993637331675649,1.3034518993516808,Placed,0.8235499399187379,1,0
-0.3744486375843349,-1.5104101963200112,1.2717988986409308,-1.0318557299675197,-0.4291984069278497,-0.6823984345920682,NotPlaced,-0.2374279355424807,0,0
0.8951674610720188,1.611519271292134,0.09326023857568026,-1.0318557299675197,1.3707929238278704,0.8069893158657431,NotPlaced,0.11623135627792522,0,1
-1.167958699244557,0.050554537486061424,1.2717988986409308,0.09119891761650768,0.9850804958087876,0.5587580241227753,Placed,0.8235499399187379,1,1
-1.8027667485727352,0.050554537486061424,-1.0852784214895703,-1.0318557299675197,-1.843477309664487,0.31052673237980744,NotPlaced,-1.121576165093496,0,1
-1.8027667485727352,-1.5104101963200112,-1.0852784214895703,-1.0318557299675197,1.3707929238278704,0.8069893158657431,NotPlaced,-1.6520651028241051,0,0
-1.8027667485727352,-1.5104101963200112,-1.0852784214895703,-1.0318557299675197,0.2136556397706218,-1.6753236015639428,NotPlaced,-1.6520651028241051,0,0
1.3712734980681531,1.611519271292134,1.2717988986409308,1.2142535652005348,0.727938877129399,0.5587580241227753,Placed,1.8845278153799556,1,1
1.688677522732241,-1.5104101963200112,1.2717988986409308,1.2142535652005348,1.113651305148482,-0.18593585110613037,Placed,0.8235499399187379,1,0
1.0538694734040654,1.611519271292134,1.2717988986409308,-1.0318557299675197,0.2136556397706218,-0.18593585110613037,NotPlaced,0.8235499399187379,0,1
0.577763436407931,0.050554537486061424,0.09326023857568026,-1.0318557299675197,1.4993637331675649,0.5587580241227753,NotPlaced,-0.41425758145268365,0,1
0.10165739941179809,0.050554537486061424,1.2717988986409308,2.337308212784562,0.4707972584500104,0.31052673237980744,Placed,1.8845278153799556,1,1
-1.4853627239086462,0.050554537486061424,0.09326023857568026,-1.0318557299675197,0.2136556397706218,-1.9235548933069118,NotPlaced,-0.41425758145268365,0,1
-0.3744486375843349,0.050554537486061424,0.09326023857568026,1.2142535652005348,0.2136556397706218,-0.18593585110613037,Placed,0.6467202940085341,1,1
-0.21574662525229105,-1.5104101963200112,1.2717988986409308,2.337308212784562,-0.0434859789087668,1.0552206076087132,NotPlaced,1.3540388776493464,0,0
0.8951674610720188,-1.5104101963200112,1.2717988986409308,1.2142535652005348,1.3707929238278704,0.06229544063683744,Placed,0.8235499399187379,1,0
-1.8027667485727352,0.050554537486061424,1.2717988986409308,1.2142535652005348,-0.4291984069278497,-1.1788610180780061,NotPlaced,1.3540388776493464,0,1
0.4190614240758872,0.050554537486061424,0.09326023857568026,-1.0318557299675197,-1.3291940723057099,-1.6753236015639428,NotPlaced,-0.41425758145268365,0,1
-1.4853627239086462,1.611519271292134,1.2717988986409308,1.2142535652005348,0.5993680677897048,-0.6823984345920682,Placed,1.8845278153799556,1,1
-0.3744486375843349,0.050554537486061424,-1.0852784214895703,0.09119891761650768,-0.0434859789087668,0.06229544063683744,NotPlaced,-0.5910872273628871,0,1
0.577763436407931,0.050554537486061424,0.09326023857568026,1.2142535652005348,-0.557769216267544,-0.4341671428491004,Placed,0.6467202940085341,1,1
-1.8027667485727352,-1.5104101963200112,-1.0852784214895703,-1.0318557299675197,-0.3006275975881554,1.0552206076087132,NotPlaced,-1.6520651028241051,0,0
0.10165739941179809,0.050554537486061424,0.09326023857568026,2.337308212784562,-0.0434859789087668,0.31052673237980744,NotPlaced,1.177209231739143,0,1
-0.21574662525229105,0.050554537486061424,1.2717988986409308,0.09119891761650768,-1.5863356909850983,-1.1788610180780061,NotPlaced,0.8235499399187379,0,1
-1.3266607115766023,0.050554537486061424,-1.0852784214895703,0.09119891761650768,0.8565096864690933,-0.9306297263350372,NotPlaced,-0.5910872273628871,0,1
-1.6440647362406915,0.050554537486061424,1.2717988986409308,1.2142535652005348,1.4993637331675649,0.8069893158657431,NotPlaced,1.3540388776493464,0,1
0.736465448739975,1.611519271292134,1.2717988986409308,1.2142535652005348,0.727938877129399,0.8069893158657431,Placed,1.8845278153799556,1,1
-1.167958699244557,-1.5104101963200112,-1.0852784214895703,-1.0318557299675197,-1.0720524536263212,-0.9306297263350372,Placed,-1.6520651028241051,1,0
0.736465448739975,1.611519271292134,1.2717988986409308,1.2142535652005348,1.4993637331675649,0.31052673237980744,NotPlaced,1.8845278153799556,0,1
0.4190614240758872,0.050554537486061424,0.09326023857568026,1.2142535652005348,-1.9720481190041814,-1.1788610180780061,NotPlaced,0.6467202940085341,0,1
-0.3744486375843349,0.050554537486061424,-1.0852784214895703,0.09119891761650768,-1.2006232629660154,-0.9306297263350372,NotPlaced,-0.5910872273628871,0,1
1.2125714857361094,-1.5104101963200112,0.09326023857568026,2.337308212784562,0.4707972584500104,0.31052673237980744,Placed,0.6467202940085341,1,0
-0.21574662525229105,0.050554537486061424,-1.0852784214895703,0.09119891761650768,-0.1720567882484611,-0.9306297263350372,NotPlaced,-0.5910872273628871,0,1
-1.6440647362406915,0.050554537486061424,0.09326023857568026,0.09119891761650768,0.34222644911031613,-2.1717861850498807,Placed,0.11623135627792522,1,1
-0.3744486375843349,-1.5104101963200112,0.09326023857568026,0.09119891761650768,-0.0434859789087668,0.31052673237980744,NotPlaced,-0.41425758145268365,0,0
0.8951674610720188,0.050554537486061424,1.2717988986409308,-1.0318557299675197,0.8565096864690933,0.31052673237980744,NotPlaced,0.2930610021881282,0,1
0.4190614240758872,-1.5104101963200112,-1.0852784214895703,-1.0318557299675197,-1.3291940723057099,-0.4341671428491004,NotPlaced,-1.6520651028241051,0,0
-0.21574662525229105,0.050554537486061424,-1.0852784214895703,0.09119891761650768,0.2136556397706218,0.5587580241227753,NotPlaced,-0.5910872273628871,0,1
1.2125714857361094,1.611519271292134,1.2717988986409308,1.2142535652005348,1.2422221144881762,1.0552206076087132,Placed,1.8845278153799556,1,1
-1.8027667485727352,-1.5104101963200112,-1.0852784214895703,-1.0318557299675197,-1.5863356909850983,-1.9235548933069118,NotPlaced,-1.6520651028241051,0,0
-1.4853627239086462,0.050554537486061424,-1.0852784214895703,0.09119891761650768,0.5993680677897048,0.06229544063683744,NotPlaced,-0.5910872273628871,0,1
0.736465448739975,0.050554537486061424,1.2717988986409308,1.2142535652005348,-0.8149108349469326,1.3034518993516808,NotPlaced,1.3540388776493464,0,1
-0.3744486375843349,0.050554537486061424,1.2717988986409308,-1.0318557299675197,-0.1720567882484611,1.3034518993516808,NotPlaced,0.2930610021881282,0,1
1.529975510400197,0.050554537486061424,0.09326023857568026,-1.0318557299675197,-0.4291984069278497,-0.9306297263350372,Placed,-0.41425758145268365,1,1
1.3712734980681531,0.050554537486061424,1.2717988986409308,1.2142535652005348,1.3707929238278704,0.06229544063683744,Placed,1.3540388776493464,1,1
0.8951674610720188,-1.5104101963200112,0.09326023857568026,0.09119891761650768,-1.2006232629660154,-1.9235548933069118,NotPlaced,-0.41425758145268365,0,0
-0.21574662525229105,-1.5104101963200112,1.2717988986409308,-1.0318557299675197,-1.457764881645404,-0.4341671428491004,NotPlaced,-0.2374279355424807,0,0
-1.3266607115766023,0.050554537486061424,-1.0852784214895703,0.09119891761650768,-0.1720567882484611,-0.18593585110613037,NotPlaced,-0.5910872273628871,0,1
-0.3744486375843349,0.050554537486061424,-1.0852784214895703,-1.0318557299675197,0.5993680677897048,0.31052673237980744,NotPlaced,-1.121576165093496,0,1
-0.057044612920247185,1.611519271292134,-1.0852784214895703,-1.0318557299675197,-0.0434859789087668,-0.9306297263350372,Placed,-0.5910872273628871,1,1
-1.8027667485727352,0.050554537486061424,-1.0852784214895703,0.09119891761650768,-1.5863356909850983,-0.6823984345920682,NotPlaced,-0.5910872273628871,0,1
-1.8027667485727352,-1.5104101963200112,1.2717988986409308,-1.0318557299675197,-0.1720567882484611,-0.18593585110613037,NotPlaced,-0.2374279355424807,0,0
-0.21574662525229105,-1.5104101963200112,0.09326023857568026,-1.0318557299675197,0.2136556397706218,-1.1788610180780061,NotPlaced,-0.944746519183293,0,0
0.260359411743842,0.050554537486061424,1.2717988986409308,-1.0318557299675197,0.4707972584500104,-1.4270923098209738,NotPlaced,0.2930610021881282,0,1
0.736465448739975,0.050554537486061424,1.2717988986409308,1.2142535652005348,1.2422221144881762,1.3034518993516808,Placed,1.3540388776493464,1,1
-1.6440647362406915,-1.5104101963200112,0.09326023857568026,1.2142535652005348,0.727938877129399,-1.1788610180780061,NotPlaced,0.11623135627792522,0,0
0.10165739941179809,0.050554537486061424,0.09326023857568026,-1.0318557299675197,0.4707972584500104,0.06229544063683744,NotPlaced,-0.41425758145268365,0,1
0.736465448739975,1.611519271292134,-1.0852784214895703,-1.0318557299675197,1.4993637331675649,0.5587580241227753,NotPlaced,-0.5910872273628871,0,1
1.0538694734040654,1.611519271292134,-1.0852784214895703,1.2142535652005348,-0.4291984069278497,-0.9306297263350372,NotPlaced,0.46989064809833114,0,1
-0.691852662248424,0.050554537486061424,-1.0852784214895703,0.09119891761650768,-1.5863356909850983,-1.1788610180780061,NotPlaced,-0.5910872273628871,0,1
1.3712734980681531,1.611519271292134,0.09326023857568026,1.2142535652005348,1.3707929238278704,0.8069893158657431,Placed,1.177209231739143,1,1
-1.8027667485727352,0.050554537486061424,0.09326023857568026,-1.0318557299675197,-0.8149108349469326,0.06229544063683744,Placed,-0.41425758145268365,1,1
0.8951674610720188,1.611519271292134,1.2717988986409308,0.09119891761650768,-0.0434859789087668,0.31052673237980744,NotPlaced,1.3540388776493464,0,1
0.736465448739975,1.611519271292134,1.2717988986409308,1.2142535652005348,0.4707972584500104,0.06229544063683744,NotPlaced,1.8845278153799556,0,1
0.577763436407931,1.611519271292134,-1.0852784214895703,1.2142535652005348,1.2422221144881762,1.0552206076087132,Placed,0.46989064809833114,1,1
0.260359411743842,0.050554537486061424,-1.0852784214895703,0.09119891761650768,0.8565096864690933,1.3034518993516808,Placed,-0.5910872273628871,1,1
1.3712734980681531,1.611519271292134,0.09326023857568026,1.2142535652005348,-1.2006232629660154,0.31052673237980744,NotPlaced,1.177209231739143,0,1
1.3712734980681531,0.050554537486061424,-1.0852784214895703,1.2142535652005348,-0.1720567882484611,0.06229544063683744,Placed,-0.060598289632277744,1,1
1.688677522732241,1.611519271292134,1.2717988986409308,-1.0318557299675197,0.2136556397706218,-0.4341671428491004,Placed,0.8235499399187379,1,1
1.529975510400197,-1.5104101963200112,1.2717988986409308,-1.0318557299675197,0.4707972584500104,0.8069893158657431,Placed,-0.2374279355424807,1,0
0.260359411743842,0.050554537486061424,1.2717988986409308,1.2142535652005348,1.4993637331675649,1.3034518993516808,NotPlaced,1.3540388776493464,0,1
0.577763436407931,0.050554537486061424,1.2717988986409308,0.09119891761650768,1.113651305148482,-0.9306297263350372,NotPlaced,0.8235499399187379,0,1
1.3712734980681531,0.050554537486061424,1.2717988986409308,0.09119891761650768,0.4707972584500104,1.0552206076087132,Placed,0.8235499399187379,1,1
0.10165739941179809,0.050554537486061424,-1.0852784214895703,0.09119891761650768,-1.2006232629660154,-0.9306297263350372,NotPlaced,-0.5910872273628871,0,1
-0.057044612920247185,-1.5104101963200112,-1.0852784214895703,-1.0318557299675197,-0.6863400256072383,0.06229544063683744,Placed,-1.6520651028241051,1,0
-0.3744486375843349,0.050554537486061424,-1.0852784214895703,-1.0318557299675197,0.34222644911031613,0.06229544063683744,NotPlaced,-1.121576165093496,0,1
0.10165739941179809,0.050554537486061424,1.2717988986409308,-1.0318557299675197,0.9850804958087876,1.3034518993516808,Placed,0.2930610021881282,1,1
-1.8027667485727352,-1.5104101963200112,1.2717988986409308,-1.0318557299675197,0.34222644911031613,-1.1788610180780061,NotPlaced,-0.2374279355424807,0,0
-0.3744486375843349,0.050554537486061424,0.09326023857568026,-1.0318557299675197,0.2136556397706218,-0.4341671428491004,NotPlaced,-0.41425758145268365,0,1
-0.057044612920247185,0.050554537486061424,1.2717988986409308,-1.0318557299675197,-1.0720524536263212,-0.9306297263350372,NotPlaced,0.2930610021881282,0,1
-1.8027667485727352,0.050554537486061424,-1.0852784214895703,-1.0318557299675197,-1.2006232629660154,-1.9235548933069118,NotPlaced,-1.121576165093496,0,1
0.8951674610720188,0.050554537486061424,1.2717988986409308,1.2142535652005348,0.5993680677897048,0.31052673237980744,Placed,1.3540388776493464,1,1
0.8951674610720188,0.050554537486061424,0.09326023857568026,1.2142535652005348,0.9850804958087876,-0.18593585110613037,NotPlaced,0.6467202940085341,0,1
1.529975510400197,1.611519271292134,1.2717988986409308,-1.0318557299675197,0.8565096864690933,1.3034518993516808,Placed,0.8235499399187379,1,1
-1.167958699244557,-1.5104101963200112,-1.0852784214895703,-1.0318557299675197,0.34222644911031613,-0.6823984345920682,NotPlaced,-1.6520651028241051,0,0
0.10165739941179809,0.050554537486061424,0.09326023857568026,-1.0318557299675197,-0.0434859789087668,-1.6753236015639428,Placed,-0.41425758145268365,1,1
-1.4853627239086462,0.050554537486061424,-1.0852784214895703,-1.0318557299675197,-1.0720524536263212,-1.4270923098209738,NotPlaced,-1.121576165093496,0,1
1.2125714857361094,1.611519271292134,1.2717988986409308,0.09119891761650768,0.727938877129399,0.5587580241227753,Placed,1.3540388776493464,1,1
0.4190614240758872,0.050554537486061424,0.09326023857568026,0.09119891761650768,-0.3006275975881554,-0.4341671428491004,NotPlaced,0.11623135627792522,0,1
-0.057044612920247185,0.050554537486061424,0.09326023857568026,0.09119891761650768,-0.3006275975881554,0.06229544063683744,Placed,0.11623135627792522,1,1
1.688677522732241,-1.5104101963200112,1.2717988986409308,0.09119891761650768,1.2422221144881762,1.3034518993516808,Placed,0.2930610021881282,1,0
0.736465448739975,-1.5104101963200112,-1.0852784214895703,0.09119891761650768,-0.943481644286627,0.31052673237980744,NotPlaced,-1.121576165093496,0,0
-1.6440647362406915,0.050554537486061424,-1.0852784214895703,0.09119891761650768,0.8565096864690933,-0.4341671428491004,NotPlaced,-0.5910872273628871,0,1
1.2125714857361094,1.611519271292134,1.2717988986409308,1.2142535652005348,1.4993637331675649,-0.4341671428491004,Placed,1.8845278153799556,1,1
-0.8505546745804693,0.050554537486061424,1.2717988986409308,-1.0318557299675197,0.34222644911031613,0.31052673237980744,NotPlaced,0.2930610021881282,0,1
1.3712734980681531,0.050554537486061424,1.2717988986409308,1.2142535652005348,1.2422221144881762,-0.18593585110613037,Placed,1.3540388776493464,1,1
1.2125714857361094,0.050554537486061424,1.2717988986409308,-1.0318557299675197,0.34222644911031613,-1.6753236015639428,Placed,0.2930610021881282,1,1
-0.057044612920247185,-1.5104101963200112,-1.0852784214895703,-1.0318557299675197,0.4707972584500104,0.06229544063683744,NotPlaced,-1.6520651028241051,0,0
-1.8027667485727352,0.050554537486061424,0.09326023857568026,-1.0318557299675197,0.0850848304309275,0.8069893158657431,Placed,-0.41425758145268365,1,1
-0.3744486375843349,0.050554537486061424,0.09326023857568026,-1.0318557299675197,-1.0720524536263212,0.5587580241227753,Placed,-0.41425758145268365,1,1
-0.057044612920247185,0.050554537486061424,-1.0852784214895703,0.09119891761650768,-1.5863356909850983,0.06229544063683744,NotPlaced,-0.5910872273628871,0,1
1.0538694734040654,0.050554537486061424,1.2717988986409308,-1.0318557299675197,1.4993637331675649,-0.4341671428491004,Placed,0.2930610021881282,1,1
0.4190614240758872,0.050554537486061424,1.2717988986409308,0.09119891761650768,0.4707972584500104,0.06229544063683744,Placed,0.8235499399187379,1,1
-0.3744486375843349,0.050554537486061424,0.09326023857568026,0.09119891761650768,-2.3577605470232643,-2.6682487685358174,NotPlaced,0.11623135627792522,0,1
-0.691852662248424,-1.5104101963200112,0.09326023857568026,-1.0318557299675197,-0.1720567882484611,-1.4270923098209738,NotPlaced,-0.944746519183293,0,0
-0.3744486375843349,0.050554537486061424,-1.0852784214895703,-1.0318557299675197,-1.0720524536263212,-2.916480060278785,NotPlaced,-1.121576165093496,0,1
-0.057044612920247185,0.050554537486061424,0.09326023857568026,-1.0318557299675197,-1.7149065003247927,1.3034518993516808,Placed,-0.41425758145268365,1,1
0.8951674610720188,-1.5104101963200112,1.2717988986409308,1.2142535652005348,1.4993637331675649,0.31052673237980744,Placed,0.8235499399187379,1,0
-0.3744486375843349,0.050554537486061424,-1.0852784214895703,-1.0318557299675197,-1.2006232629660154,0.31052673237980744,NotPlaced,-1.121576165093496,0,1
1.2125714857361094,1.611519271292134,1.2717988986409308,0.09119891761650768,0.5993680677897048,0.31052673237980744,NotPlaced,1.3540388776493464,0,1
-0.3744486375843349,1.611519271292134,1.2717988986409308,-1.0318557299675197,0.34222644911031613,0.8069893158657431,NotPlaced,0.8235499399187379,0,1
-1.4853627239086462,0.050554537486061424,0.09326023857568026,-1.0318557299675197,1.4993637331675649,1.0552206076087132,Placed,-0.41425758145268365,1,1
-0.8505546745804693,0.050554537486061424,1.2717988986409308,0.09119891761650768,-0.1720567882484611,-0.18593585110613037,NotPlaced,0.8235499399187379,0,1
1.688677522732241,-1.5104101963200112,-1.0852784214895703,-1.0318557299675197,1.113651305148482,1.3034518993516808,Placed,-1.6520651028241051,1,0
-1.8027667485727352,0.050554537486061424,0.09326023857568026,1.2142535652005348,-0.3006275975881554,1.3034518993516808,NotPlaced,0.6467202940085341,0,1
0.10165739941179809,-1.5104101963200112,-1.0852784214895703,0.09119891761650768,-1.457764881645404,-0.18593585110613037,NotPlaced,-1.121576165093496,0,0
-1.6440647362406915,-1.5104101963200112,-1.0852784214895703,-1.0318557299675197,-0.943481644286627,0.06229544063683744,NotPlaced,-1.6520651028241051,0,0
-1.8027667485727352,0.050554537486061424,-1.0852784214895703,0.09119891761650768,-1.3291940723057099,-0.4341671428491004,NotPlaced,-0.5910872273628871,0,1
-1.8027667485727352,-1.5104101963200112,-1.0852784214895703,-1.0318557299675197,-2.22918973768357,-1.4270923098209738,NotPlaced,-1.6520651028241051,0,0
-0.057044612920247185,0.050554537486061424,0.09326023857568026,2.337308212784562,0.34222644911031613,0.8069893158657431,NotPlaced,1.177209231739143,0,1
0.10165739941179809,0.050554537486061424,-1.0852784214895703,1.2142535652005348,0.8565096864690933,1.0552206076087132,NotPlaced,-0.060598289632277744,0,1
0.260359411743842,0.050554537486061424,-1.0852784214895703,-1.0318557299675197,-0.943481644286627,-0.6823984345920682,NotPlaced,-1.121576165093496,0,1
-1.8027667485727352,0.050554537486061424,0.09326023857568026,0.09119891761650768,-2.22918973768357,-0.9306297263350372,NotPlaced,0.11623135627792522,0,1
0.10165739941179809,0.050554537486061424,-1.0852784214895703,-1.0318557299675197,0.4707972584500104,0.06229544063683744,NotPlaced,-1.121576165093496,0,1
1.2125714857361094,0.050554537486061424,1.2717988986409308,0.09119891761650768,0.0850848304309275,0.31052673237980744,Placed,0.8235499399187379,1,1
1.0538694734040654,0.050554537486061424,1.2717988986409308,1.2142535652005348,0.5993680677897048,0.8069893158657431,Placed,1.3540388776493464,1,1
-0.691852662248424,0.050554537486061424,-1.0852784214895703,-1.0318557299675197,-1.2006232629660154,-0.6823984345920682,NotPlaced,-1.121576165093496,0,1
-0.21574662525229105,0.050554537486061424,0.09326023857568026,0.09119891761650768,0.8565096864690933,-0.4341671428491004,NotPlaced,0.11623135627792522,0,1
0.736465448739975,0.050554537486061424,0.09326023857568026,-1.0318557299675197,0.0850848304309275,0.5587580241227753,NotPlaced,-0.41425758145268365,0,1
0.577763436407931,-1.5104101963200112,1.2717988986409308,0.09119891761650768,0.2136556397706218,0.8069893158657431,Placed,0.2930610021881282,1,0
0.577763436407931,-1.5104101963200112,0.09326023857568026,-1.0318557299675197,0.8565096864690933,-1.1788610180780061,NotPlaced,-0.944746519183293,0,0
-0.21574662525229105,0.050554537486061424,1.2717988986409308,2.337308212784562,1.4993637331675649,0.8069893158657431,Placed,1.8845278153799556,1,1
-0.3744486375843349,0.050554537486061424,0.09326023857568026,0.09119891761650768,0.34222644911031613,-0.18593585110613037,NotPlaced,0.11623135627792522,0,1
-1.3266607115766023,0.050554537486061424,-1.0852784214895703,-1.0318557299675197,-0.943481644286627,0.5587580241227753,NotPlaced,-1.121576165093496,0,1
0.736465448739975,0.050554537486061424,1.2717988986409308,-1.0318557299675197,1.2422221144881762,1.3034518993516808,Placed,0.2930610021881282,1,1
-1.8027667485727352,0.050554537486061424,0.09326023857568026,0.09119891761650768,0.727938877129399,1.0552206076087132,NotPlaced,0.11623135627792522,0,1
0.8951674610720188,1.611519271292134,1.2717988986409308,1.2142535652005348,0.34222644911031613,1.3034518993516808,NotPlaced,1.8845278153799556,0,1
-1.6440647362406915,0.050554537486061424,0.09326023857568026,-1.0318557299675197,-1.3291940723057099,-1.6753236015639428,NotPlaced,-0.41425758145268365,0,1
-0.057044612920247185,1.611519271292134,-1.0852784214895703,0.09119891761650768,-0.557769216267544,-1.1788610180780061,NotPlaced,-0.06059828963227817,0,1
-0.8505546745804693,0.050554537486061424,-1.0852784214895703,-1.0318557299675197,0.0850848304309275,-1.1788610180780061,NotPlaced,-1.121576165093496,0,1
0.577763436407931,-1.5104101963200112,1.2717988986409308,2.337308212784562,-0.8149108349469326,0.5587580241227753,Placed,1.3540388776493464,1,0
-0.057044612920247185,1.611519271292134,0.09326023857568026,0.09119891761650768,-0.1720567882484611,-0.4341671428491004,NotPlaced,0.6467202940085345,0,1
0.10165739941179809,-1.5104101963200112,0.09326023857568026,-1.0318557299675197,-0.3006275975881554,1.0552206076087132,Placed,-0.944746519183293,1,0
-0.21574662525229105,0.050554537486061424,-1.0852784214895703,-1.0318557299675197,-1.9720481190041814,0.5587580241227753,NotPlaced,-1.121576165093496,0,1
-1.8027667485727352,0.050554537486061424,-1.0852784214895703,0.09119891761650768,0.0850848304309275,-0.18593585110613037,NotPlaced,-0.5910872273628871,0,1
1.688677522732241,0.050554537486061424,1.2717988986409308,1.2142535652005348,1.4993637331675649,1.3034518993516808,Placed,1.3540388776493464,1,1
1.0538694734040654,0.050554537486061424,0.09326023857568026,0.09119891761650768,0.4707972584500104,1.0552206076087132,NotPlaced,0.11623135627792522,0,1
-0.691852662248424,1.611519271292134,1.2717988986409308,-1.0318557299675197,0.8565096864690933,1.3034518993516808,NotPlaced,0.8235499399187379,0,1
0.736465448739975,1.611519271292134,1.2717988986409308,1.2142535652005348,0.9850804958087876,1.3034518993516808,Placed,1.8845278153799556,1,1
0.10165739941179809,0.050554537486061424,0.09326023857568026,0.09119891761650768,-1.3291940723057099,-0.18593585110613037,NotPlaced,0.11623135627792522,0,1
0.260359411743842,1.611519271292134,1.2717988986409308,-1.0318557299675197,1.3707929238278704,0.5587580241227753,Placed,0.8235499399187379,1,1
1.0538694734040654,0.050554537486061424,1.2717988986409308,1.2142535652005348,-0.1720567882484611,-0.6823984345920682,NotPlaced,1.3540388776493464,0,1
0.736465448739975,0.050554537486061424,-2.2638170815548206,0.09119891761650768,0.4707972584500104,-2.1717861850498807,NotPlaced,-1.298405811003699,0,1
-1.3266607115766023,0.050554537486061424,-1.0852784214895703,-1.0318557299675197,-0.3006275975881554,0.5587580241227753,Placed,-1.121576165093496,1,1
1.0538694734040654,0.050554537486061424,-1.0852784214895703,0.09119891761650768,-1.7149065003247927,-0.18593585110613037,NotPlaced,-0.5910872273628871,0,1
-1.167958699244557,-1.5104101963200112,-1.0852784214895703,0.09119891761650768,-1.0720524536263212,-1.9235548933069118,NotPlaced,-1.121576165093496,0,0
-0.057044612920247185,1.611519271292134,-1.0852784214895703,0.09119891761650768,-1.5863356909850983,-1.4270923098209738,NotPlaced,-0.06059828963227817,0,1
-1.4853627239086462,-1.5104101963200112,-1.0852784214895703,0.09119891761650768,-1.843477309664487,0.31052673237980744,NotPlaced,-1.121576165093496,0,0
-0.057044612920247185,0.050554537486061424,0.09326023857568026,1.2142535652005348,-0.3006275975881554,0.5587580241227753,NotPlaced,0.6467202940085341,0,1
1.2125714857361094,1.611519271292134,1.2717988986409308,2.337308212784562,1.113651305148482,1.3034518993516808,Placed,2.4150167531105646,1,1
1.3712734980681531,0.050554537486061424,1.2717988986409308,-1.0318557299675197,0.9850804958087876,0.5587580241227753,Placed,0.2930610021881282,1,1
-0.21574662525229105,0.050554537486061424,1.2717988986409308,-1.0318557299675197,0.9850804958087876,0.5587580241227753,Placed,0.2930610021881282,1,1
-0.3744486375843349,0.050554537486061424,-1.0852784214895703,-1.0318557299675197,-0.557769216267544,-1.4270923098209738,NotPlaced,-1.121576165093496,0,1
-0.057044612920247185,0.050554537486061424,-1.0852784214895703,0.09119891761650768,-1.0720524536263212,1.0552206076087132,NotPlaced,-0.5910872273628871,0,1
-1.8027667485727352,0.050554537486061424,-1.0852784214895703,0.09119891761650768,-0.4291984069278497,-0.6823984345920682,NotPlaced,-0.5910872273628871,0,1
-1.6440647362406915,-1.5104101963200112,-1.0852784214895703,0.09119891761650768,-0.943481644286627,-2.1717861850498807,NotPlaced,-1.121576165093496,0,0
-1.3266607115766023,0.050554537486061424,-1.0852784214895703,-1.0318557299675197,-0.6863400256072383,0.06229544063683744,NotPlaced,-1.121576165093496,0,1
0.736465448739975,0.050554537486061424,1.2717988986409308,2.337308212784562,0.8565096864690933,1.3034518993516808,Placed,1.8845278153799556,1,1
1.0538694734040654,0.050554537486061424,0.09326023857568026,-1.0318557299675197,1.3707929238278704,0.5587580241227753,NotPlaced,-0.41425758145268365,0,1
-0.3744486375843349,-1.5104101963200112,-1.0852784214895703,-1.0318557299675197,0.4707972584500104,-0.4341671428491004,NotPlaced,-1.6520651028241051,0,0
1.2125714857361094,-1.5104101963200112,-1.0852784214895703,-1.0318557299675197,0.727938877129399,1.3034518993516808,Placed,-1.6520651028241051,1,0
-1.8027667485727352,-1.5104101963200112,0.09326023857568026,-1.0318557299675197,0.0850848304309275,-1.6753236015639428,NotPlaced,-0.944746519183293,0,0
0.577763436407931,0.050554537486061424,-1.0852784214895703,-1.0318557299675197,-1.2006232629660154,-1.6753236015639428,NotPlaced,-1.121576165093496,0,1
1.0538694734040654,0.050554537486061424,0.09326023857568026,0.09119891761650768,-0.6863400256072383,-0.9306297263350372,NotPlaced,0.11623135627792522,0,1
-1.6440647362406915,-1.5104101963200112,-1.0852784214895703,-1.0318557299675197,1.2422221144881762,0.06229544063683744,NotPlaced,-1.6520651028241051,0,0
-1.3266607115766023,0.050554537486061424,-1.0852784214895703,-1.0318557299675197,-1.5863356909850983,-1.9235548933069118,NotPlaced,-1.121576165093496,0,1
-0.057044612920247185,1.611519271292134,0.09326023857568026,0.09119891761650768,-0.8149108349469326,-0.9306297263350372,NotPlaced,0.6467202940085345,0,1
0.577763436407931,1.611519271292134,-1.0852784214895703,-1.0318557299675197,0.4707972584500104,0.8069893158657431,Placed,-0.5910872273628871,1,1
0.260359411743842,-1.5104101963200112,1.2717988986409308,1.2142535652005348,0.8565096864690933,0.8069893158657431,NotPlaced,0.8235499399187379,0,0
-1.8027667485727352,-1.5104101963200112,1.2717988986409308,0.09119891761650768,-1.457764881645404,-0.4341671428491004,NotPlaced,0.2930610021881282,0,0
-0.3744486375843349,-1.5104101963200112,-1.0852784214895703,-1.0318557299675197,-0.6863400256072383,-0.4341671428491004,NotPlaced,-1.6520651028241051,0,0
-0.21574662525229105,0.050554537486061424,0.09326023857568026,-1.0318557299675197,0.34222644911031613,0.31052673237980744,NotPlaced,-0.41425758145268365,0,1
-0.057044612920247185,-1.5104101963200112,-1.0852784214895703,0.09119891761650768,-0.4291984069278497,-0.18593585110613037,NotPlaced,-1.121576165093496,0,0
-0.8505546745804693,1.611519271292134,0.09326023857568026,1.2142535652005348,0.5993680677897048,1.3034518993516808,Placed,1.177209231739143,1,1
1.0538694734040654,1.611519271292134,0.09326023857568026,-1.0318557299675197,-0.0434859789087668,-0.4341671428491004,Placed,0.11623135627792522,1,1
0.10165739941179809,0.050554537486061424,1.2717988986409308,-1.0318557299675197,1.3707929238278704,1.3034518993516808,Placed,0.2930610021881282,1,1
0.4190614240758872,-1.5104101963200112,0.09326023857568026,0.09119891761650768,-0.8149108349469326,0.06229544063683744,NotPlaced,-0.41425758145268365,0,0
0.4190614240758872,0.050554537486061424,0.09326023857568026,1.2142535652005348,1.113651305148482,-1.6753236015639428,Placed,0.6467202940085341,1,1
-0.21574662525229105,0.050554537486061424,1.2717988986409308,1.2142535652005348,-0.8149108349469326,0.5587580241227753,NotPlaced,1.3540388776493464,0,1
-0.21574662525229105,-1.5104101963200112,-1.0852784214895703,1.2142535652005348,-0.6863400256072383,-0.9306297263350372,Placed,-0.5910872273628871,1,0
-0.21574662525229105,-1.5104101963200112,-1.0852784214895703,-1.0318557299675197,-0.943481644286627,-1.1788610180780061,NotPlaced,-1.6520651028241051,0,0
1.688677522732241,1.611519271292134,1.2717988986409308,-1.0318557299675197,1.113651305148482,1.3034518993516808,Placed,0.8235499399187379,1,1
1.2125714857361094,0.050554537486061424,-2.2638170815548206,1.2142535652005348,0.34222644911031613,-0.18593585110613037,Placed,-0.7679168732730902,1,1
-1.8027667485727352,1.611519271292134,1.2717988986409308,-1.0318557299675197,-0.1720567882484611,0.06229544063683744,NotPlaced,0.8235499399187379,0,1
-0.057044612920247185,0.050554537486061424,1.2717988986409308,0.09119891761650768,-0.1720567882484611,0.8069893158657431,NotPlaced,0.8235499399187379,0,1
-0.3744486375843349,0.050554537486061424,0.09326023857568026,0.09119891761650768,-0.557769216267544,0.06229544063683744,NotPlaced,0.11623135627792522,0,1
0.260359411743842,-1.5104101963200112,1.2717988986409308,-1.0318557299675197,-0.557769216267544,-0.4341671428491004,NotPlaced,-0.2374279355424807,0,0
1.0538694734040654,0.050554537486061424,1.2717988986409308,1.2142535652005348,0.8565096864690933,1.3034518993516808,Placed,1.3540388776493464,1,1
-1.4853627239086462,1.611519271292134,-1.0852784214895703,-1.0318557299675197,-0.0434859789087668,0.31052673237980744,NotPlaced,-0.5910872273628871,0,1
1.0538694734040654,-1.5104101963200112,-1.0852784214895703,1.2142535652005348,1.4993637331675649,1.3034518993516808,Placed,-0.5910872273628871,1,0
-0.21574662525229105,-1.5104101963200112,-1.0852784214895703,-1.0318557299675197,1.2422221144881762,1.0552206076087132,NotPlaced,-1.6520651028241051,0,0
-1.8027667485727352,0.050554537486061424,-1.0852784214895703,-1.0318557299675197,-0.0434859789087668,-0.9306297263350372,NotPlaced,-1.121576165093496,0,1
-0.057044612920247185,1.611519271292134,-1.0852784214895703,1.2142535652005348,0.0850848304309275,0.5587580241227753,Placed,0.46989064809833114,1,1
0.10165739941179809,-1.5104101963200112,-1.0852784214895703,-1.0318557299675197,-1.0720524536263212,-1.4270923098209738,Placed,-1.6520651028241051,1,0
0.260359411743842,-1.5104101963200112,1.2717988986409308,1.2142535652005348,-0.6863400256072383,0.8069893158657431,NotPlaced,0.8235499399187379,0,0
0.577763436407931,1.611519271292134,1.2717988986409308,0.09119891761650768,1.113651305148482,1.0552206076087132,Placed,1.3540388776493464,1,1
1.529975510400197,0.050554537486061424,1.2717988986409308,-1.0318557299675197,0.5993680677897048,1.3034518993516808,Placed,0.2930610021881282,1,1
-0.5331506499163802,0.050554537486061424,-1.0852784214895703,0.09119891761650768,-1.7149065003247927,-1.1788610180780061,NotPlaced,-0.5910872273628871,0,1
1.3712734980681531,-1.5104101963200112,0.09326023857568026,1.2142535652005348,0.8565096864690933,-0.18593585110613037,Placed,0.11623135627792522,1,0
1.0538694734040654,1.611519271292134,1.2717988986409308,-1.0318557299675197,0.8565096864690933,1.0552206076087132,NotPlaced,0.8235499399187379,0,1
-0.21574662525229105,0.050554537486061424,1.2717988986409308,1.2142535652005348,-0.0434859789087668,1.3034518993516808,NotPlaced,1.3540388776493464,0,1
0.4190614240758872,-1.5104101963200112,-1.0852784214895703,1.2142535652005348,0.9850804958087876,0.06229544063683744,Placed,-0.5910872273628871,1,0
-1.3266607115766023,-1.5104101963200112,-1.0852784214895703,0.09119891761650768,-1.457764881645404,-2.1717861850498807,NotPlaced,-1.121576165093496,0,0
-1.4853627239086462,0.050554537486061424,0.09326023857568026,-1.0318557299675197,-0.3006275975881554,1.3034518993516808,Placed,-0.41425758145268365,1,1
0.10165739941179809,0.050554537486061424,-1.0852784214895703,-1.0318557299675197,-0.4291984069278497,-0.6823984345920682,Placed,-1.121576165093496,1,1
-0.3744486375843349,0.050554537486061424,0.09326023857568026,0.09119891761650768,-0.8149108349469326,0.31052673237980744,NotPlaced,0.11623135627792522,0,1
-1.6440647362406915,0.050554537486061424,0.09326023857568026,-1.0318557299675197,1.113651305148482,0.8069893158657431,NotPlaced,-0.41425758145268365,0,1
0.10165739941179809,0.050554537486061424,-1.0852784214895703,0.09119891761650768,-0.4291984069278497,-1.9235548933069118,Placed,-0.5910872273628871,1,1
-0.3744486375843349,0.050554537486061424,0.09326023857568026,-1.0318557299675197,0.4707972584500104,0.06229544063683744,NotPlaced,-0.41425758145268365,0,1
-1.3266607115766023,0.050554537486061424,-1.0852784214895703,1.2142535652005348,-0.1720567882484611,-0.4341671428491004,NotPlaced,-0.060598289632277744,0,1
1.8473795350642876,-1.5104101963200112,1.2717988986409308,-1.0318557299675197,0.4707972584500104,1.3034518993516808,Placed,-0.2374279355424807,1,0
0.260359411743842,1.611519271292134,1.2717988986409308,1.2142535652005348,1.4993637331675649,0.5587580241227753,Placed,1.8845278153799556,1,1
-0.5331506499163802,0.050554537486061424,-1.0852784214895703,0.09119891761650768,-1.3291940723057099,-0.18593585110613037,NotPlaced,-0.5910872273628871,0,1
0.8951674610720188,0.050554537486061424,1.2717988986409308,-1.0318557299675197,0.5993680677897048,0.31052673237980744,Placed,0.2930610021881282,1,1
-1.4853627239086462,-1.5104101963200112,1.2717988986409308,1.2142535652005348,1.4993637331675649,1.3034518993516808,Placed,0.8235499399187379,1,0
-1.3266607115766023,0.050554537486061424,-1.0852784214895703,-1.0318557299675197,-2.3577605470232643,-1.9235548933069118,NotPlaced,-1.121576165093496,0,1
-0.21574662525229105,0.050554537486061424,-1.0852784214895703,0.09119891761650768,1.113651305148482,-0.18593585110613037,NotPlaced,-0.5910872273628871,0,1
1.3712734980681531,0.050554537486061424,1.2717988986409308,1.2142535652005348,1.4993637331675649,1.0552206076087132,NotPlaced,1.3540388776493464,0,1
1.3712734980681531,0.050554537486061424,0.09326023857568026,-1.0318557299675197,-0.4291984069278497,0.5587580241227753,NotPlaced,-0.41425758145268365,0,1
-0.21574662525229105,-1.5104101963200112,-1.0852784214895703,-1.0318557299675197,-1.5863356909850983,0.06229544063683744,NotPlaced,-1.6520651028241051,0,0
-0.21574662525229105,1.611519271292134,-1.0852784214895703,1.2142535652005348,0.2136556397706218,-0.6823984345920682,NotPlaced,0.46989064809833114,0,1
-0.057044612920247185,0.050554537486061424,-1.0852784214895703,0.09119891761650768,-1.0720524536263212,0.8069893158657431,NotPlaced,-0.5910872273628871,0,1
-1.8027667485727352,0.050554537486061424,0.09326023857568026,-1.0318557299675197,-1.5863356909850983,-0.18593585110613037,NotPlaced,-0.41425758145268365,0,1
-1.6440647362406915,0.050554537486061424,0.09326023857568026,-1.0318557299675197,0.0850848304309275,0.31052673237980744,NotPlaced,-0.41425758145268365,0,1
0.10165739941179809,-1.5104101963200112,0.09326023857568026,0.09119891761650768,-1.843477309664487,0.31052673237980744,NotPlaced,-0.41425758145268365,0,0
1.8473795350642876,0.050554537486061424,1.2717988986409308,1.2142535652005348,1.3707929238278704,0.5587580241227753,Placed,1.3540388776493464,1,1
-0.21574662525229105,0.050554537486061424,-1.0852784214895703,1.2142535652005348,-1.3291940723057099,0.8069893158657431,NotPlaced,-0.060598289632277744,0,1
-0.21574662525229105,0.050554537486061424,0.09326023857568026,1.2142535652005348,-0.0434859789087668,0.5587580241227753,NotPlaced,0.6467202940085341,0,1
0.577763436407931,1.611519271292134,-1.0852784214895703,1.2142535652005348,1.4993637331675649,0.8069893158657431,NotPlaced,0.46989064809833114,0,1
0.260359411743842,0.050554537486061424,-1.0852784214895703,-1.0318557299675197,0.0850848304309275,-1.1788610180780061,NotPlaced,-1.121576165093496,0,1
0.736465448739975,1.611519271292134,1.2717988986409308,0.09119891761650768,-0.557769216267544,-0.6823984345920682,NotPlaced,1.3540388776493464,0,1
-1.6440647362406915,1.611519271292134,0.09326023857568026,1.2142535652005348,-0.943481644286627,-1.6753236015639428,NotPlaced,1.177209231739143,0,1
1.529975510400197,0.050554537486061424,-1.0852784214895703,1.2142535652005348,-0.4291984069278497,0.5587580241227753,NotPlaced,-0.060598289632277744,0,1
0.736465448739975,-1.5104101963200112,1.2717988986409308,0.09119891761650768,0.9850804958087876,1.0552206076087132,Placed,0.2930610021881282,1,0
-0.057044612920247185,0.050554537486061424,0.09326023857568026,1.2142535652005348,-1.7149065003247927,1.3034518993516808,NotPlaced,0.6467202940085341,0,1
-0.5331506499163802,-1.5104101963200112,-1.0852784214895703,-1.0318557299675197,-1.843477309664487,-1.4270923098209738,NotPlaced,-1.6520651028241051,0,0
-1.8027667485727352,-1.5104101963200112,0.09326023857568026,0.09119891761650768,-0.8149108349469326,-0.9306297263350372,NotPlaced,-0.41425758145268365,0,0
1.3712734980681531,0.050554537486061424,1.2717988986409308,-1.0318557299675197,-1.0720524536263212,-1.4270923098209738,NotPlaced,0.2930610021881282,0,1
1.3712734980681531,0.050554537486061424,1.2717988986409308,1.2142535652005348,0.8565096864690933,0.06229544063683744,Placed,1.3540388776493464,1,1
0.736465448739975,0.050554537486061424,0.09326023857568026,-1.0318557299675197,0.0850848304309275,-0.4341671428491004,Placed,-0.41425758145268365,1,1
-0.691852662248424,0.050554537486061424,1.2717988986409308,1.2142535652005348,0.727938877129399,0.31052673237980744,NotPlaced,1.3540388776493464,0,1
1.2125714857361094,1.611519271292134,1.2717988986409308,1.2142535652005348,1.3707929238278704,0.31052673237980744,Placed,1.8845278153799556,1,1
-0.3744486375843349,-1.5104101963200112,0.09326023857568026,-1.0318557299675197,0.2136556397706218,1.3034518993516808,NotPlaced,-0.944746519183293,0,0
-0.057044612920247185,0.050554537486061424,0.09326023857568026,-1.0318557299675197,0.4707972584500104,-0.6823984345920682,NotPlaced,-0.41425758145268365,0,1
-0.057044612920247185,0.050554537486061424,0.09326023857568026,-1.0318557299675197,-0.4291984069278497,-0.9306297263350372,NotPlaced,-0.41425758145268365,0,1
0.736465448739975,1.611519271292134,1.2717988986409308,-1.0318557299675197,1.113651305148482,0.31052673237980744,Placed,0.8235499399187379,1,1
1.0538694734040654,1.611519271292134,1.2717988986409308,1.2142535652005348,0.8565096864690933,1.3034518993516808,NotPlaced,1.8845278153799556,0,1
-1.4853627239086462,0.050554537486061424,0.09326023857568026,0.09119891761650768,0.34222644911031613,-1.1788610180780061,NotPlaced,0.11623135627792522,0,1
-0.057044612920247185,-1.5104101963200112,-1.0852784214895703,-1.0318557299675197,1.4993637331675649,-0.4341671428491004,NotPlaced,-1.6520651028241051,0,0
1.688677522732241,1.611519271292134,1.2717988986409308,2.337308212784562,1.3707929238278704,0.5587580241227753,Placed,2.4150167531105646,1,1
1.688677522732241,1.611519271292134,1.2717988986409308,1.2142535652005348,-0.1720567882484611,1.3034518993516808,Placed,1.8845278153799556,1,1
-1.3266607115766023,-1.5104101963200112,-1.0852784214895703,0.09119891761650768,-1.843477309664487,-1.1788610180780061,NotPlaced,-1.121576165093496,0,0
-0.057044612920247185,-1.5104101963200112,-1.0852784214895703,1.2142535652005348,0.5993680677897048,1.0552206076087132,Placed,-0.5910872273628871,1,0
1.688677522732241,1.611519271292134,1.2717988986409308,-1.0318557299675197,0.4707972584500104,-0.4341671428491004,Placed,0.8235499399187379,1,1
-0.057044612920247185,0.050554537486061424,-1.0852784214895703,1.2142535652005348,-0.6863400256072383,-0.18593585110613037,NotPlaced,-0.060598289632277744,0,1
0.736465448739975,0.050554537486061424,1.2717988986409308,1.2142535652005348,1.4993637331675649,0.06229544063683744,NotPlaced,1.3540388776493464,0,1
0.736465448739975,1.611519271292134,1.2717988986409308,1.2142535652005348,0.8565096864690933,0.5587580241227753,Placed,1.8845278153799556,1,1
0.577763436407931,1.611519271292134,-1.0852784214895703,1.2142535652005348,0.2136556397706218,0.8069893158657431,Placed,0.46989064809833114,1,1
0.10165739941179809,1.611519271292134,-1.0852784214895703,0.09119891761650768,-1.843477309664487,-1.4270923098209738,NotPlaced,-0.06059828963227817,0,1
1.2125714857361094,-1.5104101963200112,-1.0852784214895703,-1.0318557299675197,-0.3006275975881554,-0.18593585110613037,Placed,-1.6520651028241051,1,0
1.3712734980681531,-1.5104101963200112,0.09326023857568026,1.2142535652005348,0.8565096864690933,-0.4341671428491004,Placed,0.11623135627792522,1,0
1.688677522732241,-1.5104101963200112,0.09326023857568026,-1.0318557299675197,0.34222644911031613,1.0552206076087132,Placed,-0.944746519183293,1,0
1.529975510400197,1.611519271292134,0.09326023857568026,0.09119891761650768,-0.0434859789087668,1.3034518993516808,NotPlaced,0.6467202940085345,0,1
0.4190614240758872,0.050554537486061424,-1.0852784214895703,-1.0318557299675197,-0.6863400256072383,-0.6823984345920682,NotPlaced,-1.121576165093496,0,1
-0.057044612920247185,0.050554537486061424,-1.0852784214895703,-1.0318557299675197,-1.7149065003247927,-2.916480060278785,NotPlaced,-1.121576165093496,0,1
-1.167958699244557,0.050554537486061424,-1.0852784214895703,-1.0318557299675197,-0.943481644286627,0.5587580241227753,NotPlaced,-1.121576165093496,0,1
-1.6440647362406915,-1.5104101963200112,-1.0852784214895703,0.09119891761650768,-0.4291984069278497,-2.6682487685358174,NotPlaced,-1.121576165093496,0,0
-0.21574662525229105,0.050554537486061424,0.09326023857568026,-1.0318557299675197,-1.2006232629660154,-0.4341671428491004,NotPlaced,-0.41425758145268365,0,1
-0.8505546745804693,0.050554537486061424,-1.0852784214895703,-1.0318557299675197,-1.2006232629660154,-1.6753236015639428,NotPlaced,-1.121576165093496,0,1
1.2125714857361094,-1.5104101963200112,-1.0852784214895703,0.09119891761650768,-1.457764881645404,-0.4341671428491004,Placed,-1.121576165093496,1,0
0.260359411743842,0.050554537486061424,-1.0852784214895703,-1.0318557299675197,-0.1720567882484611,-1.1788610180780061,NotPlaced,-1.121576165093496,0,1
-0.691852662248424,0.050554537486061424,1.2717988986409308,1.2142535652005348,0.34222644911031613,1.3034518993516808,NotPlaced,1.3540388776493464,0,1
-1.0092566869125132,-1.5104101963200112,-1.0852784214895703,-1.0318557299675197,-2.1006189283438754,1.0552206076087132,NotPlaced,-1.6520651028241051,0,0
-0.3744486375843349,0.050554537486061424,-1.0852784214895703,-1.0318557299675197,0.2136556397706218,-2.1717861850498807,NotPlaced,-1.121576165093496,0,1
-1.8027667485727352,-1.5104101963200112,-1.0852784214895703,0.09119891761650768,0.2136556397706218,-2.1717861850498807,NotPlaced,-1.121576165093496,0,0
1.2125714857361094,1.611519271292134,1.2717988986409308,-1.0318557299675197,0.9850804958087876,1.0552206076087132,Placed,0.8235499399187379,1,1
-0.691852662248424,0.050554537486061424,0.09326023857568026,-1.0318557299675197,-1.0720524536263212,-1.6753236015639428,NotPlaced,-0.41425758145268365,0,1
-0.057044612920247185,0.050554537486061424,0.09326023857568026,0.09119891761650768,-0.6863400256072383,-0.9306297263350372,NotPlaced,0.11623135627792522,0,1
-0.21574662525229105,0.050554537486061424,-1.0852784214895703,-1.0318557299675197,-1.0720524536263212,1.3034518993516808,NotPlaced,-1.121576165093496,0,1
-0.3744486375843349,0.050554537486061424,-1.0852784214895703,-1.0318557299675197,-0.1720567882484611,-0.18593585110613037,NotPlaced,-1.121576165093496,0,1
1.529975510400197,1.611519271292134,-1.0852784214895703,2.337308212784562,0.2136556397706218,0.5587580241227753,Placed,1.00037958582894,1,1
0.4190614240758872,0.050554537486061424,0.09326023857568026,0.09119891761650768,-0.1720567882484611,0.31052673237980744,NotPlaced,0.11623135627792522,0,1
-0.21574662525229105,0.050554537486061424,0.09326023857568026,0.09119891761650768,-1.843477309664487,-0.18593585110613037,NotPlaced,0.11623135627792522,0,1
1.529975510400197,0.050554537486061424,1.2717988986409308,1.2142535652005348,0.9850804958087876,0.5587580241227753,Placed,1.3540388776493464,1,1
-0.21574662525229105,0.050554537486061424,0.09326023857568026,-1.0318557299675197,-1.9720481190041814,-2.1717861850498807,NotPlaced,-0.41425758145268365,0,1
0.10165739941179809,0.050554537486061424,-1.0852784214895703,0.09119891761650768,-0.8149108349469326,-0.9306297263350372,NotPlaced,-0.5910872273628871,0,1
1.2125714857361094,-1.5104101963200112,-1.0852784214895703,-1.0318557299675197,-0.6863400256072383,0.31052673237980744,NotPlaced,-1.6520651028241051,0,0
-0.21574662525229105,0.050554537486061424,-1.0852784214895703,-1.0318557299675197,-0.1720567882484611,0.8069893158657431,NotPlaced,-1.121576165093496,0,1
-1.8027667485727352,-1.5104101963200112,1.2717988986409308,1.2142535652005348,-0.6863400256072383,0.5587580241227753,Placed,0.8235499399187379,1,0
-1.6440647362406915,0.050554537486061424,-1.0852784214895703,0.09119891761650768,-0.1720567882484611,-0.6823984345920682,NotPlaced,-0.5910872273628871,0,1
1.0538694734040654,-1.5104101963200112,1.2717988986409308,0.09119891761650768,1.2422221144881762,-0.18593585110613037,Placed,0.2930610021881282,1,0
0.260359411743842,0.050554537486061424,1.2717988986409308,-1.0318557299675197,1.113651305148482,-0.4341671428491004,NotPlaced,0.2930610021881282,0,1
-1.8027667485727352,0.050554537486061424,-1.0852784214895703,0.09119891761650768,-1.5863356909850983,-1.1788610180780061,NotPlaced,-0.5910872273628871,0,1
1.688677522732241,0.050554537486061424,0.09326023857568026,1.2142535652005348,-0.6863400256072383,0.31052673237980744,NotPlaced,0.6467202940085341,0,1
-1.6440647362406915,0.050554537486061424,-1.0852784214895703,-1.0318557299675197,-0.8149108349469326,-0.4341671428491004,Placed,-1.121576165093496,1,1
-0.691852662248424,-1.5104101963200112,0.09326023857568026,0.09119891761650768,0.9850804958087876,-0.18593585110613037,NotPlaced,-0.41425758145268365,0,0
1.529975510400197,1.611519271292134,-1.0852784214895703,1.2142535652005348,1.4993637331675649,1.3034518993516808,Placed,0.46989064809833114,1,1
-1.6440647362406915,0.050554537486061424,-1.0852784214895703,-1.0318557299675197,-1.9720481190041814,-1.1788610180780061,NotPlaced,-1.121576165093496,0,1
-0.21574662525229105,0.050554537486061424,-1.0852784214895703,-1.0318557299675197,-1.457764881645404,-1.1788610180780061,NotPlaced,-1.121576165093496,0,1
1.0538694734040654,-1.5104101963200112,-1.0852784214895703,-1.0318557299675197,0.34222644911031613,0.31052673237980744,NotPlaced,-1.6520651028241051,0,0
0.10165739941179809,0.050554537486061424,-1.0852784214895703,0.09119891761650768,-1.5863356909850983,-2.4200174767928493,NotPlaced,-0.5910872273628871,0,1
-0.057044612920247185,-1.5104101963200112,-1.0852784214895703,-1.0318557299675197,-0.0434859789087668,0.06229544063683744,Placed,-1.6520651028241051,1,0
-0.3744486375843349,0.050554537486061424,0.09326023857568026,0.09119891761650768,-0.0434859789087668,0.8069893158657431,NotPlaced,0.11623135627792522,0,1
-1.8027667485727352,0.050554537486061424,0.09326023857568026,-1.0318557299675197,-0.4291984069278497,-0.6823984345920682,NotPlaced,-0.41425758145268365,0,1
0.10165739941179809,-1.5104101963200112,-1.0852784214895703,0.09119891761650768,-1.457764881645404,-2.1717861850498807,NotPlaced,-1.121576165093496,0,0
1.2125714857361094,0.050554537486061424,1.2717988986409308,2.337308212784562,1.4993637331675649,1.0552206076087132,Placed,1.8845278153799556,1,1
-0.057044612920247185,1.611519271292134,0.09326023857568026,-1.0318557299675197,1.3707929238278704,-1.1788610180780061,NotPlaced,0.11623135627792522,0,1
-0.8505546745804693,0.050554537486061424,-1.0852784214895703,1.2142535652005348,-0.6863400256072383,-0.18593585110613037,NotPlaced,-0.060598289632277744,0,1
1.0538694734040654,0.050554537486061424,1.2717988986409308,1.2142535652005348,1.3707929238278704,1.0552206076087132,Placed,1.3540388776493464,1,1
1.2125714857361094,1.611519271292134,0.09326023857568026,1.2142535652005348,-0.0434859789087668,0.5587580241227753,Placed,1.177209231739143,1,1
1.8473795350642876,-1.5104101963200112,0.09326023857568026,0.09119891761650768,-0.0434859789087668,0.5587580241227753,NotPlaced,-0.41425758145268365,0,0
-1.8027667485727352,0.050554537486061424,-1.0852784214895703,0.09119891761650768,-1.843477309664487,0.31052673237980744,NotPlaced,-0.5910872273628871,0,1
0.736465448739975,1.611519271292134,1.2717988986409308,-1.0318557299675197,1.2422221144881762,0.8069893158657431,Placed,0.8235499399187379,1,1
-1.3266607115766023,-1.5104101963200112,0.09326023857568026,1.2142535652005348,0.727938877129399,0.5587580241227753,NotPlaced,0.11623135627792522,0,0
-0.057044612920247185,-1.5104101963200112,-1.0852784214895703,0.09119891761650768,-1.0720524536263212,-0.9306297263350372,Placed,-1.121576165093496,1,0
0.8951674610720188,-1.5104101963200112,-1.0852784214895703,-1.0318557299675197,-0.3006275975881554,0.31052673237980744,NotPlaced,-1.6520651028241051,0,0
0.4190614240758872,0.050554537486061424,1.2717988986409308,-1.0318557299675197,-0.0434859789087668,-0.18593585110613037,Placed,0.2930610021881282,1,1
1.2125714857361094,1.611519271292134,0.09326023857568026,-1.0318557299675197,-0.557769216267544,0.31052673237980744,NotPlaced,0.11623135627792522,0,1
-0.057044612920247185,-1.5104101963200112,0.09326023857568026,-1.0318557299675197,-1.3291940723057099,-0.9306297263350372,NotPlaced,-0.944746519183293,0,0
-0.3744486375843349,0.050554537486061424,-1.0852784214895703,-1.0318557299675197,1.4993637331675649,0.31052673237980744,NotPlaced,-1.121576165093496,0,1
0.736465448739975,-1.5104101963200112,1.2717988986409308,1.2142535652005348,1.4993637331675649,-0.18593585110613037,Placed,0.8235499399187379,1,0
1.2125714857361094,0.050554537486061424,0.09326023857568026,-1.0318557299675197,-0.3006275975881554,1.0552206076087132,NotPlaced,-0.41425758145268365,0,1
-1.3266607115766023,-1.5104101963200112,-1.0852784214895703,1.2142535652005348,-0.1720567882484611,0.8069893158657431,NotPlaced,-0.5910872273628871,0,0
-0.057044612920247185,-1.5104101963200112,-1.0852784214895703,-1.0318557299675197,-0.4291984069278497,-0.18593585110613037,NotPlaced,-1.6520651028241051,0,0
0.4190614240758872,0.050554537486061424,1.2717988986409308,1.2142535652005348,1.4993637331675649,1.0552206076087132,Placed,1.3540388776493464,1,1
0.736465448739975,0.050554537486061424,0.09326023857568026,0.09119891761650768,-0.1720567882484611,0.31052673237980744,NotPlaced,0.11623135627792522,0,1
-1.8027667485727352,0.050554537486061424,-1.0852784214895703,-1.0318557299675197,-1.2006232629660154,0.5587580241227753,NotPlaced,-1.121576165093496,0,1
0.8951674610720188,0.050554537486061424,1.2717988986409308,1.2142535652005348,1.4993637331675649,0.8069893158657431,Placed,1.3540388776493464,1,1
-1.8027667485727352,-1.5104101963200112,-1.0852784214895703,1.2142535652005348,0.2136556397706218,-0.4341671428491004,NotPlaced,-0.5910872273628871,0,0
1.0538694734040654,-1.5104101963200112,1.2717988986409308,1.2142535652005348,1.2422221144881762,1.3034518993516808,Placed,0.8235499399187379,1,0
-0.21574662525229105,0.050554537486061424,-1.0852784214895703,0.09119891761650768,-0.1720567882484611,0.5587580241227753,Placed,-0.5910872273628871,1,1
0.736465448739975,1.611519271292134,1.2717988986409308,0.09119891761650768,1.2422221144881762,-0.18593585110613037,Placed,1.3540388776493464,1,1
0.8951674610720188,0.050554537486061424,1.2717988986409308,1.2142535652005348,0.9850804958087876,0.31052673237980744,Placed,1.3540388776493464,1,1
1.2125714857361094,0.050554537486061424,-1.0852784214895703,0.09119891761650768,0.4707972584500104,0.06229544063683744,NotPlaced,-0.5910872273628871,0,1
1.688677522732241,1.611519271292134,-1.0852784214895703,1.2142535652005348,0.8565096864690933,1.3034518993516808,Placed,0.46989064809833114,1,1
0.10165739941179809,0.050554537486061424,-1.0852784214895703,0.09119891761650768,-0.0434859789087668,-2.6682487685358174,NotPlaced,-0.5910872273628871,0,1
1.2125714857361094,0.050554537486061424,0.09326023857568026,2.337308212784562,1.4993637331675649,1.0552206076087132,Placed,1.177209231739143,1,1
-0.691852662248424,1.611519271292134,-1.0852784214895703,0.09119891761650768,1.3707929238278704,-0.6823984345920682,NotPlaced,-0.06059828963227817,0,1
0.577763436407931,0.050554537486061424,1.2717988986409308,0.09119891761650768,1.3707929238278704,1.3034518993516808,Placed,0.8235499399187379,1,1
-0.5331506499163802,0.050554537486061424,0.09326023857568026,-1.0318557299675197,-0.557769216267544,-1.6753236015639428,NotPlaced,-0.41425758145268365,0,1
0.10165739941179809,0.050554537486061424,-1.0852784214895703,-1.0318557299675197,-0.1720567882484611,-1.4270923098209738,NotPlaced,-1.121576165093496,0,1
-0.21574662525229105,0.050554537486061424,-1.0852784214895703,0.09119891761650768,-1.0720524536263212,-0.4341671428491004,NotPlaced,-0.5910872273628871,0,1
-1.8027667485727352,0.050554537486061424,-1.0852784214895703,-1.0318557299675197,-0.0434859789087668,0.5587580241227753,NotPlaced,-1.121576165093496,0,1
1.0538694734040654,0.050554537486061424,0.09326023857568026,1.2142535652005348,1.2422221144881762,-0.4341671428491004,Placed,0.6467202940085341,1,1
0.736465448739975,0.050554537486061424,0.09326023857568026,0.09119891761650768,-0.4291984069278497,-0.18593585110613037,NotPlaced,0.11623135627792522,0,1
1.529975510400197,0.050554537486061424,0.09326023857568026,0.09119891761650768,-0.0434859789087668,0.06229544063683744,Placed,0.11623135627792522,1,1
-0.3744486375843349,1.611519271292134,1.2717988986409308,0.09119891761650768,1.3707929238278704,0.8069893158657431,NotPlaced,1.3540388776493464,0,1
-0.21574662525229105,0.050554537486061424,-1.0852784214895703,-1.0318557299675197,-0.8149108349469326,0.06229544063683744,NotPlaced,-1.121576165093496,0,1
-1.6440647362406915,-1.5104101963200112,-1.0852784214895703,0.09119891761650768,-1.5863356909850983,-1.1788610180780061,NotPlaced,-1.121576165093496,0,0
0.260359411743842,0.050554537486061424,0.09326023857568026,1.2142535652005348,1.4993637331675649,1.3034518993516808,Placed,0.6467202940085341,1,1
1.0538694734040654,0.050554537486061424,0.09326023857568026,-1.0318557299675197,-1.7149065003247927,-0.4341671428491004,Placed,-0.41425758145268365,1,1
-0.057044612920247185,0.050554537486061424,1.2717988986409308,-1.0318557299675197,1.113651305148482,0.31052673237980744,Placed,0.2930610021881282,1,1
-0.3744486375843349,0.050554537486061424,-1.0852784214895703,-1.0318557299675197,-1.7149065003247927,-0.6823984345920682,NotPlaced,-1.121576165093496,0,1
0.8951674610720188,0.050554537486061424,0.09326023857568026,1.2142535652005348,-1.2006232629660154,-0.6823984345920682,NotPlaced,0.6467202940085341,0,1
0.4190614240758872,0.050554537486061424,1.2717988986409308,0.09119891761650768,0.2136556397706218,1.3034518993516808,Placed,0.8235499399187379,1,1
-0.5331506499163802,-1.5104101963200112,0.09326023857568026,0.09119891761650768,-0.557769216267544,-1.4270923098209738,NotPlaced,-0.41425758145268365,0,0
1.0538694734040654,-1.5104101963200112,1.2717988986409308,0.09119891761650768,0.0850848304309275,0.5587580241227753,NotPlaced,0.2930610021881282,0,0
0.577763436407931,0.050554537486061424,-1.0852784214895703,1.2142535652005348,-0.4291984069278497,-1.4270923098209738,NotPlaced,-0.060598289632277744,0,1
0.736465448739975,-1.5104101963200112,0.09326023857568026,1.2142535652005348,0.9850804958087876,0.8069893158657431,NotPlaced,0.11623135627792522,0,0
-1.8027667485727352,-1.5104101963200112,1.2717988986409308,-1.0318557299675197,-0.1720567882484611,-0.6823984345920682,NotPlaced,-0.2374279355424807,0,0
-0.057044612920247185,0.050554537486061424,-1.0852784214895703,0.09119891761650768,-0.557769216267544,0.8069893158657431,NotPlaced,-0.5910872273628871,0,1
1.8473795350642876,1.611519271292134,1.2717988986409308,1.2142535652005348,0.727938877129399,1.3034518993516808,Placed,1.8845278153799556,1,1
1.529975510400197,0.050554537486061424,1.2717988986409308,-1.0318557299675197,0.9850804958087876,-1.1788610180780061,NotPlaced,0.2930610021881282,0,1
-1.8027667485727352,0.050554537486061424,1.2717988986409308,0.09119891761650768,-0.3006275975881554,1.3034518993516808,NotPlaced,0.8235499399187379,0,1
1.2125714857361094,1.611519271292134,-1.0852784214895703,1.2142535652005348,1.113651305148482,0.5587580241227753,Placed,0.46989064809833114,1,1
0.4190614240758872,0.050554537486061424,1.2717988986409308,1.2142535652005348,0.4707972584500104,1.0552206076087132,Placed,1.3540388776493464,1,1
0.577763436407931,0.050554537486061424,1.2717988986409308,1.2142535652005348,1.3707929238278704,0.06229544063683744,Placed,1.3540388776493464,1,1
0.577763436407931,0.050554537486061424,1.2717988986409308,1.2142535652005348,0.727938877129399,1.0552206076087132,Placed,1.3540388776493464,1,1
-0.057044612920247185,1.611519271292134,-1.0852784214895703,-1.0318557299675197,-1.0720524536263212,0.31052673237980744,NotPlaced,-0.5910872273628871,0,1
0.8951674610720188,0.050554537486061424,1.2717988986409308,1.2142535652005348,0.4707972584500104,0.5587580241227753,Placed,1.3540388776493464,1,1
-1.8027667485727352,0.050554537486061424,-1.0852784214895703,-1.0318557299675197,-0.557769216267544,-1.6753236015639428,NotPlaced,-1.121576165093496,0,1
-0.21574662525229105,1.611519271292134,1.2717988986409308,1.2142535652005348,1.4993637331675649,1.0552206076087132,NotPlaced,1.8845278153799556,0,1
1.3712734980681531,0.050554537486061424,1.2717988986409308,0.09119891761650768,0.727938877129399,0.06229544063683744,NotPlaced,0.8235499399187379,0,1
1.688677522732241,-1.5104101963200112,1.2717988986409308,-1.0318557299675197,-0.8149108349469326,1.0552206076087132,NotPlaced,-0.2374279355424807,0,0
0.8951674610720188,0.050554537486061424,0.09326023857568026,-1.0318557299675197,-1.457764881645404,-0.4341671428491004,NotPlaced,-0.41425758145268365,0,1
1.688677522732241,1.611519271292134,1.2717988986409308,0.09119891761650768,-0.1720567882484611,0.06229544063683744,NotPlaced,1.3540388776493464,0,1
-0.057044612920247185,0.050554537486061424,-1.0852784214895703,0.09119891761650768,-1.0720524536263212,-1.1788610180780061,Placed,-0.5910872273628871,1,1
0.10165739941179809,-1.5104101963200112,-1.0852784214895703,0.09119891761650768,1.4993637331675649,0.06229544063683744,Placed,-1.121576165093496,1,0
-0.3744486375843349,-1.5104101963200112,0.09326023857568026,0.09119891761650768,-0.3006275975881554,-0.4341671428491004,NotPlaced,-0.41425758145268365,0,0
-0.8505546745804693,0.050554537486061424,-1.0852784214895703,0.09119891761650768,-1.2006232629660154,-2.1717861850498807,NotPlaced,-0.5910872273628871,0,1
-1.6440647362406915,0.050554537486061424,0.09326023857568026,-1.0318557299675197,0.5993680677897048,-0.18593585110613037,NotPlaced,-0.41425758145268365,0,1
-0.691852662248424,1.611519271292134,0.09326023857568026,1.2142535652005348,1.113651305148482,1.0552206076087132,Placed,1.177209231739143,1,1
-1.8027667485727352,0.050554537486061424,0.09326023857568026,-1.0318557299675197,0.8565096864690933,-0.4341671428491004,NotPlaced,-0.41425758145268365,0,1
-0.691852662248424,0.050554537486061424,-1.0852784214895703,0.09119891761650768,-1.5863356909850983,-1.9235548933069118,NotPlaced,-0.5910872273628871,0,1
-1.0092566869125132,0.050554537486061424,-1.0852784214895703,0.09119891761650768,-0.8149108349469326,-1.1788610180780061,NotPlaced,-0.5910872273628871,0,1
0.8951674610720188,0.050554537486061424,1.2717988986409308,1.2142535652005348,0.9850804958087876,1.0552206076087132,Placed,1.3540388776493464,1,1
0.10165739941179809,0.050554537486061424,-1.0852784214895703,-1.0318557299675197,0.2136556397706218,1.3034518993516808,NotPlaced,-1.121576165093496,0,1
0.8951674610720188,0.050554537486061424,1.2717988986409308,2.337308212784562,1.2422221144881762,1.3034518993516808,Placed,1.8845278153799556,1,1
-0.5331506499163802,0.050554537486061424,-1.0852784214895703,1.2142535652005348,0.4707972584500104,-0.6823984345920682,NotPlaced,-0.060598289632277744,0,1
0.8951674610720188,0.050554537486061424,-1.0852784214895703,0.09119891761650768,-1.3291940723057099,-0.9306297263350372,Placed,-0.5910872273628871,1,1
-0.8505546745804693,0.050554537486061424,0.09326023857568026,1.2142535652005348,-0.557769216267544,0.06229544063683744,NotPlaced,0.6467202940085341,0,1
-1.3266607115766023,-1.5104101963200112,-1.0852784214895703,0.09119891761650768,-1.457764881645404,-1.9235548933069118,NotPlaced,-1.121576165093496,0,0
-1.0092566869125132,0.050554537486061424,-1.0852784214895703,-1.0318557299675197,-0.557769216267544,0.06229544063683744,NotPlaced,-1.121576165093496,0,1
0.8951674610720188,0.050554537486061424,-1.0852784214895703,-1.0318557299675197,-0.4291984069278497,0.5587580241227753,NotPlaced,-1.121576165093496,0,1
0.8951674610720188,-1.5104101963200112,-1.0852784214895703,0.09119891761650768,-1.457764881645404,-0.18593585110613037,NotPlaced,-1.121576165093496,0,0
0.8951674610720188,-1.5104101963200112,1.2717988986409308,1.2142535652005348,0.727938877129399,1.3034518993516808,Placed,0.8235499399187379,1,0
-0.057044612920247185,0.050554537486061424,-1.0852784214895703,1.2142535652005348,-1.457764881645404,-0.6823984345920682,NotPlaced,-0.060598289632277744,0,1
-0.057044612920247185,0.050554537486061424,1.2717988986409308,1.2142535652005348,0.8565096864690933,0.31052673237980744,Placed,1.3540388776493464,1,1
0.8951674610720188,1.611519271292134,0.09326023857568026,1.2142535652005348,1.4993637331675649,1.3034518993516808,Placed,1.177209231739143,1,1
1.2125714857361094,1.611519271292134,1.2717988986409308,1.2142535652005348,0.9850804958087876,1.3034518993516808,Placed,1.8845278153799556,1,1
0.736465448739975,1.611519271292134,1.2717988986409308,1.2142535652005348,0.5993680677897048,0.5587580241227753,Placed,1.8845278153799556,1,1
1.2125714857361094,-1.5104101963200112,-1.0852784214895703,0.09119891761650768,-1.5863356909850983,-1.1788610180780061,NotPlaced,-1.121576165093496,0,0
-1.8027667485727352,0.050554537486061424,0.09326023857568026,-1.0318557299675197,0.34222644911031613,-1.9235548933069118,Placed,-0.41425758145268365,1,1
1.0538694734040654,0.050554537486061424,1.2717988986409308,-1.0318557299675197,0.4707972584500104,1.0552206076087132,NotPlaced,0.2930610021881282,0,1
0.10165739941179809,0.050554537486061424,-1.0852784214895703,-1.0318557299675197,1.4993637331675649,0.8069893158657431,Placed,-1.121576165093496,1,1
1.0538694734040654,-1.5104101963200112,1.2717988986409308,1.2142535652005348,-0.0434859789087668,-0.4341671428491004,Placed,0.8235499399187379,1,0
1.0538694734040654,-1.5104101963200112,1.2717988986409308,1.2142535652005348,1.4993637331675649,1.0552206076087132,Placed,0.8235499399187379,1,0
-1.8027667485727352,0.050554537486061424,-1.0852784214895703,-1.0318557299675197,-0.0434859789087668,-0.6823984345920682,NotPlaced,-1.121576165093496,0,1
-0.21574662525229105,0.050554537486061424,-1.0852784214895703,0.09119891761650768,-0.4291984069278497,-0.6823984345920682,NotPlaced,-0.5910872273628871,0,1
-0.21574662525229105,1.611519271292134,0.09326023857568026,0.09119891761650768,0.8565096864690933,0.8069893158657431,Placed,0.6467202940085345,1,1
-1.8027667485727352,-1.5104101963200112,1.2717988986409308,0.09119891761650768,0.4707972584500104,0.8069893158657431,NotPlaced,0.2930610021881282,0,0
-0.691852662248424,0.050554537486061424,-1.0852784214895703,-1.0318557299675197,-0.0434859789087668,-0.18593585110613037,NotPlaced,-1.121576165093496,0,1
-0.3744486375843349,0.050554537486061424,0.09326023857568026,0.09119891761650768,-1.2006232629660154,0.8069893158657431,NotPlaced,0.11623135627792522,0,1
-1.8027667485727352,0.050554537486061424,-1.0852784214895703,-1.0318557299675197,-0.1720567882484611,-0.4341671428491004,NotPlaced,-1.121576165093496,0,1
-0.3744486375843349,-1.5104101963200112,-1.0852784214895703,-1.0318557299675197,0.2136556397706218,0.06229544063683744,NotPlaced,-1.6520651028241051,0,0
0.8951674610720188,0.050554537486061424,1.2717988986409308,1.2142535652005348,0.9850804958087876,0.8069893158657431,Placed,1.3540388776493464,1,1
-0.5331506499163802,-1.5104101963200112,-1.0852784214895703,-1.0318557299675197,-0.8149108349469326,0.06229544063683744,NotPlaced,-1.6520651028241051,0,0
-0.057044612920247185,0.050554537486061424,0.09326023857568026,0.09119891761650768,-0.943481644286627,-0.4341671428491004,NotPlaced,0.11623135627792522,0,1
0.577763436407931,0.050554537486061424,-1.0852784214895703,1.2142535652005348,0.5993680677897048,0.31052673237980744,NotPlaced,-0.060598289632277744,0,1
-1.8027667485727352,0.050554537486061424,-1.0852784214895703,0.09119891761650768,-2.1006189283438754,-0.4341671428491004,NotPlaced,-0.5910872273628871,0,1
-0.21574662525229105,0.050554537486061424,-1.0852784214895703,0.09119891761650768,-0.1720567882484611,0.31052673237980744,NotPlaced,-0.5910872273628871,0,1
-0.21574662525229105,-1.5104101963200112,0.09326023857568026,-1.0318557299675197,0.0850848304309275,-1.4270923098209738,Placed,-0.944746519183293,1,0
-1.8027667485727352,0.050554537486061424,0.09326023857568026,0.09119891761650768,-1.7149065003247927,1.0552206076087132,NotPlaced,0.11623135627792522,0,1
-0.21574662525229105,0.050554537486061424,-1.0852784214895703,1.2142535652005348,0.727938877129399,1.3034518993516808,NotPlaced,-0.060598289632277744,0,1
0.10165739941179809,0.050554537486061424,1.2717988986409308,-1.0318557299675197,-0.3006275975881554,0.5587580241227753,Placed,0.2930610021881282,1,1
0.4190614240758872,-1.5104101963200112,-1.0852784214895703,0.09119891761650768,-1.2006232629660154,-1.6753236015639428,NotPlaced,-1.121576165093496,0,0
1.2125714857361094,-1.5104101963200112,0.09326023857568026,0.09119891761650768,-1.0720524536263212,-0.6823984345920682,NotPlaced,-0.41425758145268365,0,0
-0.21574662525229105,0.050554537486061424,-1.0852784214895703,1.2142535652005348,-1.3291940723057099,-0.9306297263350372,NotPlaced,-0.060598289632277744,0,1
-1.6440647362406915,0.050554537486061424,0.09326023857568026,0.09119891761650768,-0.557769216267544,-0.4341671428491004,Placed,0.11623135627792522,1,1
0.260359411743842,0.050554537486061424,1.2717988986409308,-1.0318557299675197,-0.3006275975881554,1.0552206076087132,Placed,0.2930610021881282,1,1
-1.167958699244557,-1.5104101963200112,0.09326023857568026,0.09119891761650768,0.4707972584500104,-0.18593585110613037,Placed,-0.41425758145268365,1,0
0.8951674610720188,-1.5104101963200112,1.2717988986409308,0.09119891761650768,-0.0434859789087668,-0.18593585110613037,NotPlaced,0.2930610021881282,0,0
1.3712734980681531,1.611519271292134,1.2717988986409308,1.2142535652005348,1.2422221144881762,1.0552206076087132,Placed,1.8845278153799556,1,1
0.736465448739975,-1.5104101963200112,0.09326023857568026,-1.0318557299675197,0.2136556397706218,0.5587580241227753,NotPlaced,-0.944746519183293,0,0
-1.8027667485727352,1.611519271292134,1.2717988986409308,-1.0318557299675197,-0.3006275975881554,-1.1788610180780061,NotPlaced,0.8235499399187379,0,1
0.736465448739975,0.050554537486061424,-1.0852784214895703,-1.0318557299675197,-1.2006232629660154,1.3034518993516808,NotPlaced,-1.121576165093496,0,1
1.2125714857361094,0.050554537486061424,0.09326023857568026,1.2142535652005348,-0.1720567882484611,0.5587580241227753,NotPlaced,0.6467202940085341,0,1
0.8951674610720188,0.050554537486061424,1.2717988986409308,1.2142535652005348,0.0850848304309275,-0.4341671428491004,Placed,1.3540388776493464,1,1
-0.21574662525229105,-1.5104101963200112,-1.0852784214895703,-1.0318557299675197,-0.943481644286627,-0.4341671428491004,NotPlaced,-1.6520651028241051,0,0
-0.057044612920247185,0.050554537486061424,-2.2638170815548206,-1.0318557299675197,0.727938877129399,1.3034518993516808,Placed,-1.828894748734308,1,1
-0.21574662525229105,0.050554537486061424,-1.0852784214895703,0.09119891761650768,-2.22918973768357,0.31052673237980744,NotPlaced,-0.5910872273628871,0,1
0.8951674610720188,0.050554537486061424,-1.0852784214895703,-1.0318557299675197,0.0850848304309275,-0.18593585110613037,NotPlaced,-1.121576165093496,0,1
1.0538694734040654,0.050554537486061424,1.2717988986409308,1.2142535652005348,1.113651305148482,0.8069893158657431,Placed,1.3540388776493464,1,1
0.10165739941179809,0.050554537486061424,-1.0852784214895703,-1.0318557299675197,-0.3006275975881554,-0.4341671428491004,NotPlaced,-1.121576165093496,0,1
0.577763436407931,0.050554537486061424,0.09326023857568026,1.2142535652005348,-0.8149108349469326,0.06229544063683744,NotPlaced,0.6467202940085341,0,1
-1.8027667485727352,1.611519271292134,0.09326023857568026,0.09119891761650768,1.2422221144881762,-0.9306297263350372,NotPlaced,0.6467202940085345,0,1
-1.3266607115766023,1.611519271292134,0.09326023857568026,1.2142535652005348,-0.0434859789087668,0.06229544063683744,Placed,1.177209231739143,1,1
0.4190614240758872,0.050554537486061424,-1.0852784214895703,0.09119891761650768,0.34222644911031613,1.0552206076087132,NotPlaced,-0.5910872273628871,0,1
-0.5331506499163802,0.050554537486061424,0.09326023857568026,-1.0318557299675197,0.2136556397706218,0.5587580241227753,Placed,-0.41425758145268365,1,1
-1.4853627239086462,0.050554537486061424,-1.0852784214895703,-1.0318557299675197,-0.557769216267544,0.31052673237980744,NotPlaced,-1.121576165093496,0,1
-0.057044612920247185,0.050554537486061424,0.09326023857568026,-1.0318557299675197,-2.3577605470232643,-0.4341671428491004,NotPlaced,-0.41425758145268365,0,1
-0.057044612920247185,0.050554537486061424,-1.0852784214895703,0.09119891761650768,0.0850848304309275,-0.4341671428491004,Placed,-0.5910872273628871,1,1
-0.21574662525229105,0.050554537486061424,-1.0852784214895703,1.2142535652005348,0.8565096864690933,0.31052673237980744,Placed,-0.060598289632277744,1,1
0.10165739941179809,0.050554537486061424,-1.0852784214895703,-1.0318557299675197,-0.8149108349469326,-0.4341671428491004,NotPlaced,-1.121576165093496,0,1
0.260359411743842,1.611519271292134,-1.0852784214895703,1.2142535652005348,1.4993637331675649,1.3034518993516808,Placed,0.46989064809833114,1,1
1.3712734980681531,1.611519271292134,0.09326023857568026,1.2142535652005348,-1.7149065003247927,0.31052673237980744,NotPlaced,1.177209231739143,0,1
-0.3744486375843349,0.050554537486061424,-1.0852784214895703,0.09119891761650768,-1.7149065003247927,-1.4270923098209738,NotPlaced,-0.5910872273628871,0,1
-0.21574662525229105,0.050554537486061424,-1.0852784214895703,-1.0318557299675197,-0.4291984069278497,-1.6753236015639428,NotPlaced,-1.121576165093496,0,1
0.8951674610720188,-1.5104101963200112,-1.0852784214895703,0.09119891761650768,-0.6863400256072383,0.5587580241227753,Placed,-1.121576165093496,1,0
-0.8505546745804693,0.050554537486061424,0.09326023857568026,0.09119891761650768,0.727938877129399,0.06229544063683744,NotPlaced,0.11623135627792522,0,1
0.10165739941179809,0.050554537486061424,-1.0852784214895703,0.09119891761650768,-1.457764881645404,-2.916480060278785,NotPlaced,-0.5910872273628871,0,1
-0.21574662525229105,-1.5104101963200112,-1.0852784214895703,0.09119891761650768,-1.457764881645404,-1.6753236015639428,NotPlaced,-1.121576165093496,0,0
-0.21574662525229105,-1.5104101963200112,-1.0852784214895703,-1.0318557299675197,-0.4291984069278497,-1.4270923098209738,NotPlaced,-1.6520651028241051,0,0
-0.3744486375843349,0.050554537486061424,-1.0852784214895703,-1.0318557299675197,-1.2006232629660154,-0.9306297263350372,NotPlaced,-1.121576165093496,0,1
-0.057044612920247185,-1.5104101963200112,-1.0852784214895703,0.09119891761650768,0.2136556397706218,0.8069893158657431,NotPlaced,-1.121576165093496,0,0
1.0538694734040654,0.050554537486061424,1.2717988986409308,1.2142535652005348,1.4993637331675649,0.8069893158657431,Placed,1.3540388776493464,1,1
0.10165739941179809,1.611519271292134,0.09326023857568026,1.2142535652005348,0.2136556397706218,0.31052673237980744,Placed,1.177209231739143,1,1
-1.4853627239086462,0.050554537486061424,0.09326023857568026,-1.0318557299675197,-0.943481644286627,-1.1788610180780061,NotPlaced,-0.41425758145268365,0,1
-1.6440647362406915,0.050554537486061424,1.2717988986409308,0.09119891761650768,0.2136556397706218,0.31052673237980744,Placed,0.8235499399187379,1,1
1.0538694734040654,1.611519271292134,0.09326023857568026,0.09119891761650768,0.34222644911031613,0.06229544063683744,NotPlaced,0.6467202940085345,0,1
0.10165739941179809,0.050554537486061424,0.09326023857568026,-1.0318557299675197,-0.0434859789087668,-1.6753236015639428,NotPlaced,-0.41425758145268365,0,1
-0.3744486375843349,0.050554537486061424,0.09326023857568026,0.09119891761650768,0.5993680677897048,-0.9306297263350372,NotPlaced,0.11623135627792522,0,1
-1.167958699244557,0.050554537486061424,-1.0852784214895703,0.09119891761650768,0.34222644911031613,-0.6823984345920682,Placed,-0.5910872273628871,1,1
-1.8027667485727352,-1.5104101963200112,-1.0852784214895703,-1.0318557299675197,0.4707972584500104,0.31052673237980744,NotPlaced,-1.6520651028241051,0,0
-0.057044612920247185,0.050554537486061424,1.2717988986409308,2.337308212784562,-0.4291984069278497,1.3034518993516808,Placed,1.8845278153799556,1,1
-0.057044612920247185,0.050554537486061424,1.2717988986409308,0.09119891761650768,1.4993637331675649,0.5587580241227753,NotPlaced,0.8235499399187379,0,1
1.0538694734040654,0.050554537486061424,-1.0852784214895703,1.2142535652005348,0.4707972584500104,-0.18593585110613037,Placed,-0.060598289632277744,1,1
-1.8027667485727352,0.050554537486061424,0.09326023857568026,0.09119891761650768,-0.557769216267544,0.8069893158657431,NotPlaced,0.11623135627792522,0,1
-1.3266607115766023,0.050554537486061424,-1.0852784214895703,-1.0318557299675197,-0.557769216267544,-0.6823984345920682,NotPlaced,-1.121576165093496,0,1
-0.057044612920247185,-1.5104101963200112,-1.0852784214895703,-1.0318557299675197,-0.6863400256072383,1.0552206076087132,NotPlaced,-1.6520651028241051,0,0
-1.3266607115766023,-1.5104101963200112,1.2717988986409308,-1.0318557299675197,-1.0720524536263212,-0.9306297263350372,NotPlaced,-0.2374279355424807,0,0
0.736465448739975,0.050554537486061424,1.2717988986409308,1.2142535652005348,1.4993637331675649,1.0552206076087132,NotPlaced,1.3540388776493464,0,1
-0.057044612920247185,0.050554537486061424,-1.0852784214895703,-1.0318557299675197,-1.843477309664487,-0.4341671428491004,NotPlaced,-1.121576165093496,0,1
-1.3266607115766023,0.050554537486061424,-1.0852784214895703,0.09119891761650768,-1.3291940723057099,0.5587580241227753,NotPlaced,-0.5910872273628871,0,1
0.577763436407931,0.050554537486061424,1.2717988986409308,-1.0318557299675197,0.9850804958087876,-0.18593585110613037,Placed,0.2930610021881282,1,1
1.0538694734040654,-1.5104101963200112,1.2717988986409308,1.2142535652005348,-0.557769216267544,-0.4341671428491004,NotPlaced,0.8235499399187379,0,0
-1.8027667485727352,1.611519271292134,-1.0852784214895703,-1.0318557299675197,-0.557769216267544,0.5587580241227753,NotPlaced,-0.5910872273628871,0,1
-1.0092566869125132,0.050554537486061424,-1.0852784214895703,0.09119891761650768,-0.4291984069278497,1.3034518993516808,NotPlaced,-0.5910872273628871,0,1
-0.057044612920247185,0.050554537486061424,1.2717988986409308,-1.0318557299675197,-0.0434859789087668,-0.9306297263350372,NotPlaced,0.2930610021881282,0,1
0.260359411743842,1.611519271292134,1.2717988986409308,-1.0318557299675197,1.4993637331675649,1.3034518993516808,Placed,0.8235499399187379,1,1
-0.3744486375843349,0.050554537486061424,0.09326023857568026,0.09119891761650768,1.4993637331675649,1.3034518993516808,Placed,0.11623135627792522,1,1
0.736465448739975,0.050554537486061424,0.09326023857568026,1.2142535652005348,0.8565096864690933,0.31052673237980744,NotPlaced,0.6467202940085341,0,1
1.0538694734040654,0.050554537486061424,1.2717988986409308,1.2142535652005348,0.9850804958087876,1.3034518993516808,Placed,1.3540388776493464,1,1
1.2125714857361094,1.611519271292134,-1.0852784214895703,-1.0318557299675197,0.727938877129399,0.31052673237980744,NotPlaced,-0.5910872273628871,0,1
1.688677522732241,1.611519271292134,1.2717988986409308,1.2142535652005348,0.5993680677897048,1.3034518993516808,Placed,1.8845278153799556,1,1
1.0538694734040654,0.050554537486061424,0.09326023857568026,0.09119891761650768,0.727938877129399,0.31052673237980744,NotPlaced,0.11623135627792522,0,1
-0.21574662525229105,0.050554537486061424,-1.0852784214895703,0.09119891761650768,0.0850848304309275,-2.6682487685358174,NotPlaced,-0.5910872273628871,0,1
-1.3266607115766023,-1.5104101963200112,1.2717988986409308,1.2142535652005348,-0.4291984069278497,0.31052673237980744,NotPlaced,0.8235499399187379,0,0
1.3712734980681531,0.050554537486061424,0.09326023857568026,1.2142535652005348,0.8565096864690933,1.3034518993516808,Placed,0.6467202940085341,1,1
1.0538694734040654,0.050554537486061424,1.2717988986409308,1.2142535652005348,0.727938877129399,0.31052673237980744,Placed,1.3540388776493464,1,1
0.10165739941179809,0.050554537486061424,1.2717988986409308,0.09119891761650768,1.3707929238278704,1.3034518993516808,Placed,0.8235499399187379,1,1
0.736465448739975,1.611519271292134,1.2717988986409308,0.09119891761650768,0.2136556397706218,1.3034518993516808,Placed,1.3540388776493464,1,1
0.4190614240758872,-1.5104101963200112,1.2717988986409308,1.2142535652005348,1.2422221144881762,0.8069893158657431,NotPlaced,0.8235499399187379,0,0
-0.5331506499163802,0.050554537486061424,1.2717988986409308,-1.0318557299675197,1.3707929238278704,-1.1788610180780061,NotPlaced,0.2930610021881282,0,1
-0.057044612920247185,0.050554537486061424,-1.0852784214895703,1.2142535652005348,1.4993637331675649,0.31052673237980744,NotPlaced,-0.060598289632277744,0,1
-0.057044612920247185,-1.5104101963200112,1.2717988986409308,1.2142535652005348,0.5993680677897048,1.3034518993516808,Placed,0.8235499399187379,1,0
-1.6440647362406915,1.611519271292134,1.2717988986409308,-1.0318557299675197,-0.6863400256072383,0.5587580241227753,NotPlaced,0.8235499399187379,0,1
-0.21574662525229105,0.050554537486061424,-1.0852784214895703,-1.0318557299675197,-1.2006232629660154,-1.1788610180780061,NotPlaced,-1.121576165093496,0,1
0.10165739941179809,1.611519271292134,1.2717988986409308,-1.0318557299675197,1.4993637331675649,0.8069893158657431,NotPlaced,0.8235499399187379,0,1
0.577763436407931,1.611519271292134,1.2717988986409308,-1.0318557299675197,1.4993637331675649,1.0552206076087132,Placed,0.8235499399187379,1,1
0.10165739941179809,0.050554537486061424,-1.0852784214895703,0.09119891761650768,0.2136556397706218,-0.9306297263350372,NotPlaced,-0.5910872273628871,0,1
-0.691852662248424,0.050554537486061424,-1.0852784214895703,-1.0318557299675197,-2.22918973768357,-1.9235548933069118,NotPlaced,-1.121576165093496,0,1
0.10165739941179809,0.050554537486061424,0.09326023857568026,0.09119891761650768,-0.557769216267544,0.5587580241227753,NotPlaced,0.11623135627792522,0,1
-0.3744486375843349,0.050554537486061424,0.09326023857568026,0.09119891761650768,-0.557769216267544,-0.9306297263350372,NotPlaced,0.11623135627792522,0,1
0.10165739941179809,-1.5104101963200112,0.09326023857568026,0.09119891761650768,-1.5863356909850983,0.06229544063683744,NotPlaced,-0.41425758145268365,0,0
-1.4853627239086462,0.050554537486061424,0.09326023857568026,0.09119891761650768,-1.2006232629660154,-0.6823984345920682,NotPlaced,0.11623135627792522,0,1
0.577763436407931,-1.5104101963200112,1.2717988986409308,0.09119891761650768,1.4993637331675649,-0.4341671428491004,Placed,0.2930610021881282,1,0
1.3712734980681531,-1.5104101963200112,1.2717988986409308,1.2142535652005348,-0.1720567882484611,1.3034518993516808,Placed,0.8235499399187379,1,0
0.8951674610720188,-1.5104101963200112,1.2717988986409308,1.2142535652005348,1.4993637331675649,0.5587580241227753,Placed,0.8235499399187379,1,0
0.10165739941179809,1.611519271292134,0.09326023857568026,1.2142535652005348,-0.4291984069278497,-0.18593585110613037,NotPlaced,1.177209231739143,0,1
0.736465448739975,-1.5104101963200112,1.2717988986409308,2.337308212784562,1.2422221144881762,0.06229544063683744,Placed,1.3540388776493464,1,0
-0.3744486375843349,-1.5104101963200112,0.09326023857568026,0.09119891761650768,-1.5863356909850983,-1.4270923098209738,NotPlaced,-0.41425758145268365,0,0
-0.057044612920247185,-1.5104101963200112,-1.0852784214895703,-1.0318557299675197,-0.8149108349469326,0.5587580241227753,NotPlaced,-1.6520651028241051,0,0
1.0538694734040654,1.611519271292134,1.2717988986409308,1.2142535652005348,0.34222644911031613,1.0552206076087132,NotPlaced,1.8845278153799556,0,1
-0.5331506499163802,0.050554537486061424,-1.0852784214895703,0.09119891761650768,-0.8149108349469326,-0.4341671428491004,NotPlaced,-0.5910872273628871,0,1
-0.057044612920247185,0.050554537486061424,1.2717988986409308,-1.0318557299675197,1.113651305148482,0.31052673237980744,NotPlaced,0.2930610021881282,0,1
0.4190614240758872,1.611519271292134,0.09326023857568026,-1.0318557299675197,1.4993637331675649,-1.6753236015639428,NotPlaced,0.11623135627792522,0,1
0.577763436407931,1.611519271292134,1.2717988986409308,-1.0318557299675197,1.2422221144881762,0.5587580241227753,NotPlaced,0.8235499399187379,0,1
0.8951674610720188,0.050554537486061424,-1.0852784214895703,0.09119891761650768,0.0850848304309275,1.3034518993516808,NotPlaced,-0.5910872273628871,0,1
-0.5331506499163802,-1.5104101963200112,1.2717988986409308,-1.0318557299675197,-1.0720524536263212,0.06229544063683744,Placed,-0.2374279355424807,1,0
-1.6440647362406915,0.050554537486061424,-1.0852784214895703,0.09119891761650768,-0.8149108349469326,-0.9306297263350372,NotPlaced,-0.5910872273628871,0,1
-0.057044612920247185,-1.5104101963200112,-1.0852784214895703,1.2142535652005348,-0.8149108349469326,-1.4270923098209738,NotPlaced,-0.5910872273628871,0,0
1.688677522732241,0.050554537486061424,1.2717988986409308,1.2142535652005348,0.8565096864690933,1.3034518993516808,Placed,1.3540388776493464,1,1
-0.691852662248424,0.050554537486061424,0.09326023857568026,-1.0318557299675197,-0.6863400256072383,-0.18593585110613037,NotPlaced,-0.41425758145268365,0,1
0.4190614240758872,0.050554537486061424,0.09326023857568026,-1.0318557299675197,0.4707972584500104,1.0552206076087132,NotPlaced,-0.41425758145268365,0,1
-0.5331506499163802,0.050554537486061424,0.09326023857568026,2.337308212784562,0.34222644911031613,-1.1788610180780061,NotPlaced,1.177209231739143,0,1
0.736465448739975,0.050554537486061424,1.2717988986409308,1.2142535652005348,0.34222644911031613,0.5587580241227753,NotPlaced,1.3540388776493464,0,1
-0.057044612920247185,0.050554537486061424,0.09326023857568026,0.09119891761650768,0.727938877129399,0.31052673237980744,NotPlaced,0.11623135627792522,0,1
-1.4853627239086462,0.050554537486061424,0.09326023857568026,-1.0318557299675197,-0.6863400256072383,-2.1717861850498807,NotPlaced,-0.41425758145268365,0,1
-0.21574662525229105,1.611519271292134,-1.0852784214895703,-1.0318557299675197,-0.8149108349469326,-1.6753236015639428,NotPlaced,-0.5910872273628871,0,1
0.4190614240758872,0.050554537486061424,-1.0852784214895703,-1.0318557299675197,-0.943481644286627,0.31052673237980744,Placed,-1.121576165093496,1,1
-0.21574662525229105,0.050554537486061424,-1.0852784214895703,-1.0318557299675197,-1.7149065003247927,-0.9306297263350372,NotPlaced,-1.121576165093496,0,1
0.8951674610720188,0.050554537486061424,-1.0852784214895703,0.09119891761650768,1.4993637331675649,1.3034518993516808,Placed,-0.5910872273628871,1,1
-0.3744486375843349,0.050554537486061424,0.09326023857568026,0.09119891761650768,-0.557769216267544,-1.4270923098209738,NotPlaced,0.11623135627792522,0,1
-1.8027667485727352,0.050554537486061424,-1.0852784214895703,-1.0318557299675197,-1.0720524536263212,-0.18593585110613037,NotPlaced,-1.121576165093496,0,1
-0.3744486375843349,-1.5104101963200112,-1.0852784214895703,-1.0318557299675197,1.4993637331675649,1.3034518993516808,Placed,-1.6520651028241051,1,0
0.736465448739975,0.050554537486061424,1.2717988986409308,-1.0318557299675197,0.4707972584500104,0.31052673237980744,NotPlaced,0.2930610021881282,0,1
-1.4853627239086462,0.050554537486061424,-1.0852784214895703,-1.0318557299675197,-0.6863400256072383,-1.9235548933069118,NotPlaced,-1.121576165093496,0,1
-0.21574662525229105,0.050554537486061424,0.09326023857568026,-1.0318557299675197,-0.0434859789087668,0.31052673237980744,Placed,-0.41425758145268365,1,1
-1.4853627239086462,0.050554537486061424,-1.0852784214895703,-1.0318557299675197,-0.943481644286627,0.06229544063683744,Placed,-1.121576165093496,1,1
-1.0092566869125132,-1.5104101963200112,-1.0852784214895703,0.09119891761650768,-1.5863356909850983,-1.1788610180780061,NotPlaced,-1.121576165093496,0,0
-0.21574662525229105,0.050554537486061424,-1.0852784214895703,0.09119891761650768,-0.943481644286627,0.5587580241227753,NotPlaced,-0.5910872273628871,0,1
-0.3744486375843349,1.611519271292134,1.2717988986409308,1.2142535652005348,-0.0434859789087668,0.06229544063683744,NotPlaced,1.8845278153799556,0,1
0.4190614240758872,0.050554537486061424,1.2717988986409308,1.2142535652005348,1.4993637331675649,1.3034518993516808,NotPlaced,1.3540388776493464,0,1
0.260359411743842,1.611519271292134,1.2717988986409308,1.2142535652005348,0.5993680677897048,0.5587580241227753,NotPlaced,1.8845278153799556,0,1
-1.6440647362406915,0.050554537486061424,0.09326023857568026,-1.0318557299675197,-1.0720524536263212,-0.6823984345920682,NotPlaced,-0.41425758145268365,0,1
0.10165739941179809,0.050554537486061424,-1.0852784214895703,0.09119891761650768,0.4707972584500104,0.8069893158657431,NotPlaced,-0.5910872273628871,0,1
-1.0092566869125132,0.050554537486061424,0.09326023857568026,-1.0318557299675197,-0.4291984069278497,0.8069893158657431,NotPlaced,-0.41425758145268365,0,1
-1.167958699244557,1.611519271292134,0.09326023857568026,1.2142535652005348,1.4993637331675649,1.3034518993516808,Placed,1.177209231739143,1,1
1.2125714857361094,-1.5104101963200112,1.2717988986409308,-1.0318557299675197,0.727938877129399,1.3034518993516808,Placed,-0.2374279355424807,1,0
-0.691852662248424,-1.5104101963200112,-1.0852784214895703,0.09119891761650768,-0.4291984069278497,-0.4341671428491004,NotPlaced,-1.121576165093496,0,0
-1.0092566869125132,0.050554537486061424,-1.0852784214895703,0.09119891761650768,-1.2006232629660154,-0.6823984345920682,NotPlaced,-0.5910872273628871,0,1
-1.8027667485727352,-1.5104101963200112,1.2717988986409308,-1.0318557299675197,-0.0434859789087668,-0.18593585110613037,NotPlaced,-0.2374279355424807,0,0
0.736465448739975,0.050554537486061424,0.09326023857568026,1.2142535652005348,0.727938877129399,0.06229544063683744,NotPlaced,0.6467202940085341,0,1
-0.057044612920247185,-1.5104101963200112,1.2717988986409308,1.2142535652005348,1.4993637331675649,1.0552206076087132,Placed,0.8235499399187379,1,0
1.8473795350642876,0.050554537486061424,1.2717988986409308,-1.0318557299675197,-0.3006275975881554,1.0552206076087132,Placed,0.2930610021881282,1,1
1.0538694734040654,-1.5104101963200112,1.2717988986409308,-1.0318557299675197,1.4993637331675649,0.8069893158657431,Placed,-0.2374279355424807,1,0
1.688677522732241,0.050554537486061424,1.2717988986409308,1.2142535652005348,1.2422221144881762,1.3034518993516808,Placed,1.3540388776493464,1,1
1.0538694734040654,-1.5104101963200112,-1.0852784214895703,0.09119891761650768,-0.1720567882484611,-1.1788610180780061,NotPlaced,-1.121576165093496,0,0
-0.691852662248424,0.050554537486061424,-1.0852784214895703,-1.0318557299675197,0.727938877129399,0.06229544063683744,NotPlaced,-1.121576165093496,0,1
-0.057044612920247185,0.050554537486061424,1.2717988986409308,0.09119891761650768,0.0850848304309275,-0.9306297263350372,Placed,0.8235499399187379,1,1
1.0538694734040654,0.050554537486061424,0.09326023857568026,1.2142535652005348,0.9850804958087876,1.3034518993516808,Placed,0.6467202940085341,1,1
0.10165739941179809,0.050554537486061424,-1.0852784214895703,1.2142535652005348,0.2136556397706218,0.5587580241227753,NotPlaced,-0.060598289632277744,0,1
-1.167958699244557,0.050554537486061424,-1.0852784214895703,0.09119891761650768,-0.6863400256072383,-1.6753236015639428,NotPlaced,-0.5910872273628871,0,1
-0.21574662525229105,0.050554537486061424,-1.0852784214895703,0.09119891761650768,-1.7149065003247927,-1.4270923098209738,NotPlaced,-0.5910872273628871,0,1
-1.8027667485727352,1.611519271292134,0.09326023857568026,1.2142535652005348,0.0850848304309275,0.31052673237980744,Placed,1.177209231739143,1,1
0.8951674610720188,0.050554537486061424,1.2717988986409308,0.09119891761650768,0.4707972584500104,-0.6823984345920682,NotPlaced,0.8235499399187379,0,1
-1.6440647362406915,0.050554537486061424,-1.0852784214895703,0.09119891761650768,-1.0720524536263212,-0.4341671428491004,NotPlaced,-0.5910872273628871,0,1
0.8951674610720188,0.050554537486061424,0.09326023857568026,-1.0318557299675197,-0.6863400256072383,0.5587580241227753,NotPlaced,-0.41425758145268365,0,1
1.2125714857361094,0.050554537486061424,-1.0852784214895703,1.2142535652005348,0.4707972584500104,1.3034518993516808,Placed,-0.060598289632277744,1,1
-0.057044612920247185,-1.5104101963200112,-1.0852784214895703,0.09119891761650768,-1.0720524536263212,-0.4341671428491004,NotPlaced,-1.121576165093496,0,0
-0.21574662525229105,-1.5104101963200112,0.09326023857568026,0.09119891761650768,0.34222644911031613,-0.4341671428491004,NotPlaced,-0.41425758145268365,0,0
0.10165739941179809,-1.5104101963200112,1.2717988986409308,1.2142535652005348,1.3707929238278704,0.31052673237980744,Placed,0.8235499399187379,1,0
-0.057044612920247185,-1.5104101963200112,0.09326023857568026,-1.0318557299675197,0.727938877129399,-0.6823984345920682,Placed,-0.944746519183293,1,0
-1.8027667485727352,0.050554537486061424,0.09326023857568026,0.09119891761650768,-1.2006232629660154,-1.4270923098209738,NotPlaced,0.11623135627792522,0,1
-1.8027667485727352,0.050554537486061424,0.09326023857568026,0.09119891761650768,-1.7149065003247927,-0.6823984345920682,NotPlaced,0.11623135627792522,0,1
0.10165739941179809,0.050554537486061424,0.09326023857568026,0.09119891761650768,-1.5863356909850983,-2.1717861850498807,NotPlaced,0.11623135627792522,0,1
-0.057044612920247185,1.611519271292134,-1.0852784214895703,-1.0318557299675197,0.727938877129399,0.31052673237980744,NotPlaced,-0.5910872273628871,0,1
0.8951674610720188,-1.5104101963200112,1.2717988986409308,-1.0318557299675197,1.4993637331675649,0.31052673237980744,Placed,-0.2374279355424807,1,0
-0.057044612920247185,0.050554537486061424,-1.0852784214895703,-1.0318557299675197,0.5993680677897048,0.06229544063683744,NotPlaced,-1.121576165093496,0,1
-0.21574662525229105,-1.5104101963200112,0.09326023857568026,-1.0318557299675197,-1.2006232629660154,0.06229544063683744,NotPlaced,-0.944746519183293,0,0
-0.21574662525229105,0.050554537486061424,-1.0852784214895703,1.2142535652005348,-0.4291984069278497,-1.9235548933069118,NotPlaced,-0.060598289632277744,0,1
0.260359411743842,-1.5104101963200112,-1.0852784214895703,-1.0318557299675197,-0.0434859789087668,-0.6823984345920682,NotPlaced,-1.6520651028241051,0,0
0.260359411743842,0.050554537486061424,-1.0852784214895703,0.09119891761650768,0.5993680677897048,-0.18593585110613037,NotPlaced,-0.5910872273628871,0,1
1.3712734980681531,1.611519271292134,1.2717988986409308,1.2142535652005348,1.2422221144881762,0.31052673237980744,Placed,1.8845278153799556,1,1
1.2125714857361094,1.611519271292134,1.2717988986409308,0.09119891761650768,0.2136556397706218,0.8069893158657431,NotPlaced,1.3540388776493464,0,1
0.10165739941179809,0.050554537486061424,0.09326023857568026,-1.0318557299675197,-0.0434859789087668,-1.1788610180780061,NotPlaced,-0.41425758145268365,0,1
-0.5331506499163802,-1.5104101963200112,0.09326023857568026,-1.0318557299675197,-0.943481644286627,-1.9235548933069118,NotPlaced,-0.944746519183293,0,0
0.736465448739975,1.611519271292134,1.2717988986409308,1.2142535652005348,0.4707972584500104,1.0552206076087132,Placed,1.8845278153799556,1,1
-0.057044612920247185,0.050554537486061424,-1.0852784214895703,-1.0318557299675197,-2.3577605470232643,-1.6753236015639428,NotPlaced,-1.121576165093496,0,1
-0.21574662525229105,0.050554537486061424,-1.0852784214895703,0.09119891761650768,-1.3291940723057099,0.5587580241227753,NotPlaced,-0.5910872273628871,0,1
1.529975510400197,1.611519271292134,0.09326023857568026,1.2142535652005348,1.4993637331675649,1.3034518993516808,Placed,1.177209231739143,1,1
-0.057044612920247185,1.611519271292134,-1.0852784214895703,0.09119891761650768,-1.9720481190041814,1.3034518993516808,Placed,-0.06059828963227817,1,1
1.0538694734040654,1.611519271292134,1.2717988986409308,1.2142535652005348,0.727938877129399,-0.6823984345920682,NotPlaced,1.8845278153799556,0,1
0.577763436407931,0.050554537486061424,0.09326023857568026,0.09119891761650768,-0.3006275975881554,0.5587580241227753,NotPlaced,0.11623135627792522,0,1
-1.167958699244557,1.611519271292134,1.2717988986409308,1.2142535652005348,0.9850804958087876,1.3034518993516808,Placed,1.8845278153799556,1,1
-1.4853627239086462,0.050554537486061424,-1.0852784214895703,0.09119891761650768,-0.4291984069278497,-1.4270923098209738,NotPlaced,-0.5910872273628871,0,1
-1.8027667485727352,-1.5104101963200112,-1.0852784214895703,0.09119891761650768,0.2136556397706218,-2.6682487685358174,NotPlaced,-1.121576165093496,0,0
-0.3744486375843349,1.611519271292134,0.09326023857568026,0.09119891761650768,0.4707972584500104,0.8069893158657431,NotPlaced,0.6467202940085345,0,1
-1.8027667485727352,0.050554537486061424,-1.0852784214895703,-1.0318557299675197,0.34222644911031613,0.06229544063683744,NotPlaced,-1.121576165093496,0,1
1.2125714857361094,-1.5104101963200112,1.2717988986409308,2.337308212784562,0.8565096864690933,1.3034518993516808,Placed,1.3540388776493464,1,0
-0.691852662248424,0.050554537486061424,0.09326023857568026,0.09119891761650768,-0.3006275975881554,-0.4341671428491004,NotPlaced,0.11623135627792522,0,1
0.577763436407931,1.611519271292134,-1.0852784214895703,1.2142535652005348,1.3707929238278704,-0.18593585110613037,NotPlaced,0.46989064809833114,0,1
-0.5331506499163802,-1.5104101963200112,1.2717988986409308,1.2142535652005348,-0.1720567882484611,0.8069893158657431,Placed,0.8235499399187379,1,0
1.3712734980681531,0.050554537486061424,1.2717988986409308,-1.0318557299675197,0.9850804958087876,0.8069893158657431,Placed,0.2930610021881282,1,1
-1.4853627239086462,0.050554537486061424,0.09326023857568026,0.09119891761650768,0.2136556397706218,0.5587580241227753,NotPlaced,0.11623135627792522,0,1
-1.8027667485727352,0.050554537486061424,-1.0852784214895703,-1.0318557299675197,-1.457764881645404,-0.18593585110613037,NotPlaced,-1.121576165093496,0,1
-0.057044612920247185,0.050554537486061424,1.2717988986409308,-1.0318557299675197,0.2136556397706218,0.06229544063683744,NotPlaced,0.2930610021881282,0,1
0.577763436407931,1.611519271292134,-1.0852784214895703,1.2142535652005348,1.3707929238278704,1.3034518993516808,NotPlaced,0.46989064809833114,0,1
1.688677522732241,0.050554537486061424,1.2717988986409308,-1.0318557299675197,1.4993637331675649,-0.18593585110613037,Placed,0.2930610021881282,1,1
0.10165739941179809,0.050554537486061424,-1.0852784214895703,0.09119891761650768,-0.6863400256072383,0.06229544063683744,NotPlaced,-0.5910872273628871,0,1
-0.057044612920247185,-1.5104101963200112,-1.0852784214895703,-1.0318557299675197,-1.457764881645404,0.06229544063683744,NotPlaced,-1.6520651028241051,0,0
-1.8027667485727352,-1.5104101963200112,0.09326023857568026,1.2142535652005348,-1.5863356909850983,-0.6823984345920682,NotPlaced,0.11623135627792522,0,0
-1.4853627239086462,0.050554537486061424,-1.0852784214895703,-1.0318557299675197,-0.943481644286627,0.5587580241227753,NotPlaced,-1.121576165093496,0,1
0.8951674610720188,-1.5104101963200112,0.09326023857568026,0.09119891761650768,-0.4291984069278497,0.31052673237980744,Placed,-0.41425758145268365,1,0
1.3712734980681531,-1.5104101963200112,-1.0852784214895703,-1.0318557299675197,-0.6863400256072383,0.8069893158657431,NotPlaced,-1.6520651028241051,0,0
-0.21574662525229105,0.050554537486061424,0.09326023857568026,0.09119891761650768,-1.457764881645404,1.0552206076087132,NotPlaced,0.11623135627792522,0,1
0.260359411743842,0.050554537486061424,-1.0852784214895703,1.2142535652005348,-0.4291984069278497,-0.4341671428491004,NotPlaced,-0.060598289632277744,0,1
0.577763436407931,0.050554537486061424,1.2717988986409308,1.2142535652005348,0.4707972584500104,1.3034518993516808,Placed,1.3540388776493464,1,1
0.260359411743842,0.050554537486061424,-1.0852784214895703,0.09119891761650768,0.727938877129399,-0.9306297263350372,NotPlaced,-0.5910872273628871,0,1
-1.6440647362406915,-1.5104101963200112,-1.0852784214895703,0.09119891761650768,-0.8149108349469326,-1.9235548933069118,NotPlaced,-1.121576165093496,0,0
-0.3744486375843349,0.050554537486061424,1.2717988986409308,1.2142535652005348,0.2136556397706218,0.31052673237980744,Placed,1.3540388776493464,1,1
-0.057044612920247185,0.050554537486061424,1.2717988986409308,2.337308212784562,0.0850848304309275,-0.18593585110613037,NotPlaced,1.8845278153799556,0,1
-0.3744486375843349,-1.5104101963200112,-1.0852784214895703,2.337308212784562,-1.5863356909850983,-2.4200174767928493,NotPlaced,-0.06059828963227817,0,0
1.2125714857361094,0.050554537486061424,-2.2638170815548206,-1.0318557299675197,-0.4291984069278497,1.0552206076087132,Placed,-1.828894748734308,1,1
0.577763436407931,0.050554537486061424,-1.0852784214895703,0.09119891761650768,0.0850848304309275,0.8069893158657431,NotPlaced,-0.5910872273628871,0,1
-1.167958699244557,0.050554537486061424,0.09326023857568026,0.09119891761650768,1.4993637331675649,-0.9306297263350372,NotPlaced,0.11623135627792522,0,1
-0.057044612920247185,0.050554537486061424,-1.0852784214895703,0.09119891761650768,0.727938877129399,0.5587580241227753,NotPlaced,-0.5910872273628871,0,1
1.2125714857361094,0.050554537486061424,-1.0852784214895703,1.2142535652005348,0.5993680677897048,0.5587580241227753,NotPlaced,-0.060598289632277744,0,1
-1.3266607115766023,0.050554537486061424,0.09326023857568026,-1.0318557299675197,-1.457764881645404,1.3034518993516808,NotPlaced,-0.41425758145268365,0,1
-0.21574662525229105,0.050554537486061424,0.09326023857568026,-1.0318557299675197,-0.4291984069278497,-1.4270923098209738,NotPlaced,-0.41425758145268365,0,1
-0.057044612920247185,0.050554537486061424,-1.0852784214895703,-1.0318557299675197,0.5993680677897048,-0.6823984345920682,NotPlaced,-1.121576165093496,0,1
1.3712734980681531,1.611519271292134,0.09326023857568026,2.337308212784562,-1.457764881645404,0.8069893158657431,NotPlaced,1.707698169469752,0,1
-0.3744486375843349,0.050554537486061424,-1.0852784214895703,-1.0318557299675197,-1.0720524536263212,-0.6823984345920682,NotPlaced,-1.121576165093496,0,1
-0.5331506499163802,0.050554537486061424,0.09326023857568026,0.09119891761650768,-2.22918973768357,0.5587580241227753,NotPlaced,0.11623135627792522,0,1
1.688677522732241,1.611519271292134,1.2717988986409308,-1.0318557299675197,0.727938877129399,-0.18593585110613037,NotPlaced,0.8235499399187379,0,1
0.736465448739975,0.050554537486061424,-1.0852784214895703,-1.0318557299675197,-0.8149108349469326,-0.6823984345920682,NotPlaced,-1.121576165093496,0,1
-0.21574662525229105,1.611519271292134,1.2717988986409308,1.2142535652005348,0.2136556397706218,0.5587580241227753,NotPlaced,1.8845278153799556,0,1
0.577763436407931,1.611519271292134,1.2717988986409308,1.2142535652005348,1.3707929238278704,0.5587580241227753,Placed,1.8845278153799556,1,1
0.8951674610720188,1.611519271292134,1.2717988986409308,-1.0318557299675197,0.8565096864690933,1.0552206076087132,Placed,0.8235499399187379,1,1
1.0538694734040654,-1.5104101963200112,0.09326023857568026,1.2142535652005348,0.4707972584500104,0.31052673237980744,NotPlaced,0.11623135627792522,0,0
-1.8027667485727352,0.050554537486061424,-1.0852784214895703,-1.0318557299675197,-0.1720567882484611,0.06229544063683744,NotPlaced,-1.121576165093496,0,1
-1.0092566869125132,0.050554537486061424,0.09326023857568026,0.09119891761650768,-0.1720567882484611,0.06229544063683744,Placed,0.11623135627792522,1,1
1.0538694734040654,0.050554537486061424,-1.0852784214895703,0.09119891761650768,-0.1720567882484611,-2.1717861850498807,NotPlaced,-0.5910872273628871,0,1
-1.6440647362406915,-1.5104101963200112,-1.0852784214895703,1.2142535652005348,-0.8149108349469326,-0.18593585110613037,Placed,-0.5910872273628871,1,0
0.736465448739975,1.611519271292134,-1.0852784214895703,2.337308212784562,0.9850804958087876,1.0552206076087132,Placed,1.00037958582894,1,1
-0.057044612920247185,-1.5104101963200112,0.09326023857568026,-1.0318557299675197,-1.0720524536263212,-1.1788610180780061,NotPlaced,-0.944746519183293,0,0
1.2125714857361094,0.050554537486061424,1.2717988986409308,-1.0318557299675197,-0.557769216267544,0.8069893158657431,NotPlaced,0.2930610021881282,0,1
-0.21574662525229105,0.050554537486061424,-1.0852784214895703,-1.0318557299675197,-1.5863356909850983,-0.9306297263350372,NotPlaced,-1.121576165093496,0,1
-0.21574662525229105,0.050554537486061424,0.09326023857568026,-1.0318557299675197,0.34222644911031613,1.0552206076087132,NotPlaced,-0.41425758145268365,0,1
-1.8027667485727352,-1.5104101963200112,-1.0852784214895703,-1.0318557299675197,-1.843477309664487,0.06229544063683744,NotPlaced,-1.6520651028241051,0,0
-0.21574662525229105,1.611519271292134,1.2717988986409308,0.09119891761650768,-0.6863400256072383,0.06229544063683744,NotPlaced,1.3540388776493464,0,1
0.10165739941179809,0.050554537486061424,0.09326023857568026,-1.0318557299675197,-0.1720567882484611,-0.18593585110613037,Placed,-0.41425758145268365,1,1
1.529975510400197,0.050554537486061424,0.09326023857568026,2.337308212784562,-0.4291984069278497,0.5587580241227753,Placed,1.177209231739143,1,1
1.688677522732241,0.050554537486061424,1.2717988986409308,2.337308212784562,1.113651305148482,1.0552206076087132,Placed,1.8845278153799556,1,1
-0.3744486375843349,0.050554537486061424,-1.0852784214895703,0.09119891761650768,-0.8149108349469326,-0.6823984345920682,NotPlaced,-0.5910872273628871,0,1
1.0538694734040654,-1.5104101963200112,1.2717988986409308,0.09119891761650768,-0.6863400256072383,0.31052673237980744,NotPlaced,0.2930610021881282,0,0
-0.057044612920247185,0.050554537486061424,-1.0852784214895703,0.09119891761650768,1.2422221144881762,-0.6823984345920682,NotPlaced,-0.5910872273628871,0,1
1.2125714857361094,-1.5104101963200112,1.2717988986409308,1.2142535652005348,-0.1720567882484611,0.8069893158657431,Placed,0.8235499399187379,1,0
-0.057044612920247185,0.050554537486061424,-1.0852784214895703,1.2142535652005348,-1.2006232629660154,-0.6823984345920682,NotPlaced,-0.060598289632277744,0,1
-0.8505546745804693,0.050554537486061424,-1.0852784214895703,-1.0318557299675197,-0.3006275975881554,-0.9306297263350372,NotPlaced,-1.121576165093496,0,1
1.529975510400197,0.050554537486061424,0.09326023857568026,-1.0318557299675197,1.113651305148482,1.3034518993516808,Placed,-0.41425758145268365,1,1
0.577763436407931,0.050554537486061424,-1.0852784214895703,-1.0318557299675197,1.4993637331675649,0.5587580241227753,Placed,-1.121576165093496,1,1
-0.3744486375843349,-1.5104101963200112,-1.0852784214895703,0.09119891761650768,-1.2006232629660154,-1.9235548933069118,NotPlaced,-1.121576165093496,0,0
1.3712734980681531,1.611519271292134,-1.0852784214895703,2.337308212784562,0.4707972584500104,-1.6753236015639428,NotPlaced,1.00037958582894,0,1
-0.057044612920247185,0.050554537486061424,0.09326023857568026,-1.0318557299675197,1.4993637331675649,1.3034518993516808,Placed,-0.41425758145268365,1,1
0.736465448739975,0.050554537486061424,0.09326023857568026,-1.0318557299675197,1.4993637331675649,0.5587580241227753,NotPlaced,-0.41425758145268365,0,1
-0.21574662525229105,0.050554537486061424,-1.0852784214895703,-1.0318557299675197,0.4707972584500104,-1.6753236015639428,NotPlaced,-1.121576165093496,0,1
-1.6440647362406915,0.050554537486061424,-1.0852784214895703,0.09119891761650768,-2.3577605470232643,-2.4200174767928493,NotPlaced,-0.5910872273628871,0,1
-0.691852662248424,-1.5104101963200112,0.09326023857568026,0.09119891761650768,-1.5863356909850983,-0.9306297263350372,NotPlaced,-0.41425758145268365,0,0
0.577763436407931,0.050554537486061424,0.09326023857568026,0.09119891761650768,0.4707972584500104,1.3034518993516808,Placed,0.11623135627792522,1,1
0.577763436407931,0.050554537486061424,1.2717988986409308,-1.0318557299675197,1.4993637331675649,0.31052673237980744,Placed,0.2930610021881282,1,1
0.260359411743842,0.050554537486061424,0.09326023857568026,0.09119891761650768,0.5993680677897048,-1.9235548933069118,NotPlaced,0.11623135627792522,0,1
0.4190614240758872,0.050554537486061424,1.2717988986409308,1.2142535652005348,0.5993680677897048,1.0552206076087132,Placed,1.3540388776493464,1,1
-0.057044612920247185,0.050554537486061424,-1.0852784214895703,0.09119891761650768,-0.557769216267544,0.31052673237980744,NotPlaced,-0.5910872273628871,0,1
0.577763436407931,0.050554537486061424,1.2717988986409308,1.2142535652005348,0.727938877129399,0.06229544063683744,Placed,1.3540388776493464,1,1
-0.057044612920247185,0.050554537486061424,0.09326023857568026,0.09119891761650768,0.0850848304309275,0.06229544063683744,NotPlaced,0.11623135627792522,0,1
1.0538694734040654,0.050554537486061424,0.09326023857568026,-1.0318557299675197,0.4707972584500104,0.5587580241227753,Placed,-0.41425758145268365,1,1
-1.8027667485727352,-1.5104101963200112,1.2717988986409308,1.2142535652005348,0.9850804958087876,0.8069893158657431,NotPlaced,0.8235499399187379,0,0
-1.6440647362406915,0.050554537486061424,0.09326023857568026,1.2142535652005348,-0.6863400256072383,-2.4200174767928493,Placed,0.6467202940085341,1,1
0.10165739941179809,1.611519271292134,0.09326023857568026,-1.0318557299675197,-0.6863400256072383,0.06229544063683744,Placed,0.11623135627792522,1,1
1.0538694734040654,-1.5104101963200112,0.09326023857568026,0.09119891761650768,0.2136556397706218,-0.9306297263350372,NotPlaced,-0.41425758145268365,0,0
-0.21574662525229105,0.050554537486061424,-1.0852784214895703,0.09119891761650768,-1.9720481190041814,-1.9235548933069118,NotPlaced,-0.5910872273628871,0,1
-0.3744486375843349,-1.5104101963200112,-1.0852784214895703,0.09119891761650768,-1.9720481190041814,-1.9235548933069118,NotPlaced,-1.121576165093496,0,0
-1.8027667485727352,-1.5104101963200112,-1.0852784214895703,-1.0318557299675197,-2.1006189283438754,-0.9306297263350372,NotPlaced,-1.6520651028241051,0,0
-1.8027667485727352,0.050554537486061424,-1.0852784214895703,-1.0318557299675197,-1.9720481190041814,0.5587580241227753,NotPlaced,-1.121576165093496,0,1
-1.8027667485727352,1.611519271292134,-1.0852784214895703,2.337308212784562,0.5993680677897048,0.5587580241227753,NotPlaced,1.00037958582894,0,1
1.2125714857361094,0.050554537486061424,-1.0852784214895703,1.2142535652005348,0.34222644911031613,0.8069893158657431,Placed,-0.060598289632277744,1,1
-1.8027667485727352,0.050554537486061424,-1.0852784214895703,-1.0318557299675197,0.2136556397706218,-1.1788610180780061,Placed,-1.121576165093496,1,1
0.260359411743842,0.050554537486061424,-1.0852784214895703,-1.0318557299675197,0.4707972584500104,0.8069893158657431,Placed,-1.121576165093496,1,1
-0.21574662525229105,0.050554537486061424,1.2717988986409308,-1.0318557299675197,-0.943481644286627,-0.6823984345920682,NotPlaced,0.2930610021881282,0,1
-0.21574662525229105,-1.5104101963200112,-1.0852784214895703,0.09119891761650768,0.4707972584500104,-1.1788610180780061,NotPlaced,-1.121576165093496,0,0
-1.8027667485727352,0.050554537486061424,-1.0852784214895703,-1.0318557299675197,-0.557769216267544,1.0552206076087132,NotPlaced,-1.121576165093496,0,1
-1.0092566869125132,0.050554537486061424,-1.0852784214895703,-1.0318557299675197,-1.2006232629660154,-1.4270923098209738,NotPlaced,-1.121576165093496,0,1
0.8951674610720188,-1.5104101963200112,-1.0852784214895703,0.09119891761650768,0.0850848304309275,-0.9306297263350372,NotPlaced,-1.121576165093496,0,0
-0.21574662525229105,0.050554537486061424,-1.0852784214895703,0.09119891761650768,-1.2006232629660154,-1.6753236015639428,NotPlaced,-0.5910872273628871,0,1
-0.3744486375843349,-1.5104101963200112,-1.0852784214895703,0.09119891761650768,-2.22918973768357,-1.1788610180780061,NotPlaced,-1.121576165093496,0,0
-1.8027667485727352,0.050554537486061424,0.09326023857568026,0.09119891761650768,-0.0434859789087668,-1.1788610180780061,NotPlaced,0.11623135627792522,0,1
0.577763436407931,-1.5104101963200112,-1.0852784214895703,0.09119891761650768,-0.4291984069278497,-0.4341671428491004,NotPlaced,-1.121576165093496,0,0
0.10165739941179809,0.050554537486061424,0.09326023857568026,0.09119891761650768,-1.457764881645404,-1.1788610180780061,NotPlaced,0.11623135627792522,0,1
-0.057044612920247185,0.050554537486061424,1.2717988986409308,1.2142535652005348,-0.1720567882484611,0.31052673237980744,Placed,1.3540388776493464,1,1
0.10165739941179809,0.050554537486061424,1.2717988986409308,0.09119891761650768,0.5993680677897048,1.3034518993516808,Placed,0.8235499399187379,1,1
-0.5331506499163802,0.050554537486061424,-1.0852784214895703,-1.0318557299675197,-0.4291984069278497,-0.9306297263350372,NotPlaced,-1.121576165093496,0,1
0.260359411743842,1.611519271292134,1.2717988986409308,1.2142535652005348,1.113651305148482,1.3034518993516808,Placed,1.8845278153799556,1,1
0.736465448739975,0.050554537486061424,0.09326023857568026,1.2142535652005348,0.9850804958087876,0.31052673237980744,Placed,0.6467202940085341,1,1
-0.21574662525229105,0.050554537486061424,-1.0852784214895703,-1.0318557299675197,-0.0434859789087668,0.31052673237980744,NotPlaced,-1.121576165093496,0,1
-1.8027667485727352,-1.5104101963200112,0.09326023857568026,0.09119891761650768,-2.3577605470232643,-1.9235548933069118,NotPlaced,-0.41425758145268365,0,0
1.688677522732241,0.050554537486061424,1.2717988986409308,-1.0318557299675197,-0.1720567882484611,-1.9235548933069118,Placed,0.2930610021881282,1,1
1.0538694734040654,0.050554537486061424,0.09326023857568026,-1.0318557299675197,0.2136556397706218,1.3034518993516808,Placed,-0.41425758145268365,1,1
0.4190614240758872,0.050554537486061424,0.09326023857568026,-1.0318557299675197,1.4993637331675649,-0.18593585110613037,NotPlaced,-0.41425758145268365,0,1
-1.167958699244557,1.611519271292134,1.2717988986409308,0.09119891761650768,-0.1720567882484611,0.06229544063683744,Placed,1.3540388776493464,1,1
-0.21574662525229105,-1.5104101963200112,1.2717988986409308,-1.0318557299675197,0.5993680677897048,-0.9306297263350372,NotPlaced,-0.2374279355424807,0,0
0.260359411743842,0.050554537486061424,0.09326023857568026,-1.0318557299675197,-0.6863400256072383,-1.9235548933069118,NotPlaced,-0.41425758145268365,0,1
0.260359411743842,0.050554537486061424,1.2717988986409308,1.2142535652005348,0.727938877129399,0.8069893158657431,Placed,1.3540388776493464,1,1
-1.6440647362406915,0.050554537486061424,0.09326023857568026,-1.0318557299675197,-2.3577605470232643,1.0552206076087132,NotPlaced,-0.41425758145268365,0,1
1.2125714857361094,1.611519271292134,-1.0852784214895703,1.2142535652005348,-0.0434859789087668,-0.4341671428491004,NotPlaced,0.46989064809833114,0,1
0.577763436407931,0.050554537486061424,-1.0852784214895703,1.2142535652005348,-0.4291984069278497,-1.6753236015639428,NotPlaced,-0.060598289632277744,0,1
1.0538694734040654,-1.5104101963200112,-1.0852784214895703,-1.0318557299675197,-0.943481644286627,-0.4341671428491004,Placed,-1.6520651028241051,1,0
-0.5331506499163802,0.050554537486061424,-1.0852784214895703,-1.0318557299675197,-2.3577605470232643,0.5587580241227753,NotPlaced,-1.121576165093496,0,1
1.2125714857361094,-1.5104101963200112,-1.0852784214895703,0.09119891761650768,-1.843477309664487,-1.6753236015639428,NotPlaced,-1.121576165093496,0,0
0.260359411743842,0.050554537486061424,-1.0852784214895703,-1.0318557299675197,0.8565096864690933,-0.6823984345920682,NotPlaced,-1.121576165093496,0,1
-1.8027667485727352,1.611519271292134,1.2717988986409308,-1.0318557299675197,0.8565096864690933,-0.6823984345920682,NotPlaced,0.8235499399187379,0,1
1.0538694734040654,1.611519271292134,1.2717988986409308,1.2142535652005348,-0.1720567882484611,-0.18593585110613037,NotPlaced,1.8845278153799556,0,1
1.688677522732241,0.050554537486061424,0.09326023857568026,-1.0318557299675197,0.727938877129399,0.31052673237980744,Placed,-0.41425758145268365,1,1
1.8473795350642876,1.611519271292134,0.09326023857568026,1.2142535652005348,1.3707929238278704,1.3034518993516808,NotPlaced,1.177209231739143,0,1
-0.21574662525229105,0.050554537486061424,-1.0852784214895703,0.09119891761650768,0.4707972584500104,0.8069893158657431,NotPlaced,-0.5910872273628871,0,1
0.736465448739975,1.611519271292134,-1.0852784214895703,1.2142535652005348,1.3707929238278704,1.3034518993516808,Placed,0.46989064809833114,1,1
-1.4853627239086462,0.050554537486061424,0.09326023857568026,-1.0318557299675197,0.9850804958087876,0.31052673237980744,Placed,-0.41425758145268365,1,1
-0.5331506499163802,1.611519271292134,0.09326023857568026,0.09119891761650768,-0.3006275975881554,-1.1788610180780061,Placed,0.6467202940085345,1,1
0.10165739941179809,0.050554537486061424,0.09326023857568026,-1.0318557299675197,1.4993637331675649,1.3034518993516808,Placed,-0.41425758145268365,1,1
-0.21574662525229105,0.050554537486061424,-1.0852784214895703,0.09119891761650768,-1.0720524536263212,-1.1788610180780061,NotPlaced,-0.5910872273628871,0,1
0.4190614240758872,-1.5104101963200112,0.09326023857568026,-1.0318557299675197,0.2136556397706218,-1.6753236015639428,NotPlaced,-0.944746519183293,0,0
-0.8505546745804693,-1.5104101963200112,1.2717988986409308,-1.0318557299675197,0.2136556397706218,0.31052673237980744,Placed,-0.2374279355424807,1,0
0.736465448739975,0.050554537486061424,-1.0852784214895703,0.09119891761650768,-0.0434859789087668,0.06229544063683744,NotPlaced,-0.5910872273628871,0,1
0.577763436407931,0.050554537486061424,1.2717988986409308,-1.0318557299675197,1.3707929238278704,0.5587580241227753,Placed,0.2930610021881282,1,1
-1.6440647362406915,-1.5104101963200112,-1.0852784214895703,1.2142535652005348,0.34222644911031613,-0.6823984345920682,NotPlaced,-0.5910872273628871,0,0
-0.057044612920247185,1.611519271292134,1.2717988986409308,1.2142535652005348,0.34222644911031613,-0.6823984345920682,Placed,1.8845278153799556,1,1
1.3712734980681531,0.050554537486061424,0.09326023857568026,-1.0318557299675197,0.727938877129399,0.5587580241227753,NotPlaced,-0.41425758145268365,0,1
1.0538694734040654,0.050554537486061424,1.2717988986409308,1.2142535652005348,0.2136556397706218,-0.4341671428491004,Placed,1.3540388776493464,1,1
-1.4853627239086462,1.611519271292134,0.09326023857568026,0.09119891761650768,-0.3006275975881554,-0.9306297263350372,Placed,0.6467202940085345,1,1
0.260359411743842,0.050554537486061424,-1.0852784214895703,-1.0318557299675197,-1.5863356909850983,-0.4341671428491004,NotPlaced,-1.121576165093496,0,1
-0.057044612920247185,0.050554537486061424,0.09326023857568026,1.2142535652005348,0.0850848304309275,-0.18593585110613037,Placed,0.6467202940085341,1,1
1.688677522732241,1.611519271292134,1.2717988986409308,1.2142535652005348,1.4993637331675649,0.8069893158657431,Placed,1.8845278153799556,1,1
1.8473795350642876,-1.5104101963200112,-1.0852784214895703,-1.0318557299675197,0.727938877129399,0.5587580241227753,Placed,-1.6520651028241051,1,0
0.8951674610720188,0.050554537486061424,1.2717988986409308,1.2142535652005348,0.0850848304309275,1.3034518993516808,Placed,1.3540388776493464,1,1
-1.3266607115766023,-1.5104101963200112,-1.0852784214895703,-1.0318557299675197,-0.0434859789087668,1.0552206076087132,NotPlaced,-1.6520651028241051,0,0
-0.21574662525229105,0.050554537486061424,-1.0852784214895703,-1.0318557299675197,-0.4291984069278497,-0.9306297263350372,NotPlaced,-1.121576165093496,0,1
0.736465448739975,1.611519271292134,1.2717988986409308,0.09119891761650768,0.4707972584500104,-0.18593585110613037,NotPlaced,1.3540388776493464,0,1
0.577763436407931,0.050554537486061424,1.2717988986409308,-1.0318557299675197,-0.557769216267544,-1.1788610180780061,NotPlaced,0.2930610021881282,0,1
0.8951674610720188,0.050554537486061424,1.2717988986409308,0.09119891761650768,0.2136556397706218,-0.9306297263350372,Placed,0.8235499399187379,1,1
0.10165739941179809,0.050554537486061424,-1.0852784214895703,1.2142535652005348,-0.8149108349469326,-1.4270923098209738,NotPlaced,-0.060598289632277744,0,1
-1.8027667485727352,0.050554537486061424,0.09326023857568026,2.337308212784562,-0.1720567882484611,0.31052673237980744,NotPlaced,1.177209231739143,0,1
-0.5331506499163802,0.050554537486061424,0.09326023857568026,0.09119891761650768,-1.3291940723057099,-0.9306297263350372,NotPlaced,0.11623135627792522,0,1
0.8951674610720188,0.050554537486061424,1.2717988986409308,1.2142535652005348,1.2422221144881762,1.3034518993516808,Placed,1.3540388776493464,1,1
-0.3744486375843349,0.050554537486061424,-1.0852784214895703,-1.0318557299675197,0.2136556397706218,0.06229544063683744,Placed,-1.121576165093496,1,1
-0.5331506499163802,1.611519271292134,-1.0852784214895703,1.2142535652005348,0.9850804958087876,-1.1788610180780061,NotPlaced,0.46989064809833114,0,1
-1.6440647362406915,-1.5104101963200112,-1.0852784214895703,-1.0318557299675197,-1.457764881645404,-2.4200174767928493,NotPlaced,-1.6520651028241051,0,0
-1.6440647362406915,0.050554537486061424,1.2717988986409308,1.2142535652005348,0.8565096864690933,1.0552206076087132,Placed,1.3540388776493464,1,1
-1.8027667485727352,0.050554537486061424,-1.0852784214895703,-1.0318557299675197,-1.457764881645404,-0.9306297263350372,NotPlaced,-1.121576165093496,0,1
-0.057044612920247185,0.050554537486061424,-1.0852784214895703,0.09119891761650768,-1.2006232629660154,0.06229544063683744,NotPlaced,-0.5910872273628871,0,1
-1.8027667485727352,-1.5104101963200112,-1.0852784214895703,-1.0318557299675197,-0.6863400256072383,-1.6753236015639428,NotPlaced,-1.6520651028241051,0,0
0.4190614240758872,0.050554537486061424,1.2717988986409308,-1.0318557299675197,0.34222644911031613,-2.6682487685358174,NotPlaced,0.2930610021881282,0,1
-1.6440647362406915,0.050554537486061424,-1.0852784214895703,-1.0318557299675197,-0.557769216267544,1.0552206076087132,NotPlaced,-1.121576165093496,0,1
0.8951674610720188,-1.5104101963200112,1.2717988986409308,-1.0318557299675197,-1.7149065003247927,-0.18593585110613037,NotPlaced,-0.2374279355424807,0,0
1.529975510400197,1.611519271292134,1.2717988986409308,1.2142535652005348,1.113651305148482,0.31052673237980744,Placed,1.8845278153799556,1,1
-0.057044612920247185,0.050554537486061424,0.09326023857568026,-1.0318557299675197,-0.0434859789087668,0.31052673237980744,NotPlaced,-0.41425758145268365,0,1
1.2125714857361094,0.050554537486061424,1.2717988986409308,1.2142535652005348,1.4993637331675649,-0.4341671428491004,Placed,1.3540388776493464,1,1
-0.8505546745804693,0.050554537486061424,-1.0852784214895703,1.2142535652005348,-0.943481644286627,-0.18593585110613037,NotPlaced,-0.060598289632277744,0,1
1.0538694734040654,0.050554537486061424,0.09326023857568026,-1.0318557299675197,0.5993680677897048,-0.18593585110613037,NotPlaced,-0.41425758145268365,0,1
0.260359411743842,0.050554537486061424,0.09326023857568026,-1.0318557299675197,-0.3006275975881554,0.31052673237980744,NotPlaced,-0.41425758145268365,0,1
0.577763436407931,1.611519271292134,0.09326023857568026,1.2142535652005348,1.2422221144881762,0.31052673237980744,NotPlaced,1.177209231739143,0,1
-1.4853627239086462,0.050554537486061424,0.09326023857568026,-1.0318557299675197,-1.9720481190041814,-1.4270923098209738,NotPlaced,-0.41425758145268365,0,1
-0.21574662525229105,1.611519271292134,0.09326023857568026,0.09119891761650768,-0.557769216267544,0.31052673237980744,NotPlaced,0.6467202940085345,0,1
0.260359411743842,0.050554537486061424,0.09326023857568026,0.09119891761650768,0.727938877129399,1.0552206076087132,NotPlaced,0.11623135627792522,0,1
1.0538694734040654,-1.5104101963200112,-1.0852784214895703,-1.0318557299675197,0.2136556397706218,-0.9306297263350372,NotPlaced,-1.6520651028241051,0,0
1.0538694734040654,0.050554537486061424,1.2717988986409308,1.2142535652005348,0.5993680677897048,1.0552206076087132,Placed,1.3540388776493464,1,1
0.736465448739975,0.050554537486061424,-1.0852784214895703,-1.0318557299675197,0.34222644911031613,1.0552206076087132,NotPlaced,-1.121576165093496,0,1
-1.8027667485727352,0.050554537486061424,-1.0852784214895703,-1.0318557299675197,-0.4291984069278497,0.5587580241227753,NotPlaced,-1.121576165093496,0,1
0.736465448739975,0.050554537486061424,-1.0852784214895703,0.09119891761650768,-0.1720567882484611,-0.4341671428491004,Placed,-0.5910872273628871,1,1
-0.21574662525229105,0.050554537486061424,-1.0852784214895703,1.2142535652005348,-1.457764881645404,-1.9235548933069118,NotPlaced,-0.060598289632277744,0,1
-1.4853627239086462,0.050554537486061424,-1.0852784214895703,0.09119891761650768,-1.3291940723057099,1.3034518993516808,NotPlaced,-0.5910872273628871,0,1
0.736465448739975,-1.5104101963200112,1.2717988986409308,-1.0318557299675197,-0.1720567882484611,-0.9306297263350372,NotPlaced,-0.2374279355424807,0,0
0.4190614240758872,0.050554537486061424,1.2717988986409308,-1.0318557299675197,-0.4291984069278497,-0.4341671428491004,NotPlaced,0.2930610021881282,0,1
0.736465448739975,0.050554537486061424,0.09326023857568026,1.2142535652005348,0.5993680677897048,0.5587580241227753,NotPlaced,0.6467202940085341,0,1
1.2125714857361094,1.611519271292134,1.2717988986409308,1.2142535652005348,1.3707929238278704,0.31052673237980744,NotPlaced,1.8845278153799556,0,1
-1.8027667485727352,-1.5104101963200112,-1.0852784214895703,-1.0318557299675197,-1.2006232629660154,-1.6753236015639428,NotPlaced,-1.6520651028241051,0,0
-1.8027667485727352,0.050554537486061424,-1.0852784214895703,-1.0318557299675197,-1.457764881645404,0.8069893158657431,NotPlaced,-1.121576165093496,0,1
-0.057044612920247185,-1.5104101963200112,-1.0852784214895703,0.09119891761650768,-1.0720524536263212,-0.6823984345920682,NotPlaced,-1.121576165093496,0,0
0.4190614240758872,0.050554537486061424,1.2717988986409308,1.2142535652005348,1.3707929238278704,0.8069893158657431,Placed,1.3540388776493464,1,1
0.8951674610720188,1.611519271292134,1.2717988986409308,1.2142535652005348,0.5993680677897048,0.8069893158657431,Placed,1.8845278153799556,1,1
0.4190614240758872,0.050554537486061424,0.09326023857568026,0.09119891761650768,0.9850804958087876,0.8069893158657431,Placed,0.11623135627792522,1,1
0.577763436407931,1.611519271292134,0.09326023857568026,2.337308212784562,0.4707972584500104,-0.6823984345920682,Placed,1.707698169469752,1,1
1.2125714857361094,0.050554537486061424,-1.0852784214895703,-1.0318557299675197,-0.4291984069278497,-1.4270923098209738,NotPlaced,-1.121576165093496,0,1
0.736465448739975,0.050554537486061424,1.2717988986409308,1.2142535652005348,0.727938877129399,1.3034518993516808,NotPlaced,1.3540388776493464,0,1
-0.21574662525229105,0.050554537486061424,1.2717988986409308,1.2142535652005348,0.9850804958087876,1.3034518993516808,Placed,1.3540388776493464,1,1
0.577763436407931,0.050554537486061424,0.09326023857568026,1.2142535652005348,1.4993637331675649,1.0552206076087132,NotPlaced,0.6467202940085341,0,1
-0.21574662525229105,0.050554537486061424,-1.0852784214895703,-1.0318557299675197,-1.7149065003247927,-1.1788610180780061,NotPlaced,-1.121576165093496,0,1
-0.3744486375843349,0.050554537486061424,-1.0852784214895703,-1.0318557299675197,1.113651305148482,0.8069893158657431,NotPlaced,-1.121576165093496,0,1
-0.21574662525229105,0.050554537486061424,1.2717988986409308,-1.0318557299675197,0.5993680677897048,-0.4341671428491004,Placed,0.2930610021881282,1,1
1.2125714857361094,-1.5104101963200112,-2.2638170815548206,1.2142535652005348,1.4993637331675649,1.3034518993516808,Placed,-1.298405811003699,1,0
1.0538694734040654,0.050554537486061424,1.2717988986409308,0.09119891761650768,1.3707929238278704,1.3034518993516808,Placed,0.8235499399187379,1,1
0.10165739941179809,0.050554537486061424,-1.0852784214895703,0.09119891761650768,0.0850848304309275,-1.4270923098209738,NotPlaced,-0.5910872273628871,0,1
-1.0092566869125132,0.050554537486061424,-1.0852784214895703,-1.0318557299675197,-0.8149108349469326,0.31052673237980744,NotPlaced,-1.121576165093496,0,1
0.4190614240758872,1.611519271292134,1.2717988986409308,1.2142535652005348,-0.3006275975881554,0.8069893158657431,Placed,1.8845278153799556,1,1
0.4190614240758872,1.611519271292134,-1.0852784214895703,-1.0318557299675197,0.34222644911031613,-1.4270923098209738,Placed,-0.5910872273628871,1,1
-1.8027667485727352,0.050554537486061424,-1.0852784214895703,0.09119891761650768,-1.2006232629660154,-1.4270923098209738,NotPlaced,-0.5910872273628871,0,1
-0.3744486375843349,-1.5104101963200112,1.2717988986409308,-1.0318557299675197,0.0850848304309275,-2.4200174767928493,NotPlaced,-0.2374279355424807,0,0
-1.4853627239086462,-1.5104101963200112,-1.0852784214895703,0.09119891761650768,-0.943481644286627,-0.18593585110613037,NotPlaced,-1.121576165093496,0,0
0.577763436407931,0.050554537486061424,0.09326023857568026,1.2142535652005348,0.8565096864690933,1.3034518993516808,Placed,0.6467202940085341,1,1
0.4190614240758872,0.050554537486061424,0.09326023857568026,-1.0318557299675197,-1.457764881645404,0.31052673237980744,Placed,-0.41425758145268365,1,1
0.10165739941179809,0.050554537486061424,-1.0852784214895703,0.09119891761650768,-0.0434859789087668,-2.4200174767928493,NotPlaced,-0.5910872273628871,0,1
0.10165739941179809,1.611519271292134,0.09326023857568026,1.2142535652005348,0.8565096864690933,0.06229544063683744,Placed,1.177209231739143,1,1
-1.4853627239086462,-1.5104101963200112,-1.0852784214895703,0.09119891761650768,-0.557769216267544,-0.9306297263350372,NotPlaced,-1.121576165093496,0,0
-0.3744486375843349,0.050554537486061424,-1.0852784214895703,-1.0318557299675197,-0.1720567882484611,-0.6823984345920682,NotPlaced,-1.121576165093496,0,1
-1.8027667485727352,0.050554537486061424,0.09326023857568026,0.09119891761650768,-0.8149108349469326,-0.6823984345920682,NotPlaced,0.11623135627792522,0,1
-0.3744486375843349,0.050554537486061424,0.09326023857568026,0.09119891761650768,-0.943481644286627,0.06229544063683744,NotPlaced,0.11623135627792522,0,1
0.736465448739975,1.611519271292134,0.09326023857568026,1.2142535652005348,1.113651305148482,1.3034518993516808,Placed,1.177209231739143,1,1
0.260359411743842,0.050554537486061424,0.09326023857568026,-1.0318557299675197,-0.943481644286627,-1.4270923098209738,Placed,-0.41425758145268365,1,1
0.736465448739975,-1.5104101963200112,-1.0852784214895703,0.09119891761650768,-0.3006275975881554,-2.4200174767928493,NotPlaced,-1.121576165093496,0,0
-0.057044612920247185,0.050554537486061424,0.09326023857568026,-1.0318557299675197,-1.843477309664487,0.5587580241227753,NotPlaced,-0.41425758145268365,0,1
0.10165739941179809,0.050554537486061424,-1.0852784214895703,0.09119891761650768,-1.5863356909850983,1.3034518993516808,NotPlaced,-0.5910872273628871,0,1
1.3712734980681531,1.611519271292134,1.2717988986409308,0.09119891761650768,1.3707929238278704,0.5587580241227753,Placed,1.3540388776493464,1,1
-1.6440647362406915,0.050554537486061424,0.09326023857568026,0.09119891761650768,-1.5863356909850983,0.8069893158657431,NotPlaced,0.11623135627792522,0,1
-1.6440647362406915,0.050554537486061424,-1.0852784214895703,-1.0318557299675197,0.9850804958087876,0.31052673237980744,Placed,-1.121576165093496,1,1
0.577763436407931,1.611519271292134,-1.0852784214895703,-1.0318557299675197,-0.557769216267544,0.8069893158657431,Placed,-0.5910872273628871,1,1
0.260359411743842,-1.5104101963200112,0.09326023857568026,-1.0318557299675197,0.4707972584500104,0.06229544063683744,NotPlaced,-0.944746519183293,0,0
-0.057044612920247185,0.050554537486061424,0.09326023857568026,0.09119891761650768,-0.6863400256072383,0.06229544063683744,Placed,0.11623135627792522,1,1
0.577763436407931,0.050554537486061424,1.2717988986409308,0.09119891761650768,0.2136556397706218,0.8069893158657431,NotPlaced,0.8235499399187379,0,1
-1.3266607115766023,0.050554537486061424,0.09326023857568026,-1.0318557299675197,0.0850848304309275,-0.6823984345920682,NotPlaced,-0.41425758145268365,0,1
0.736465448739975,0.050554537486061424,-1.0852784214895703,-1.0318557299675197,0.8565096864690933,-2.916480060278785,NotPlaced,-1.121576165093496,0,1
-0.21574662525229105,-1.5104101963200112,-1.0852784214895703,0.09119891761650768,-0.0434859789087668,-0.9306297263350372,NotPlaced,-1.121576165093496,0,0
-0.3744486375843349,-1.5104101963200112,0.09326023857568026,1.2142535652005348,0.2136556397706218,1.3034518993516808,Placed,0.11623135627792522,1,0
-1.6440647362406915,0.050554537486061424,-1.0852784214895703,-1.0318557299675197,-0.0434859789087668,0.8069893158657431,NotPlaced,-1.121576165093496,0,1
-1.3266607115766023,-1.5104101963200112,0.09326023857568026,0.09119891761650768,1.4993637331675649,1.3034518993516808,NotPlaced,-0.41425758145268365,0,0
-1.167958699244557,0.050554537486061424,-1.0852784214895703,-1.0318557299675197,-1.457764881645404,-1.1788610180780061,NotPlaced,-1.121576165093496,0,1
-0.3744486375843349,0.050554537486061424,1.2717988986409308,-1.0318557299675197,0.727938877129399,0.8069893158657431,NotPlaced,0.2930610021881282,0,1
-1.4853627239086462,0.050554537486061424,-1.0852784214895703,-1.0318557299675197,-0.0434859789087668,-2.916480060278785,NotPlaced,-1.121576165093496,0,1
1.2125714857361094,0.050554537486061424,-1.0852784214895703,1.2142535652005348,0.727938877129399,-0.6823984345920682,NotPlaced,-0.060598289632277744,0,1
-1.8027667485727352,0.050554537486061424,-1.0852784214895703,-1.0318557299675197,-2.22918973768357,-0.4341671428491004,NotPlaced,-1.121576165093496,0,1
1.2125714857361094,1.611519271292134,1.2717988986409308,0.09119891761650768,1.113651305148482,1.3034518993516808,Placed,1.3540388776493464,1,1
0.10165739941179809,0.050554537486061424,-1.0852784214895703,0.09119891761650768,-0.943481644286627,0.31052673237980744,NotPlaced,-0.5910872273628871,0,1
1.3712734980681531,1.611519271292134,1.2717988986409308,1.2142535652005348,0.4707972584500104,1.0552206076087132,Placed,1.8845278153799556,1,1
-1.167958699244557,0.050554537486061424,0.09326023857568026,0.09119891761650768,0.34222644911031613,0.06229544063683744,NotPlaced,0.11623135627792522,0,1
-0.057044612920247185,-1.5104101963200112,-1.0852784214895703,0.09119891761650768,-0.943481644286627,-0.9306297263350372,NotPlaced,-1.121576165093496,0,0
0.10165739941179809,1.611519271292134,-1.0852784214895703,-1.0318557299675197,0.8565096864690933,-1.9235548933069118,NotPlaced,-0.5910872273628871,0,1
0.10165739941179809,0.050554537486061424,0.09326023857568026,0.09119891761650768,-0.3006275975881554,-1.4270923098209738,NotPlaced,0.11623135627792522,0,1
1.688677522732241,0.050554537486061424,1.2717988986409308,-1.0318557299675197,1.113651305148482,1.3034518993516808,NotPlaced,0.2930610021881282,0,1
1.3712734980681531,1.611519271292134,1.2717988986409308,0.09119891761650768,1.4993637331675649,1.0552206076087132,Placed,1.3540388776493464,1,1
-0.21574662525229105,0.050554537486061424,-1.0852784214895703,-1.0318557299675197,-1.7149065003247927,-1.9235548933069118,NotPlaced,-1.121576165093496,0,1
-1.8027667485727352,0.050554537486061424,-1.0852784214895703,-1.0318557299675197,-1.457764881645404,-1.1788610180780061,NotPlaced,-1.121576165093496,0,1
0.577763436407931,0.050554537486061424,1.2717988986409308,0.09119891761650768,-0.3006275975881554,0.8069893158657431,NotPlaced,0.8235499399187379,0,1
0.10165739941179809,0.050554537486061424,1.2717988986409308,1.2142535652005348,-0.557769216267544,-1.6753236015639428,NotPlaced,1.3540388776493464,0,1
-0.21574662525229105,-1.5104101963200112,0.09326023857568026,0.09119891761650768,-0.3006275975881554,-0.18593585110613037,NotPlaced,-0.41425758145268365,0,0
0.10165739941179809,0.050554537486061424,1.2717988986409308,0.09119891761650768,-0.3006275975881554,-0.6823984345920682,NotPlaced,0.8235499399187379,0,1
-1.8027667485727352,1.611519271292134,1.2717988986409308,0.09119891761650768,0.727938877129399,1.0552206076087132,Placed,1.3540388776493464,1,1
-0.3744486375843349,-1.5104101963200112,-1.0852784214895703,0.09119891761650768,-0.6863400256072383,0.31052673237980744,NotPlaced,-1.121576165093496,0,0
-1.8027667485727352,0.050554537486061424,0.09326023857568026,0.09119891761650768,1.2422221144881762,0.5587580241227753,Placed,0.11623135627792522,1,1
0.8951674610720188,-1.5104101963200112,0.09326023857568026,1.2142535652005348,0.0850848304309275,-0.6823984345920682,Placed,0.11623135627792522,1,0
-0.21574662525229105,0.050554537486061424,-1.0852784214895703,2.337308212784562,-0.1720567882484611,-0.4341671428491004,NotPlaced,0.46989064809833114,0,1
0.577763436407931,-1.5104101963200112,-1.0852784214895703,-1.0318557299675197,0.4707972584500104,0.06229544063683744,NotPlaced,-1.6520651028241051,0,0
-1.8027667485727352,-1.5104101963200112,0.09326023857568026,0.09119891761650768,-0.943481644286627,-1.1788610180780061,NotPlaced,-0.41425758145268365,0,0
2.0060815473963314,0.050554537486061424,1.2717988986409308,1.2142535652005348,1.4993637331675649,0.06229544063683744,Placed,1.3540388776493464,1,1
0.8951674610720188,1.611519271292134,-1.0852784214895703,2.337308212784562,1.2422221144881762,-0.18593585110613037,Placed,1.00037958582894,1,1
-1.8027667485727352,0.050554537486061424,0.09326023857568026,-1.0318557299675197,-1.0720524536263212,-1.4270923098209738,NotPlaced,-0.41425758145268365,0,1
-1.167958699244557,-1.5104101963200112,1.2717988986409308,1.2142535652005348,-0.0434859789087668,0.06229544063683744,Placed,0.8235499399187379,1,0
-0.057044612920247185,-1.5104101963200112,-1.0852784214895703,1.2142535652005348,0.5993680677897048,1.3034518993516808,Placed,-0.5910872273628871,1,0
-1.8027667485727352,0.050554537486061424,0.09326023857568026,-1.0318557299675197,-1.3291940723057099,-0.18593585110613037,NotPlaced,-0.41425758145268365,0,1
-0.3744486375843349,0.050554537486061424,1.2717988986409308,-1.0318557299675197,0.4707972584500104,-0.4341671428491004,Placed,0.2930610021881282,1,1
-0.21574662525229105,0.050554537486061424,-1.0852784214895703,-1.0318557299675197,-0.8149108349469326,0.31052673237980744,Placed,-1.121576165093496,1,1
0.8951674610720188,0.050554537486061424,0.09326023857568026,1.2142535652005348,1.3707929238278704,0.06229544063683744,Placed,0.6467202940085341,1,1
-0.21574662525229105,1.611519271292134,-1.0852784214895703,0.09119891761650768,-1.7149065003247927,-0.6823984345920682,NotPlaced,-0.06059828963227817,0,1
0.8951674610720188,-1.5104101963200112,-1.0852784214895703,1.2142535652005348,1.4993637331675649,1.0552206076087132,Placed,-0.5910872273628871,1,0
-1.8027667485727352,0.050554537486061424,-1.0852784214895703,-1.0318557299675197,-1.0720524536263212,1.3034518993516808,Placed,-1.121576165093496,1,1
1.2125714857361094,-1.5104101963200112,-1.0852784214895703,-1.0318557299675197,1.4993637331675649,1.3034518993516808,Placed,-1.6520651028241051,1,0
0.260359411743842,0.050554537486061424,0.09326023857568026,-1.0318557299675197,-0.6863400256072383,0.8069893158657431,NotPlaced,-0.41425758145268365,0,1
0.10165739941179809,1.611519271292134,-1.0852784214895703,-1.0318557299675197,-0.557769216267544,-0.4341671428491004,Placed,-0.5910872273628871,1,1
0.10165739941179809,0.050554537486061424,-1.0852784214895703,-1.0318557299675197,-0.4291984069278497,-0.4341671428491004,Placed,-1.121576165093496,1,1
-1.4853627239086462,0.050554537486061424,-1.0852784214895703,1.2142535652005348,-0.0434859789087668,0.06229544063683744,NotPlaced,-0.060598289632277744,0,1
0.577763436407931,1.611519271292134,-1.0852784214895703,-1.0318557299675197,1.4993637331675649,1.0552206076087132,Placed,-0.5910872273628871,1,1
-0.8505546745804693,0.050554537486061424,-1.0852784214895703,2.337308212784562,-0.4291984069278497,0.31052673237980744,NotPlaced,0.46989064809833114,0,1
0.577763436407931,0.050554537486061424,-1.0852784214895703,-1.0318557299675197,1.4993637331675649,0.31052673237980744,NotPlaced,-1.121576165093496,0,1
0.4190614240758872,0.050554537486061424,1.2717988986409308,1.2142535652005348,0.8565096864690933,0.8069893158657431,Placed,1.3540388776493464,1,1
0.10165739941179809,0.050554537486061424,0.09326023857568026,-1.0318557299675197,-1.3291940723057099,-0.9306297263350372,NotPlaced,-0.41425758145268365,0,1
0.10165739941179809,-1.5104101963200112,-1.0852784214895703,0.09119891761650768,-0.3006275975881554,-0.18593585110613037,NotPlaced,-1.121576165093496,0,0
0.260359411743842,1.611519271292134,-1.0852784214895703,1.2142535652005348,0.5993680677897048,0.06229544063683744,NotPlaced,0.46989064809833114,0,1
-0.21574662525229105,-1.5104101963200112,0.09326023857568026,-1.0318557299675197,-0.3006275975881554,-0.18593585110613037,NotPlaced,-0.944746519183293,0,0
-0.5331506499163802,-1.5104101963200112,-1.0852784214895703,-1.0318557299675197,-0.0434859789087668,-0.18593585110613037,NotPlaced,-1.6520651028241051,0,0
0.260359411743842,0.050554537486061424,0.09326023857568026,-1.0318557299675197,0.5993680677897048,-1.9235548933069118,NotPlaced,-0.41425758145268365,0,1
1.0538694734040654,1.611519271292134,0.09326023857568026,1.2142535652005348,-0.3006275975881554,0.8069893158657431,Placed,1.177209231739143,1,1
-0.057044612920247185,1.611519271292134,-1.0852784214895703,0.09119891761650768,-1.7149065003247927,0.31052673237980744,NotPlaced,-0.06059828963227817,0,1
1.2125714857361094,0.050554537486061424,-1.0852784214895703,0.09119891761650768,-1.0720524536263212,-1.1788610180780061,NotPlaced,-0.5910872273628871,0,1
0.10165739941179809,0.050554537486061424,0.09326023857568026,0.09119891761650768,-0.557769216267544,1.3034518993516808,NotPlaced,0.11623135627792522,0,1
0.736465448739975,-1.5104101963200112,-1.0852784214895703,-1.0318557299675197,0.5993680677897048,-0.18593585110613037,NotPlaced,-1.6520651028241051,0,0
0.8951674610720188,0.050554537486061424,1.2717988986409308,1.2142535652005348,1.113651305148482,0.8069893158657431,Placed,1.3540388776493464,1,1
1.2125714857361094,0.050554537486061424,1.2717988986409308,-1.0318557299675197,0.8565096864690933,-0.9306297263350372,Placed,0.2930610021881282,1,1
0.260359411743842,0.050554537486061424,-1.0852784214895703,-1.0318557299675197,-0.6863400256072383,-2.6682487685358174,NotPlaced,-1.121576165093496,0,1
-0.057044612920247185,0.050554537486061424,0.09326023857568026,1.2142535652005348,1.113651305148482,1.3034518993516808,NotPlaced,0.6467202940085341,0,1
0.8951674610720188,0.050554537486061424,1.2717988986409308,-1.0318557299675197,0.5993680677897048,1.3034518993516808,Placed,0.2930610021881282,1,1
-0.057044612920247185,0.050554537486061424,0.09326023857568026,0.09119891761650768,0.34222644911031613,-0.6823984345920682,NotPlaced,0.11623135627792522,0,1
-0.057044612920247185,0.050554537486061424,0.09326023857568026,-1.0318557299675197,-1.9720481190041814,1.0552206076087132,NotPlaced,-0.41425758145268365,0,1
0.8951674610720188,-1.5104101963200112,-1.0852784214895703,-1.0318557299675197,1.4993637331675649,1.0552206076087132,NotPlaced,-1.6520651028241051,0,0
0.10165739941179809,0.050554537486061424,-1.0852784214895703,0.09119891761650768,-0.6863400256072383,0.8069893158657431,NotPlaced,-0.5910872273628871,0,1
-1.8027667485727352,0.050554537486061424,-1.0852784214895703,-1.0318557299675197,0.0850848304309275,-1.6753236015639428,NotPlaced,-1.121576165093496,0,1
-1.8027667485727352,0.050554537486061424,-1.0852784214895703,0.09119891761650768,0.0850848304309275,-0.4341671428491004,Placed,-0.5910872273628871,1,1
-1.8027667485727352,0.050554537486061424,0.09326023857568026,0.09119891761650768,0.5993680677897048,-0.4341671428491004,NotPlaced,0.11623135627792522,0,1
0.4190614240758872,1.611519271292134,1.2717988986409308,2.337308212784562,-0.0434859789087668,0.5587580241227753,Placed,2.4150167531105646,1,1
-1.8027667485727352,0.050554537486061424,-1.0852784214895703,-1.0318557299675197,0.5993680677897048,-1.6753236015639428,NotPlaced,-1.121576165093496,0,1
-0.057044612920247185,0.050554537486061424,0.09326023857568026,-1.0318557299675197,-1.2006232629660154,-0.18593585110613037,NotPlaced,-0.41425758145268365,0,1
-0.21574662525229105,-1.5104101963200112,-1.0852784214895703,0.09119891761650768,-1.457764881645404,0.31052673237980744,NotPlaced,-1.121576165093496,0,0
-1.8027667485727352,0.050554537486061424,1.2717988986409308,0.09119891761650768,-1.0720524536263212,-0.4341671428491004,NotPlaced,0.8235499399187379,0,1
-1.6440647362406915,0.050554537486061424,1.2717988986409308,0.09119891761650768,0.4707972584500104,0.8069893158657431,NotPlaced,0.8235499399187379,0,1
-0.5331506499163802,0.050554537486061424,0.09326023857568026,0.09119891761650768,0.2136556397706218,0.06229544063683744,Placed,0.11623135627792522,1,1
0.736465448739975,1.611519271292134,1.2717988986409308,0.09119891761650768,0.34222644911031613,1.3034518993516808,NotPlaced,1.3540388776493464,0,1
0.577763436407931,0.050554537486061424,1.2717988986409308,1.2142535652005348,0.9850804958087876,1.3034518993516808,Placed,1.3540388776493464,1,1
0.10165739941179809,-1.5104101963200112,0.09326023857568026,-1.0318557299675197,0.0850848304309275,-0.6823984345920682,NotPlaced,-0.944746519183293,0,0
-1.8027667485727352,0.050554537486061424,-1.0852784214895703,-1.0318557299675197,-1.457764881645404,-1.9235548933069118,NotPlaced,-1.121576165093496,0,1
-0.5331506499163802,0.050554537486061424,-1.0852784214895703,-1.0318557299675197,-2.1006189283438754,-0.4341671428491004,NotPlaced,-1.121576165093496,0,1
-0.057044612920247185,0.050554537486061424,0.09326023857568026,0.09119891761650768,0.9850804958087876,0.31052673237980744,Placed,0.11623135627792522,1,1
-0.057044612920247185,-1.5104101963200112,-1.0852784214895703,-1.0318557299675197,-1.457764881645404,-1.1788610180780061,NotPlaced,-1.6520651028241051,0,0
-0.5331506499163802,-1.5104101963200112,-1.0852784214895703,0.09119891761650768,-1.0720524536263212,-0.9306297263350372,NotPlaced,-1.121576165093496,0,0
-0.057044612920247185,0.050554537486061424,1.2717988986409308,1.2142535652005348,0.0850848304309275,0.06229544063683744,NotPlaced,1.3540388776493464,0,1
0.736465448739975,-1.5104101963200112,0.09326023857568026,1.2142535652005348,-1.3291940723057099,1.3034518993516808,NotPlaced,0.11623135627792522,0,0
1.2125714857361094,0.050554537486061424,1.2717988986409308,1.2142535652005348,0.5993680677897048,1.3034518993516808,Placed,1.3540388776493464,1,1
-0.21574662525229105,0.050554537486061424,0.09326023857568026,2.337308212784562,0.9850804958087876,1.3034518993516808,NotPlaced,1.177209231739143,0,1
-0.21574662525229105,0.050554537486061424,0.09326023857568026,0.09119891761650768,-0.8149108349469326,0.06229544063683744,NotPlaced,0.11623135627792522,0,1
-0.3744486375843349,-1.5104101963200112,0.09326023857568026,-1.0318557299675197,-1.2006232629660154,-0.18593585110613037,NotPlaced,-0.944746519183293,0,0
0.8951674610720188,1.611519271292134,1.2717988986409308,1.2142535652005348,0.5993680677897048,0.5587580241227753,Placed,1.8845278153799556,1,1
-1.6440647362406915,0.050554537486061424,-1.0852784214895703,-1.0318557299675197,-0.0434859789087668,0.06229544063683744,NotPlaced,-1.121576165093496,0,1
1.0538694734040654,1.611519271292134,1.2717988986409308,1.2142535652005348,0.8565096864690933,0.5587580241227753,Placed,1.8845278153799556,1,1
0.10165739941179809,0.050554537486061424,-1.0852784214895703,-1.0318557299675197,0.9850804958087876,-0.4341671428491004,NotPlaced,-1.121576165093496,0,1
-1.167958699244557,-1.5104101963200112,1.2717988986409308,-1.0318557299675197,0.8565096864690933,1.3034518993516808,NotPlaced,-0.2374279355424807,0,0
0.577763436407931,1.611519271292134,1.2717988986409308,-1.0318557299675197,-0.1720567882484611,1.3034518993516808,NotPlaced,0.8235499399187379,0,1
0.4190614240758872,-1.5104101963200112,1.2717988986409308,1.2142535652005348,1.4993637331675649,0.5587580241227753,Placed,0.8235499399187379,1,0
0.8951674610720188,1.611519271292134,1.2717988986409308,-1.0318557299675197,0.2136556397706218,0.06229544063683744,Placed,0.8235499399187379,1,1
-0.057044612920247185,0.050554537486061424,-1.0852784214895703,0.09119891761650768,0.0850848304309275,-0.18593585110613037,NotPlaced,-0.5910872273628871,0,1
-1.8027667485727352,1.611519271292134,1.2717988986409308,1.2142535652005348,0.727938877129399,-0.6823984345920682,NotPlaced,1.8845278153799556,0,1
1.0538694734040654,1.611519271292134,1.2717988986409308,-1.0318557299675197,0.4707972584500104,0.8069893158657431,Placed,0.8235499399187379,1,1
-1.8027667485727352,0.050554537486061424,0.09326023857568026,0.09119891761650768,-1.843477309664487,-1.4270923098209738,NotPlaced,0.11623135627792522,0,1
-1.6440647362406915,0.050554537486061424,-1.0852784214895703,-1.0318557299675197,-0.943481644286627,0.5587580241227753,NotPlaced,-1.121576165093496,0,1
0.10165739941179809,0.050554537486061424,1.2717988986409308,1.2142535652005348,0.8565096864690933,1.3034518993516808,NotPlaced,1.3540388776493464,0,1
2.0060815473963314,0.050554537486061424,1.2717988986409308,0.09119891761650768,0.727938877129399,1.3034518993516808,NotPlaced,0.8235499399187379,0,1
0.577763436407931,-1.5104101963200112,1.2717988986409308,1.2142535652005348,0.4707972584500104,1.3034518993516808,Placed,0.8235499399187379,1,0
-0.057044612920247185,0.050554537486061424,-1.0852784214895703,-1.0318557299675197,0.2136556397706218,-1.6753236015639428,NotPlaced,-1.121576165093496,0,1
0.736465448739975,0.050554537486061424,0.09326023857568026,-1.0318557299675197,-0.557769216267544,1.0552206076087132,NotPlaced,-0.41425758145268365,0,1
1.529975510400197,1.611519271292134,1.2717988986409308,-1.0318557299675197,-0.943481644286627,-0.18593585110613037,Placed,0.8235499399187379,1,1
-0.057044612920247185,0.050554537486061424,1.2717988986409308,-1.0318557299675197,0.4707972584500104,-1.1788610180780061,NotPlaced,0.2930610021881282,0,1
0.260359411743842,0.050554537486061424,-1.0852784214895703,-1.0318557299675197,0.8565096864690933,0.5587580241227753,NotPlaced,-1.121576165093496,0,1
-0.21574662525229105,0.050554537486061424,0.09326023857568026,0.09119891761650768,-0.557769216267544,-1.1788610180780061,NotPlaced,0.11623135627792522,0,1
0.4190614240758872,-1.5104101963200112,0.09326023857568026,-1.0318557299675197,-0.4291984069278497,0.06229544063683744,NotPlaced,-0.944746519183293,0,0
0.260359411743842,0.050554537486061424,1.2717988986409308,-1.0318557299675197,1.4993637331675649,-0.6823984345920682,Placed,0.2930610021881282,1,1
-1.6440647362406915,-1.5104101963200112,-1.0852784214895703,0.09119891761650768,-2.3577605470232643,-0.9306297263350372,NotPlaced,-1.121576165093496,0,0
0.8951674610720188,0.050554537486061424,1.2717988986409308,-1.0318557299675197,0.2136556397706218,0.8069893158657431,Placed,0.2930610021881282,1,1
1.0538694734040654,0.050554537486061424,0.09326023857568026,-1.0318557299675197,-0.6863400256072383,1.3034518993516808,NotPlaced,-0.41425758145268365,0,1
-0.057044612920247185,-1.5104101963200112,-1.0852784214895703,-1.0318557299675197,-2.22918973768357,-1.1788610180780061,NotPlaced,-1.6520651028241051,0,0
-1.0092566869125132,0.050554537486061424,-1.0852784214895703,1.2142535652005348,0.34222644911031613,1.3034518993516808,NotPlaced,-0.060598289632277744,0,1
0.4190614240758872,0.050554537486061424,1.2717988986409308,1.2142535652005348,0.5993680677897048,1.3034518993516808,NotPlaced,1.3540388776493464,0,1
0.4190614240758872,0.050554537486061424,-1.0852784214895703,-1.0318557299675197,0.34222644911031613,0.8069893158657431,Placed,-1.121576165093496,1,1
-1.8027667485727352,0.050554537486061424,0.09326023857568026,-1.0318557299675197,-1.0720524536263212,-2.1717861850498807,NotPlaced,-0.41425758145268365,0,1
-1.0092566869125132,0.050554537486061424,1.2717988986409308,-1.0318557299675197,1.4993637331675649,-0.18593585110613037,Placed,0.2930610021881282,1,1
-0.21574662525229105,0.050554537486061424,-1.0852784214895703,-1.0318557299675197,0.2136556397706218,1.0552206076087132,Placed,-1.121576165093496,1,1
0.260359411743842,0.050554537486061424,0.09326023857568026,0.09119891761650768,-0.0434859789087668,0.31052673237980744,NotPlaced,0.11623135627792522,0,1
2.0060815473963314,1.611519271292134,1.2717988986409308,1.2142535652005348,0.9850804958087876,1.3034518993516808,Placed,1.8845278153799556,1,1
0.4190614240758872,0.050554537486061424,-1.0852784214895703,-1.0318557299675197,0.2136556397706218,-1.1788610180780061,NotPlaced,-1.121576165093496,0,1
-0.057044612920247185,0.050554537486061424,-1.0852784214895703,0.09119891761650768,-0.6863400256072383,1.0552206076087132,NotPlaced,-0.5910872273628871,0,1
-1.0092566869125132,0.050554537486061424,-1.0852784214895703,0.09119891761650768,-0.3006275975881554,0.8069893158657431,NotPlaced,-0.5910872273628871,0,1
0.8951674610720188,-1.5104101963200112,-1.0852784214895703,0.09119891761650768,-1.3291940723057099,-1.1788610180780061,Placed,-1.121576165093496,1,0
0.8951674610720188,1.611519271292134,1.2717988986409308,-1.0318557299675197,1.3707929238278704,0.31052673237980744,NotPlaced,0.8235499399187379,0,1
0.8951674610720188,0.050554537486061424,0.09326023857568026,-1.0318557299675197,0.5993680677897048,0.8069893158657431,Placed,-0.41425758145268365,1,1
-1.8027667485727352,0.050554537486061424,0.09326023857568026,-1.0318557299675197,-0.557769216267544,-0.6823984345920682,Placed,-0.41425758145268365,1,1
-0.21574662525229105,0.050554537486061424,0.09326023857568026,0.09119891761650768,-0.3006275975881554,-0.18593585110613037,NotPlaced,0.11623135627792522,0,1
-1.8027667485727352,0.050554537486061424,-1.0852784214895703,-1.0318557299675197,1.3707929238278704,-1.4270923098209738,NotPlaced,-1.121576165093496,0,1
-1.3266607115766023,0.050554537486061424,0.09326023857568026,1.2142535652005348,-1.0720524536263212,-0.6823984345920682,NotPlaced,0.6467202940085341,0,1
0.8951674610720188,0.050554537486061424,1.2717988986409308,-1.0318557299675197,1.3707929238278704,1.3034518993516808,NotPlaced,0.2930610021881282,0,1
0.260359411743842,0.050554537486061424,1.2717988986409308,-1.0318557299675197,-0.4291984069278497,-0.18593585110613037,Placed,0.2930610021881282,1,1
1.529975510400197,1.611519271292134,0.09326023857568026,0.09119891761650768,1.4993637331675649,0.8069893158657431,Placed,0.6467202940085345,1,1
0.10165739941179809,0.050554537486061424,-1.0852784214895703,0.09119891761650768,-1.5863356909850983,-0.9306297263350372,NotPlaced,-0.5910872273628871,0,1
1.0538694734040654,-1.5104101963200112,1.2717988986409308,1.2142535652005348,1.113651305148482,1.0552206076087132,Placed,0.8235499399187379,1,0
0.736465448739975,0.050554537486061424,0.09326023857568026,-1.0318557299675197,0.727938877129399,0.06229544063683744,Placed,-0.41425758145268365,1,1
-1.4853627239086462,-1.5104101963200112,-1.0852784214895703,-1.0318557299675197,-1.7149065003247927,0.06229544063683744,NotPlaced,-1.6520651028241051,0,0
-1.8027667485727352,0.050554537486061424,-1.0852784214895703,0.09119891761650768,-0.8149108349469326,-0.18593585110613037,NotPlaced,-0.5910872273628871,0,1
-1.167958699244557,-1.5104101963200112,-1.0852784214895703,-1.0318557299675197,-1.2006232629660154,-2.1717861850498807,NotPlaced,-1.6520651028241051,0,0
0.10165739941179809,-1.5104101963200112,-1.0852784214895703,-1.0318557299675197,-1.5863356909850983,-1.4270923098209738,NotPlaced,-1.6520651028241051,0,0
-1.8027667485727352,-1.5104101963200112,-1.0852784214895703,-1.0318557299675197,-0.3006275975881554,0.8069893158657431,NotPlaced,-1.6520651028241051,0,0
1.529975510400197,1.611519271292134,1.2717988986409308,1.2142535652005348,1.2422221144881762,1.0552206076087132,NotPlaced,1.8845278153799556,0,1
1.3712734980681531,1.611519271292134,-1.0852784214895703,1.2142535652005348,0.5993680677897048,0.06229544063683744,NotPlaced,0.46989064809833114,0,1
0.10165739941179809,0.050554537486061424,0.09326023857568026,1.2142535652005348,-0.0434859789087668,-0.18593585110613037,Placed,0.6467202940085341,1,1
1.688677522732241,1.611519271292134,1.2717988986409308,1.2142535652005348,0.34222644911031613,1.3034518993516808,Placed,1.8845278153799556,1,1
-1.4853627239086462,0.050554537486061424,-1.0852784214895703,-1.0318557299675197,-1.843477309664487,-1.4270923098209738,NotPlaced,-1.121576165093496,0,1
0.10165739941179809,1.611519271292134,1.2717988986409308,-1.0318557299675197,-0.6863400256072383,0.8069893158657431,NotPlaced,0.8235499399187379,0,1
1.3712734980681531,1.611519271292134,1.2717988986409308,1.2142535652005348,1.4993637331675649,0.06229544063683744,Placed,1.8845278153799556,1,1
2.0060815473963314,0.050554537486061424,1.2717988986409308,0.09119891761650768,-0.557769216267544,0.5587580241227753,Placed,0.8235499399187379,1,1
1.3712734980681531,-1.5104101963200112,1.2717988986409308,1.2142535652005348,1.113651305148482,1.0552206076087132,Placed,0.8235499399187379,1,0
0.736465448739975,1.611519271292134,-1.0852784214895703,-1.0318557299675197,0.9850804958087876,0.06229544063683744,NotPlaced,-0.5910872273628871,0,1
-1.167958699244557,-1.5104101963200112,-1.0852784214895703,-1.0318557299675197,-0.943481644286627,-1.6753236015639428,NotPlaced,-1.6520651028241051,0,0
0.260359411743842,0.050554537486061424,0.09326023857568026,-1.0318557299675197,0.5993680677897048,1.0552206076087132,NotPlaced,-0.41425758145268365,0,1
-1.4853627239086462,0.050554537486061424,0.09326023857568026,-1.0318557299675197,-0.4291984069278497,1.3034518993516808,Placed,-0.41425758145268365,1,1
1.0538694734040654,0.050554537486061424,0.09326023857568026,0.09119891761650768,-0.943481644286627,-0.9306297263350372,NotPlaced,0.11623135627792522,0,1
1.2125714857361094,1.611519271292134,1.2717988986409308,2.337308212784562,0.5993680677897048,1.0552206076087132,NotPlaced,2.4150167531105646,0,1
-0.057044612920247185,0.050554537486061424,-1.0852784214895703,0.09119891761650768,0.4707972584500104,-0.9306297263350372,NotPlaced,-0.5910872273628871,0,1
0.4190614240758872,0.050554537486061424,1.2717988986409308,0.09119891761650768,0.4707972584500104,0.5587580241227753,Placed,0.8235499399187379,1,1
-0.21574662525229105,0.050554537486061424,-1.0852784214895703,0.09119891761650768,-1.2006232629660154,-0.9306297263350372,NotPlaced,-0.5910872273628871,0,1
0.4190614240758872,1.611519271292134,1.2717988986409308,1.2142535652005348,1.4993637331675649,0.8069893158657431,NotPlaced,1.8845278153799556,0,1
-0.21574662525229105,0.050554537486061424,0.09326023857568026,-1.0318557299675197,0.4707972584500104,-1.4270923098209738,NotPlaced,-0.41425758145268365,0,1
0.736465448739975,1.611519271292134,1.2717988986409308,-1.0318557299675197,0.34222644911031613,1.0552206076087132,Placed,0.8235499399187379,1,1
1.3712734980681531,0.050554537486061424,0.09326023857568026,1.2142535652005348,-0.0434859789087668,1.3034518993516808,NotPlaced,0.6467202940085341,0,1
0.8951674610720188,-1.5104101963200112,1.2717988986409308,1.2142535652005348,-0.4291984069278497,0.8069893158657431,Placed,0.8235499399187379,1,0
-0.3744486375843349,-1.5104101963200112,-1.0852784214895703,0.09119891761650768,0.2136556397706218,-0.18593585110613037,NotPlaced,-1.121576165093496,0,0
-0.8505546745804693,0.050554537486061424,-1.0852784214895703,0.09119891761650768,-1.5863356909850983,-0.18593585110613037,NotPlaced,-0.5910872273628871,0,1
-0.3744486375843349,0.050554537486061424,1.2717988986409308,0.09119891761650768,-0.4291984069278497,0.5587580241227753,Placed,0.8235499399187379,1,1
-0.057044612920247185,0.050554537486061424,-1.0852784214895703,1.2142535652005348,-1.2006232629660154,-0.9306297263350372,NotPlaced,-0.060598289632277744,0,1
0.736465448739975,0.050554537486061424,-1.0852784214895703,0.09119891761650768,-1.0720524536263212,0.8069893158657431,NotPlaced,-0.5910872273628871,0,1
0.736465448739975,0.050554537486061424,0.09326023857568026,0.09119891761650768,-0.0434859789087668,-1.9235548933069118,NotPlaced,0.11623135627792522,0,1
-0.3744486375843349,0.050554537486061424,-1.0852784214895703,1.2142535652005348,-1.3291940723057099,0.06229544063683744,NotPlaced,-0.060598289632277744,0,1
-1.8027667485727352,0.050554537486061424,-1.0852784214895703,-1.0318557299675197,-0.3006275975881554,-0.9306297263350372,NotPlaced,-1.121576165093496,0,1
0.8951674610720188,-1.5104101963200112,-1.0852784214895703,1.2142535652005348,0.9850804958087876,0.31052673237980744,Placed,-0.5910872273628871,1,0
-1.167958699244557,-1.5104101963200112,0.09326023857568026,-1.0318557299675197,-0.6863400256072383,0.06229544063683744,NotPlaced,-0.944746519183293,0,0
-0.21574662525229105,0.050554537486061424,-1.0852784214895703,-1.0318557299675197,-1.843477309664487,-1.1788610180780061,NotPlaced,-1.121576165093496,0,1
0.577763436407931,1.611519271292134,-1.0852784214895703,0.09119891761650768,0.4707972584500104,-0.18593585110613037,Placed,-0.06059828963227817,1,1
1.0538694734040654,0.050554537486061424,0.09326023857568026,1.2142535652005348,0.4707972584500104,0.5587580241227753,NotPlaced,0.6467202940085341,0,1
0.10165739941179809,-1.5104101963200112,-1.0852784214895703,-1.0318557299675197,-1.457764881645404,-0.6823984345920682,NotPlaced,-1.6520651028241051,0,0
-0.5331506499163802,0.050554537486061424,0.09326023857568026,-1.0318557299675197,0.2136556397706218,-1.4270923098209738,Placed,-0.41425758145268365,1,1
0.4190614240758872,0.050554537486061424,1.2717988986409308,1.2142535652005348,1.4993637331675649,0.31052673237980744,Placed,1.3540388776493464,1,1
0.8951674610720188,1.611519271292134,1.2717988986409308,1.2142535652005348,0.5993680677897048,-1.1788610180780061,NotPlaced,1.8845278153799556,0,1
-0.057044612920247185,-1.5104101963200112,1.2717988986409308,0.09119891761650768,0.9850804958087876,1.0552206076087132,Placed,0.2930610021881282,1,0
-0.8505546745804693,0.050554537486061424,0.09326023857568026,-1.0318557299675197,-1.0720524536263212,-0.6823984345920682,NotPlaced,-0.41425758145268365,0,1
-1.8027667485727352,-1.5104101963200112,0.09326023857568026,-1.0318557299675197,-0.0434859789087668,0.06229544063683744,NotPlaced,-0.944746519183293,0,0
0.10165739941179809,0.050554537486061424,-1.0852784214895703,0.09119891761650768,-0.6863400256072383,-1.4270923098209738,NotPlaced,-0.5910872273628871,0,1
-1.8027667485727352,0.050554537486061424,0.09326023857568026,0.09119891761650768,0.4707972584500104,-0.4341671428491004,NotPlaced,0.11623135627792522,0,1
-1.8027667485727352,0.050554537486061424,-1.0852784214895703,0.09119891761650768,-2.3577605470232643,-0.18593585110613037,NotPlaced,-0.5910872273628871,0,1
-1.4853627239086462,-1.5104101963200112,-1.0852784214895703,-1.0318557299675197,-0.4291984069278497,0.8069893158657431,NotPlaced,-1.6520651028241051,0,0
1.3712734980681531,0.050554537486061424,1.2717988986409308,1.2142535652005348,1.113651305148482,-1.4270923098209738,Placed,1.3540388776493464,1,1
0.10165739941179809,0.050554537486061424,0.09326023857568026,-1.0318557299675197,-0.6863400256072383,-1.1788610180780061,NotPlaced,-0.41425758145268365,0,1
1.0538694734040654,-1.5104101963200112,0.09326023857568026,1.2142535652005348,-0.3006275975881554,-0.4341671428491004,Placed,0.11623135627792522,1,0
-0.21574662525229105,1.611519271292134,1.2717988986409308,1.2142535652005348,0.0850848304309275,0.31052673237980744,Placed,1.8845278153799556,1,1
0.10165739941179809,-1.5104101963200112,0.09326023857568026,-1.0318557299675197,-0.6863400256072383,-0.18593585110613037,Placed,-0.944746519183293,1,0
-1.167958699244557,-1.5104101963200112,1.2717988986409308,0.09119891761650768,1.113651305148482,0.8069893158657431,NotPlaced,0.2930610021881282,0,0
-0.3744486375843349,0.050554537486061424,-1.0852784214895703,-1.0318557299675197,-1.3291940723057099,-1.9235548933069118,NotPlaced,-1.121576165093496,0,1
-0.21574662525229105,0.050554537486061424,-1.0852784214895703,0.09119891761650768,-1.843477309664487,0.8069893158657431,NotPlaced,-0.5910872273628871,0,1
-0.21574662525229105,1.611519271292134,-1.0852784214895703,0.09119891761650768,-0.0434859789087668,0.06229544063683744,NotPlaced,-0.06059828963227817,0,1
1.3712734980681531,1.611519271292134,1.2717988986409308,1.2142535652005348,1.113651305148482,0.31052673237980744,Placed,1.8845278153799556,1,1
-1.8027667485727352,0.050554537486061424,0.09326023857568026,1.2142535652005348,0.34222644911031613,-1.6753236015639428,Placed,0.6467202940085341,1,1
-0.21574662525229105,0.050554537486061424,0.09326023857568026,-1.0318557299675197,1.113651305148482,0.5587580241227753,NotPlaced,-0.41425758145268365,0,1
1.2125714857361094,1.611519271292134,1.2717988986409308,1.2142535652005348,0.8565096864690933,0.5587580241227753,Placed,1.8845278153799556,1,1
1.2125714857361094,-1.5104101963200112,-1.0852784214895703,0.09119891761650768,-0.0434859789087668,-1.1788610180780061,NotPlaced,-1.121576165093496,0,0
-1.6440647362406915,0.050554537486061424,-1.0852784214895703,0.09119891761650768,0.2136556397706218,-0.9306297263350372,NotPlaced,-0.5910872273628871,0,1
0.577763436407931,0.050554537486061424,0.09326023857568026,-1.0318557299675197,0.0850848304309275,0.31052673237980744,NotPlaced,-0.41425758145268365,0,1
-0.5331506499163802,0.050554537486061424,0.09326023857568026,-1.0318557299675197,0.5993680677897048,0.5587580241227753,Placed,-0.41425758145268365,1,1
-0.21574662525229105,-1.5104101963200112,0.09326023857568026,-1.0318557299675197,0.2136556397706218,0.31052673237980744,NotPlaced,-0.944746519183293,0,0
-1.0092566869125132,0.050554537486061424,1.2717988986409308,0.09119891761650768,1.4993637331675649,1.0552206076087132,NotPlaced,0.8235499399187379,0,1
-1.6440647362406915,0.050554537486061424,-1.0852784214895703,0.09119891761650768,-0.1720567882484611,-2.916480060278785,NotPlaced,-0.5910872273628871,0,1
0.10165739941179809,0.050554537486061424,1.2717988986409308,1.2142535652005348,-0.0434859789087668,0.31052673237980744,NotPlaced,1.3540388776493464,0,1
-0.21574662525229105,1.611519271292134,0.09326023857568026,-1.0318557299675197,-0.8149108349469326,-0.18593585110613037,Placed,0.11623135627792522,1,1
0.8951674610720188,1.611519271292134,0.09326023857568026,1.2142535652005348,-0.0434859789087668,-0.6823984345920682,NotPlaced,1.177209231739143,0,1
1.3712734980681531,-1.5104101963200112,-1.0852784214895703,1.2142535652005348,0.5993680677897048,-0.18593585110613037,Placed,-0.5910872273628871,1,0
1.2125714857361094,0.050554537486061424,-1.0852784214895703,0.09119891761650768,0.5993680677897048,1.3034518993516808,Placed,-0.5910872273628871,1,1
-1.8027667485727352,-1.5104101963200112,-1.0852784214895703,0.09119891761650768,-0.3006275975881554,1.0552206076087132,NotPlaced,-1.121576165093496,0,0
1.3712734980681531,1.611519271292134,1.2717988986409308,0.09119891761650768,0.8565096864690933,0.06229544063683744,Placed,1.3540388776493464,1,1
0.10165739941179809,0.050554537486061424,-1.0852784214895703,0.09119891761650768,0.0850848304309275,-0.6823984345920682,NotPlaced,-0.5910872273628871,0,1
1.0538694734040654,1.611519271292134,-1.0852784214895703,1.2142535652005348,-1.0720524536263212,0.06229544063683744,NotPlaced,0.46989064809833114,0,1
0.10165739941179809,-1.5104101963200112,1.2717988986409308,-1.0318557299675197,0.727938877129399,0.06229544063683744,Placed,-0.2374279355424807,1,0
0.10165739941179809,-1.5104101963200112,-1.0852784214895703,0.09119891761650768,-0.8149108349469326,-1.9235548933069118,NotPlaced,-1.121576165093496,0,0
-0.3744486375843349,0.050554537486061424,0.09326023857568026,0.09119891761650768,0.5993680677897048,-0.18593585110613037,Placed,0.11623135627792522,1,1
1.0538694734040654,-1.5104101963200112,-1.0852784214895703,0.09119891761650768,0.2136556397706218,0.06229544063683744,NotPlaced,-1.121576165093496,0,0
0.8951674610720188,1.611519271292134,0.09326023857568026,-1.0318557299675197,1.4993637331675649,-0.18593585110613037,Placed,0.11623135627792522,1,1
-1.3266607115766023,-1.5104101963200112,0.09326023857568026,0.09119891761650768,-0.557769216267544,-1.4270923098209738,NotPlaced,-0.41425758145268365,0,0
-0.21574662525229105,0.050554537486061424,0.09326023857568026,-1.0318557299675197,-1.843477309664487,-2.1717861850498807,NotPlaced,-0.41425758145268365,0,1
-1.6440647362406915,-1.5104101963200112,0.09326023857568026,0.09119891761650768,-0.0434859789087668,0.5587580241227753,NotPlaced,-0.41425758145268365,0,0
-1.8027667485727352,-1.5104101963200112,-1.0852784214895703,0.09119891761650768,-2.3577605470232643,-2.6682487685358174,NotPlaced,-1.121576165093496,0,0
0.4190614240758872,0.050554537486061424,1.2717988986409308,1.2142535652005348,-1.5863356909850983,-0.4341671428491004,NotPlaced,1.3540388776493464,0,1
-0.057044612920247185,-1.5104101963200112,1.2717988986409308,-1.0318557299675197,1.4993637331675649,1.0552206076087132,NotPlaced,-0.2374279355424807,0,0
1.0538694734040654,1.611519271292134,-1.0852784214895703,-1.0318557299675197,1.3707929238278704,0.8069893158657431,Placed,-0.5910872273628871,1,1
-0.3744486375843349,0.050554537486061424,0.09326023857568026,-1.0318557299675197,-0.6863400256072383,-0.18593585110613037,NotPlaced,-0.41425758145268365,0,1
0.260359411743842,0.050554537486061424,-1.0852784214895703,1.2142535652005348,0.8565096864690933,-1.1788610180780061,NotPlaced,-0.060598289632277744,0,1
-1.6440647362406915,0.050554537486061424,-1.0852784214895703,0.09119891761650768,0.8565096864690933,-2.1717861850498807,Placed,-0.5910872273628871,1,1
-0.057044612920247185,0.050554537486061424,0.09326023857568026,-1.0318557299675197,-0.557769216267544,-0.4341671428491004,NotPlaced,-0.41425758145268365,0,1
-0.3744486375843349,0.050554537486061424,1.2717988986409308,1.2142535652005348,0.34222644911031613,0.5587580241227753,NotPlaced,1.3540388776493464,0,1
-0.5331506499163802,0.050554537486061424,-1.0852784214895703,0.09119891761650768,-1.5863356909850983,0.31052673237980744,NotPlaced,-0.5910872273628871,0,1
0.577763436407931,0.050554537486061424,1.2717988986409308,-1.0318557299675197,0.2136556397706218,0.31052673237980744,Placed,0.2930610021881282,1,1
-1.3266607115766023,0.050554537486061424,-1.0852784214895703,-1.0318557299675197,-0.557769216267544,0.06229544063683744,NotPlaced,-1.121576165093496,0,1
0.10165739941179809,0.050554537486061424,1.2717988986409308,1.2142535652005348,1.4993637331675649,0.06229544063683744,Placed,1.3540388776493464,1,1
-1.0092566869125132,0.050554537486061424,-1.0852784214895703,0.09119891761650768,-1.0720524536263212,1.3034518993516808,NotPlaced,-0.5910872273628871,0,1
0.260359411743842,0.050554537486061424,0.09326023857568026,0.09119891761650768,-0.1720567882484611,0.8069893158657431,Placed,0.11623135627792522,1,1
1.529975510400197,0.050554537486061424,0.09326023857568026,0.09119891761650768,-1.457764881645404,-0.6823984345920682,NotPlaced,0.11623135627792522,0,1
-0.057044612920247185,-1.5104101963200112,0.09326023857568026,-1.0318557299675197,-0.1720567882484611,-1.4270923098209738,Placed,-0.944746519183293,1,0
-1.4853627239086462,0.050554537486061424,0.09326023857568026,-1.0318557299675197,-1.3291940723057099,0.8069893158657431,NotPlaced,-0.41425758145268365,0,1
-0.5331506499163802,-1.5104101963200112,-1.0852784214895703,1.2142535652005348,0.8565096864690933,1.0552206076087132,Placed,-0.5910872273628871,1,0
0.577763436407931,1.611519271292134,1.2717988986409308,1.2142535652005348,1.113651305148482,1.3034518993516808,Placed,1.8845278153799556,1,1
0.10165739941179809,0.050554537486061424,0.09326023857568026,0.09119891761650768,-2.22918973768357,-0.6823984345920682,NotPlaced,0.11623135627792522,0,1
-1.8027667485727352,1.611519271292134,-1.0852784214895703,-1.0318557299675197,0.0850848304309275,-1.6753236015639428,NotPlaced,-0.5910872273628871,0,1
-1.8027667485727352,0.050554537486061424,0.09326023857568026,0.09119891761650768,1.3707929238278704,-0.6823984345920682,NotPlaced,0.11623135627792522,0,1
-0.3744486375843349,-1.5104101963200112,-1.0852784214895703,-1.0318557299675197,-2.22918973768357,-1.4270923098209738,NotPlaced,-1.6520651028241051,0,0
-1.4853627239086462,0.050554537486061424,-1.0852784214895703,0.09119891761650768,0.34222644911031613,-0.4341671428491004,NotPlaced,-0.5910872273628871,0,1
-0.057044612920247185,1.611519271292134,-1.0852784214895703,-1.0318557299675197,0.0850848304309275,1.3034518993516808,NotPlaced,-0.5910872273628871,0,1
0.10165739941179809,0.050554537486061424,-1.0852784214895703,-1.0318557299675197,-2.3577605470232643,-1.4270923098209738,NotPlaced,-1.121576165093496,0,1
0.8951674610720188,1.611519271292134,1.2717988986409308,2.337308212784562,1.4993637331675649,-0.18593585110613037,NotPlaced,2.4150167531105646,0,1
1.2125714857361094,0.050554537486061424,1.2717988986409308,0.09119891761650768,0.2136556397706218,0.31052673237980744,NotPlaced,0.8235499399187379,0,1
-1.8027667485727352,0.050554537486061424,0.09326023857568026,-1.0318557299675197,-0.1720567882484611,-0.18593585110613037,NotPlaced,-0.41425758145268365,0,1
0.577763436407931,1.611519271292134,-1.0852784214895703,-1.0318557299675197,-0.557769216267544,-0.4341671428491004,Placed,-0.5910872273628871,1,1
0.8951674610720188,0.050554537486061424,-1.0852784214895703,1.2142535652005348,-0.8149108349469326,-0.4341671428491004,NotPlaced,-0.060598289632277744,0,1
1.529975510400197,1.611519271292134,1.2717988986409308,1.2142535652005348,0.727938877129399,0.8069893158657431,Placed,1.8845278153799556,1,1
0.736465448739975,1.611519271292134,0.09326023857568026,0.09119891761650768,0.0850848304309275,0.5587580241227753,NotPlaced,0.6467202940085345,0,1
-0.21574662525229105,0.050554537486061424,0.09326023857568026,-1.0318557299675197,-0.1720567882484611,-0.18593585110613037,NotPlaced,-0.41425758145268365,0,1
0.8951674610720188,0.050554537486061424,-1.0852784214895703,1.2142535652005348,0.0850848304309275,1.3034518993516808,NotPlaced,-0.060598289632277744,0,1
-0.3744486375843349,0.050554537486061424,-1.0852784214895703,-1.0318557299675197,-0.943481644286627,0.06229544063683744,NotPlaced,-1.121576165093496,0,1
0.4190614240758872,1.611519271292134,1.2717988986409308,0.09119891761650768,1.3707929238278704,1.3034518993516808,Placed,1.3540388776493464,1,1
-0.057044612920247185,0.050554537486061424,0.09326023857568026,-1.0318557299675197,-1.0720524536263212,-0.9306297263350372,NotPlaced,-0.41425758145268365,0,1
0.577763436407931,1.611519271292134,1.2717988986409308,-1.0318557299675197,1.4993637331675649,0.06229544063683744,Placed,0.8235499399187379,1,1
-0.057044612920247185,0.050554537486061424,-1.0852784214895703,0.09119891761650768,-0.3006275975881554,-0.6823984345920682,NotPlaced,-0.5910872273628871,0,1
-0.3744486375843349,0.050554537486061424,0.09326023857568026,-1.0318557299675197,-0.943481644286627,0.8069893158657431,NotPlaced,-0.41425758145268365,0,1
0.260359411743842,-1.5104101963200112,0.09326023857568026,0.09119891761650768,0.0850848304309275,1.0552206076087132,NotPlaced,-0.41425758145268365,0,0
-0.21574662525229105,0.050554537486061424,-1.0852784214895703,-1.0318557299675197,-0.6863400256072383,-2.1717861850498807,NotPlaced,-1.121576165093496,0,1
-1.8027667485727352,0.050554537486061424,0.09326023857568026,0.09119891761650768,-0.3006275975881554,0.06229544063683744,Placed,0.11623135627792522,1,1
1.529975510400197,0.050554537486061424,1.2717988986409308,1.2142535652005348,1.4993637331675649,0.8069893158657431,Placed,1.3540388776493464,1,1
-1.167958699244557,0.050554537486061424,-1.0852784214895703,-1.0318557299675197,-0.557769216267544,0.5587580241227753,NotPlaced,-1.121576165093496,0,1
0.10165739941179809,0.050554537486061424,-1.0852784214895703,0.09119891761650768,-0.6863400256072383,-0.6823984345920682,NotPlaced,-0.5910872273628871,0,1
-1.8027667485727352,-1.5104101963200112,-1.0852784214895703,-1.0318557299675197,-1.457764881645404,-0.9306297263350372,NotPlaced,-1.6520651028241051,0,0
-1.4853627239086462,0.050554537486061424,-1.0852784214895703,1.2142535652005348,1.4993637331675649,-0.18593585110613037,NotPlaced,-0.060598289632277744,0,1
0.736465448739975,-1.5104101963200112,0.09326023857568026,-1.0318557299675197,-0.4291984069278497,0.06229544063683744,NotPlaced,-0.944746519183293,0,0
0.577763436407931,0.050554537486061424,-1.0852784214895703,-1.0318557299675197,0.9850804958087876,-0.18593585110613037,NotPlaced,-1.121576165093496,0,1
-0.057044612920247185,0.050554537486061424,-1.0852784214895703,0.09119891761650768,-0.1720567882484611,1.3034518993516808,NotPlaced,-0.5910872273628871,0,1
-1.8027667485727352,0.050554537486061424,0.09326023857568026,0.09119891761650768,0.2136556397706218,0.5587580241227753,NotPlaced,0.11623135627792522,0,1
-0.21574662525229105,0.050554537486061424,0.09326023857568026,0.09119891761650768,-0.3006275975881554,0.06229544063683744,NotPlaced,0.11623135627792522,0,1
-0.691852662248424,0.050554537486061424,0.09326023857568026,-1.0318557299675197,0.4707972584500104,-1.6753236015639428,Placed,-0.41425758145268365,1,1
0.577763436407931,0.050554537486061424,0.09326023857568026,-1.0318557299675197,-0.0434859789087668,-1.1788610180780061,NotPlaced,-0.41425758145268365,0,1
-0.3744486375843349,0.050554537486061424,0.09326023857568026,-1.0318557299675197,-1.7149065003247927,-0.9306297263350372,NotPlaced,-0.41425758145268365,0,1
0.260359411743842,1.611519271292134,0.09326023857568026,0.09119891761650768,-1.7149065003247927,1.3034518993516808,Placed,0.6467202940085345,1,1
-1.8027667485727352,0.050554537486061424,-1.0852784214895703,1.2142535652005348,0.8565096864690933,0.8069893158657431,Placed,-0.060598289632277744,1,1
-1.6440647362406915,0.050554537486061424,-1.0852784214895703,-1.0318557299675197,-0.557769216267544,-1.6753236015639428,NotPlaced,-1.121576165093496,0,1
1.0538694734040654,0.050554537486061424,1.2717988986409308,0.09119891761650768,0.5993680677897048,-0.4341671428491004,NotPlaced,0.8235499399187379,0,1
1.529975510400197,0.050554537486061424,0.09326023857568026,2.337308212784562,-0.3006275975881554,1.0552206076087132,NotPlaced,1.177209231739143,0,1
0.10165739941179809,0.050554537486061424,-1.0852784214895703,1.2142535652005348,0.9850804958087876,-0.18593585110613037,NotPlaced,-0.060598289632277744,0,1
-0.5331506499163802,-1.5104101963200112,0.09326023857568026,0.09119891761650768,0.0850848304309275,-0.18593585110613037,NotPlaced,-0.41425758145268365,0,0
1.688677522732241,-1.5104101963200112,1.2717988986409308,-1.0318557299675197,0.8565096864690933,0.5587580241227753,Placed,-0.2374279355424807,1,0
-0.21574662525229105,0.050554537486061424,0.09326023857568026,-1.0318557299675197,-1.457764881645404,0.31052673237980744,NotPlaced,-0.41425758145268365,0,1
1.3712734980681531,1.611519271292134,0.09326023857568026,1.2142535652005348,1.4993637331675649,1.0552206076087132,NotPlaced,1.177209231739143,0,1
-1.8027667485727352,1.611519271292134,1.2717988986409308,1.2142535652005348,0.2136556397706218,-0.18593585110613037,NotPlaced,1.8845278153799556,0,1
1.0538694734040654,1.611519271292134,1.2717988986409308,-1.0318557299675197,1.2422221144881762,1.3034518993516808,NotPlaced,0.8235499399187379,0,1
-1.6440647362406915,-1.5104101963200112,-1.0852784214895703,0.09119891761650768,-0.943481644286627,-1.9235548933069118,NotPlaced,-1.121576165093496,0,0
1.0538694734040654,0.050554537486061424,1.2717988986409308,1.2142535652005348,0.8565096864690933,1.0552206076087132,NotPlaced,1.3540388776493464,0,1
-0.3744486375843349,0.050554537486061424,0.09326023857568026,-1.0318557299675197,0.0850848304309275,1.0552206076087132,NotPlaced,-0.41425758145268365,0,1
-0.21574662525229105,-1.5104101963200112,-1.0852784214895703,1.2142535652005348,-0.8149108349469326,0.31052673237980744,NotPlaced,-0.5910872273628871,0,0
-1.4853627239086462,0.050554537486061424,-1.0852784214895703,-1.0318557299675197,-1.5863356909850983,0.06229544063683744,NotPlaced,-1.121576165093496,0,1
2.0060815473963314,1.611519271292134,1.2717988986409308,1.2142535652005348,0.8565096864690933,0.8069893158657431,Placed,1.8845278153799556,1,1
-1.6440647362406915,0.050554537486061424,1.2717988986409308,1.2142535652005348,0.9850804958087876,0.31052673237980744,Placed,1.3540388776493464,1,1
1.2125714857361094,1.611519271292134,1.2717988986409308,2.337308212784562,1.3707929238278704,0.8069893158657431,Placed,2.4150167531105646,1,1
0.577763436407931,0.050554537486061424,1.2717988986409308,2.337308212784562,1.4993637331675649,1.0552206076087132,Placed,1.8845278153799556,1,1
1.529975510400197,-1.5104101963200112,1.2717988986409308,1.2142535652005348,0.8565096864690933,0.8069893158657431,Placed,0.8235499399187379,1,0
0.577763436407931,1.611519271292134,0.09326023857568026,-1.0318557299675197,0.727938877129399,1.0552206076087132,Placed,0.11623135627792522,1,1
1.0538694734040654,0.050554537486061424,1.2717988986409308,0.09119891761650768,0.9850804958087876,1.3034518993516808,NotPlaced,0.8235499399187379,0,1
-1.4853627239086462,0.050554537486061424,-1.0852784214895703,-1.0318557299675197,-0.4291984069278497,-1.4270923098209738,NotPlaced,-1.121576165093496,0,1
-0.691852662248424,0.050554537486061424,-1.0852784214895703,0.09119891761650768,-1.457764881645404,0.06229544063683744,NotPlaced,-0.5910872273628871,0,1
0.736465448739975,1.611519271292134,1.2717988986409308,0.09119891761650768,1.4993637331675649,1.0552206076087132,NotPlaced,1.3540388776493464,0,1
1.3712734980681531,1.611519271292134,0.09326023857568026,-1.0318557299675197,0.8565096864690933,0.5587580241227753,Placed,0.11623135627792522,1,1
-0.3744486375843349,0.050554537486061424,0.09326023857568026,0.09119891761650768,0.727938877129399,0.31052673237980744,NotPlaced,0.11623135627792522,0,1
0.736465448739975,-1.5104101963200112,1.2717988986409308,1.2142535652005348,0.4707972584500104,1.3034518993516808,Placed,0.8235499399187379,1,0
-1.8027667485727352,-1.5104101963200112,0.09326023857568026,-1.0318557299675197,0.5993680677897048,0.8069893158657431,NotPlaced,-0.944746519183293,0,0
1.8473795350642876,-1.5104101963200112,1.2717988986409308,1.2142535652005348,1.3707929238278704,0.5587580241227753,Placed,0.8235499399187379,1,0
-0.5331506499163802,0.050554537486061424,0.09326023857568026,-1.0318557299675197,0.2136556397706218,-0.4341671428491004,NotPlaced,-0.41425758145268365,0,1
-1.6440647362406915,0.050554537486061424,-1.0852784214895703,-1.0318557299675197,-1.0720524536263212,0.5587580241227753,NotPlaced,-1.121576165093496,0,1
1.529975510400197,0.050554537486061424,-1.0852784214895703,1.2142535652005348,1.4993637331675649,1.0552206076087132,Placed,-0.060598289632277744,1,1
1.0538694734040654,0.050554537486061424,1.2717988986409308,-1.0318557299675197,1.4993637331675649,1.0552206076087132,Placed,0.2930610021881282,1,1
-1.3266607115766023,-1.5104101963200112,-1.0852784214895703,-1.0318557299675197,-1.9720481190041814,-1.6753236015639428,NotPlaced,-1.6520651028241051,0,0
-0.057044612920247185,1.611519271292134,0.09326023857568026,-1.0318557299675197,0.727938877129399,0.06229544063683744,NotPlaced,0.11623135627792522,0,1
1.0538694734040654,1.611519271292134,1.2717988986409308,1.2142535652005348,1.4993637331675649,-1.1788610180780061,NotPlaced,1.8845278153799556,0,1
1.0538694734040654,-1.5104101963200112,0.09326023857568026,-1.0318557299675197,0.0850848304309275,0.06229544063683744,Placed,-0.944746519183293,1,0
-1.6440647362406915,0.050554537486061424,-1.0852784214895703,-1.0318557299675197,0.34222644911031613,0.31052673237980744,NotPlaced,-1.121576165093496,0,1
0.8951674610720188,-1.5104101963200112,0.09326023857568026,0.09119891761650768,-1.3291940723057099,0.06229544063683744,Placed,-0.41425758145268365,1,0
-0.5331506499163802,0.050554537486061424,0.09326023857568026,-1.0318557299675197,-1.0720524536263212,-1.1788610180780061,NotPlaced,-0.41425758145268365,0,1
0.8951674610720188,1.611519271292134,1.2717988986409308,0.09119891761650768,0.8565096864690933,0.8069893158657431,Placed,1.3540388776493464,1,1
0.736465448739975,0.050554537486061424,-1.0852784214895703,0.09119891761650768,0.0850848304309275,0.5587580241227753,NotPlaced,-0.5910872273628871,0,1
-0.21574662525229105,-1.5104101963200112,1.2717988986409308,1.2142535652005348,1.4993637331675649,1.0552206076087132,Placed,0.8235499399187379,1,0
-0.21574662525229105,0.050554537486061424,1.2717988986409308,-1.0318557299675197,0.2136556397706218,0.06229544063683744,NotPlaced,0.2930610021881282,0,1
-1.8027667485727352,0.050554537486061424,0.09326023857568026,0.09119891761650768,-0.8149108349469326,0.5587580241227753,NotPlaced,0.11623135627792522,0,1
-0.21574662525229105,0.050554537486061424,-1.0852784214895703,-1.0318557299675197,-0.943481644286627,-1.4270923098209738,NotPlaced,-1.121576165093496,0,1
-1.6440647362406915,-1.5104101963200112,-1.0852784214895703,-1.0318557299675197,0.34222644911031613,0.5587580241227753,NotPlaced,-1.6520651028241051,0,0
0.260359411743842,0.050554537486061424,-1.0852784214895703,-1.0318557299675197,0.0850848304309275,0.8069893158657431,NotPlaced,-1.121576165093496,0,1
-0.057044612920247185,0.050554537486061424,0.09326023857568026,0.09119891761650768,-1.843477309664487,-1.4270923098209738,Placed,0.11623135627792522,1,1
2.3234855720604193,1.611519271292134,-1.0852784214895703,2.337308212784562,0.727938877129399,1.3034518993516808,Placed,1.00037958582894,1,1
-1.3266607115766023,1.611519271292134,1.2717988986409308,2.337308212784562,1.4993637331675649,1.3034518993516808,Placed,2.4150167531105646,1,1
0.577763436407931,-1.5104101963200112,0.09326023857568026,-1.0318557299675197,-0.3006275975881554,-1.1788610180780061,NotPlaced,-0.944746519183293,0,0
-0.057044612920247185,0.050554537486061424,-1.0852784214895703,0.09119891761650768,-1.2006232629660154,-1.6753236015639428,NotPlaced,-0.5910872273628871,0,1
-1.8027667485727352,-1.5104101963200112,-1.0852784214895703,0.09119891761650768,0.727938877129399,-1.6753236015639428,NotPlaced,-1.121576165093496,0,0
1.3712734980681531,0.050554537486061424,1.2717988986409308,1.2142535652005348,0.9850804958087876,0.8069893158657431,Placed,1.3540388776493464,1,1
1.0538694734040654,0.050554537486061424,1.2717988986409308,1.2142535652005348,1.2422221144881762,1.0552206076087132,Placed,1.3540388776493464,1,1
-0.057044612920247185,0.050554537486061424,-1.0852784214895703,0.09119891761650768,0.5993680677897048,0.5587580241227753,NotPlaced,-0.5910872273628871,0,1
0.10165739941179809,0.050554537486061424,0.09326023857568026,-1.0318557299675197,1.2422221144881762,1.3034518993516808,Placed,-0.41425758145268365,1,1
0.10165739941179809,0.050554537486061424,-2.2638170815548206,-1.0318557299675197,-0.4291984069278497,-0.4341671428491004,Placed,-1.828894748734308,1,1
-0.3744486375843349,-1.5104101963200112,-1.0852784214895703,0.09119891761650768,0.34222644911031613,-1.9235548933069118,NotPlaced,-1.121576165093496,0,0
-0.21574662525229105,0.050554537486061424,1.2717988986409308,0.09119891761650768,0.9850804958087876,-0.18593585110613037,NotPlaced,0.8235499399187379,0,1
-1.167958699244557,0.050554537486061424,-1.0852784214895703,-1.0318557299675197,-0.1720567882484611,-2.1717861850498807,NotPlaced,-1.121576165093496,0,1
-0.3744486375843349,0.050554537486061424,0.09326023857568026,-1.0318557299675197,-0.557769216267544,-0.4341671428491004,NotPlaced,-0.41425758145268365,0,1
0.736465448739975,-1.5104101963200112,-1.0852784214895703,1.2142535652005348,0.2136556397706218,0.06229544063683744,NotPlaced,-0.5910872273628871,0,0
-0.21574662525229105,-1.5104101963200112,-1.0852784214895703,-1.0318557299675197,-0.557769216267544,-0.4341671428491004,NotPlaced,-1.6520651028241051,0,0
-0.3744486375843349,0.050554537486061424,0.09326023857568026,1.2142535652005348,-0.0434859789087668,1.0552206076087132,Placed,0.6467202940085341,1,1
0.4190614240758872,1.611519271292134,-1.0852784214895703,-1.0318557299675197,-0.6863400256072383,0.31052673237980744,Placed,-0.5910872273628871,1,1
-0.057044612920247185,-1.5104101963200112,0.09326023857568026,-1.0318557299675197,-2.22918973768357,-1.1788610180780061,NotPlaced,-0.944746519183293,0,0
1.2125714857361094,1.611519271292134,0.09326023857568026,1.2142535652005348,-0.0434859789087668,-0.4341671428491004,Placed,1.177209231739143,1,1
-1.4853627239086462,-1.5104101963200112,1.2717988986409308,1.2142535652005348,0.9850804958087876,1.3034518993516808,Placed,0.8235499399187379,1,0
-1.167958699244557,0.050554537486061424,-1.0852784214895703,-1.0318557299675197,-0.3006275975881554,0.5587580241227753,Placed,-1.121576165093496,1,1
-1.167958699244557,0.050554537486061424,0.09326023857568026,-1.0318557299675197,0.8565096864690933,1.3034518993516808,Placed,-0.41425758145268365,1,1
-0.5331506499163802,-1.5104101963200112,-1.0852784214895703,-1.0318557299675197,0.4707972584500104,-1.1788610180780061,NotPlaced,-1.6520651028241051,0,0
-0.5331506499163802,0.050554537486061424,0.09326023857568026,-1.0318557299675197,-1.2006232629660154,-1.4270923098209738,NotPlaced,-0.41425758145268365,0,1
1.529975510400197,1.611519271292134,1.2717988986409308,-1.0318557299675197,1.3707929238278704,1.3034518993516808,Placed,0.8235499399187379,1,1
-1.167958699244557,0.050554537486061424,-1.0852784214895703,0.09119891761650768,1.4993637331675649,-0.9306297263350372,NotPlaced,-0.5910872273628871,0,1
-0.3744486375843349,-1.5104101963200112,-1.0852784214895703,-1.0318557299675197,-0.4291984069278497,-1.1788610180780061,NotPlaced,-1.6520651028241051,0,0
-1.167958699244557,0.050554537486061424,1.2717988986409308,0.09119891761650768,-0.0434859789087668,0.5587580241227753,Placed,0.8235499399187379,1,1
-0.5331506499163802,0.050554537486061424,0.09326023857568026,-1.0318557299675197,-0.4291984069278497,-0.9306297263350372,NotPlaced,-0.41425758145268365,0,1
0.4190614240758872,-1.5104101963200112,1.2717988986409308,-1.0318557299675197,1.4993637331675649,0.31052673237980744,Placed,-0.2374279355424807,1,0
-0.21574662525229105,0.050554537486061424,0.09326023857568026,1.2142535652005348,0.4707972584500104,-0.4341671428491004,NotPlaced,0.6467202940085341,0,1
0.10165739941179809,0.050554537486061424,-1.0852784214895703,0.09119891761650768,-0.4291984069278497,0.8069893158657431,NotPlaced,-0.5910872273628871,0,1
-0.21574662525229105,0.050554537486061424,-1.0852784214895703,0.09119891761650768,-1.3291940723057099,0.06229544063683744,NotPlaced,-0.5910872273628871,0,1
-0.21574662525229105,-1.5104101963200112,-1.0852784214895703,-1.0318557299675197,0.4707972584500104,-0.4341671428491004,NotPlaced,-1.6520651028241051,0,0
-0.5331506499163802,0.050554537486061424,-1.0852784214895703,-1.0318557299675197,0.727938877129399,0.5587580241227753,NotPlaced,-1.121576165093496,0,1
-1.8027667485727352,-1.5104101963200112,-1.0852784214895703,-1.0318557299675197,-1.7149065003247927,-0.4341671428491004,NotPlaced,-1.6520651028241051,0,0
0.260359411743842,-1.5104101963200112,0.09326023857568026,-1.0318557299675197,0.2136556397706218,-0.4341671428491004,Placed,-0.944746519183293,1,0
-1.4853627239086462,-1.5104101963200112,-1.0852784214895703,-1.0318557299675197,-0.0434859789087668,-2.916480060278785,NotPlaced,-1.6520651028241051,0,0
-0.057044612920247185,0.050554537486061424,-1.0852784214895703,-1.0318557299675197,0.5993680677897048,-0.4341671428491004,NotPlaced,-1.121576165093496,0,1
1.3712734980681531,-1.5104101963200112,1.2717988986409308,1.2142535652005348,1.4993637331675649,0.06229544063683744,Placed,0.8235499399187379,1,0
-0.057044612920247185,0.050554537486061424,0.09326023857568026,-1.0318557299675197,-0.3006275975881554,-0.6823984345920682,NotPlaced,-0.41425758145268365,0,1
0.260359411743842,1.611519271292134,-1.0852784214895703,0.09119891761650768,-0.943481644286627,0.06229544063683744,Placed,-0.06059828963227817,1,1
0.8951674610720188,0.050554537486061424,0.09326023857568026,0.09119891761650768,-0.943481644286627,-1.4270923098209738,NotPlaced,0.11623135627792522,0,1
1.2125714857361094,0.050554537486061424,-1.0852784214895703,1.2142535652005348,0.0850848304309275,0.8069893158657431,NotPlaced,-0.060598289632277744,0,1
-1.8027667485727352,0.050554537486061424,-1.0852784214895703,0.09119891761650768,-2.3577605470232643,-1.1788610180780061,NotPlaced,-0.5910872273628871,0,1
0.8951674610720188,1.611519271292134,1.2717988986409308,1.2142535652005348,1.113651305148482,0.8069893158657431,Placed,1.8845278153799556,1,1
1.688677522732241,-1.5104101963200112,1.2717988986409308,1.2142535652005348,1.2422221144881762,1.3034518993516808,NotPlaced,0.8235499399187379,0,0
-0.5331506499163802,0.050554537486061424,-1.0852784214895703,-1.0318557299675197,-0.943481644286627,0.8069893158657431,NotPlaced,-1.121576165093496,0,1
1.3712734980681531,0.050554537486061424,1.2717988986409308,1.2142535652005348,1.113651305148482,1.3034518993516808,Placed,1.3540388776493464,1,1
-0.21574662525229105,1.611519271292134,-1.0852784214895703,0.09119891761650768,1.4993637331675649,-0.4341671428491004,NotPlaced,-0.06059828963227817,0,1
1.0538694734040654,1.611519271292134,-1.0852784214895703,0.09119891761650768,0.0850848304309275,-0.18593585110613037,NotPlaced,-0.06059828963227817,0,1
-1.8027667485727352,0.050554537486061424,0.09326023857568026,-1.0318557299675197,-0.943481644286627,0.31052673237980744,NotPlaced,-0.41425758145268365,0,1
-0.057044612920247185,0.050554537486061424,1.2717988986409308,1.2142535652005348,1.4993637331675649,0.5587580241227753,Placed,1.3540388776493464,1,1
-0.057044612920247185,0.050554537486061424,0.09326023857568026,-1.0318557299675197,-1.0720524536263212,-1.6753236015639428,NotPlaced,-0.41425758145268365,0,1
-1.6440647362406915,0.050554537486061424,-1.0852784214895703,-1.0318557299675197,-2.22918973768357,-0.4341671428491004,NotPlaced,-1.121576165093496,0,1
-0.5331506499163802,-1.5104101963200112,-1.0852784214895703,-1.0318557299675197,0.8565096864690933,0.31052673237980744,NotPlaced,-1.6520651028241051,0,0
-1.8027667485727352,0.050554537486061424,-1.0852784214895703,0.09119891761650768,-0.943481644286627,0.5587580241227753,NotPlaced,-0.5910872273628871,0,1
-0.3744486375843349,0.050554537486061424,-1.0852784214895703,0.09119891761650768,-2.1006189283438754,1.3034518993516808,NotPlaced,-0.5910872273628871,0,1
-0.21574662525229105,0.050554537486061424,0.09326023857568026,-1.0318557299675197,-1.0720524536263212,-0.18593585110613037,Placed,-0.41425758145268365,1,1
1.0538694734040654,-1.5104101963200112,-1.0852784214895703,-1.0318557299675197,0.0850848304309275,-1.9235548933069118,Placed,-1.6520651028241051,1,0
-0.691852662248424,0.050554537486061424,0.09326023857568026,0.09119891761650768,-1.3291940723057099,0.31052673237980744,NotPlaced,0.11623135627792522,0,1
-0.691852662248424,-1.5104101963200112,-1.0852784214895703,-1.0318557299675197,-1.9720481190041814,-1.1788610180780061,NotPlaced,-1.6520651028241051,0,0
-1.167958699244557,0.050554537486061424,1.2717988986409308,-1.0318557299675197,0.34222644911031613,0.8069893158657431,Placed,0.2930610021881282,1,1
-0.057044612920247185,0.050554537486061424,0.09326023857568026,-1.0318557299675197,-0.6863400256072383,-1.4270923098209738,NotPlaced,-0.41425758145268365,0,1
0.577763436407931,1.611519271292134,0.09326023857568026,1.2142535652005348,0.9850804958087876,0.5587580241227753,Placed,1.177209231739143,1,1
0.4190614240758872,0.050554537486061424,1.2717988986409308,1.2142535652005348,1.4993637331675649,0.5587580241227753,Placed,1.3540388776493464,1,1
0.10165739941179809,0.050554537486061424,0.09326023857568026,-1.0318557299675197,0.9850804958087876,0.5587580241227753,Placed,-0.41425758145268365,1,1
0.577763436407931,1.611519271292134,1.2717988986409308,1.2142535652005348,1.4993637331675649,1.3034518993516808,NotPlaced,1.8845278153799556,0,1
-0.5331506499163802,0.050554537486061424,-1.0852784214895703,-1.0318557299675197,0.2136556397706218,1.0552206076087132,NotPlaced,-1.121576165093496,0,1
-0.21574662525229105,0.050554537486061424,0.09326023857568026,-1.0318557299675197,-1.457764881645404,-0.18593585110613037,NotPlaced,-0.41425758145268365,0,1
0.260359411743842,0.050554537486061424,1.2717988986409308,0.09119891761650768,0.727938877129399,0.5587580241227753,NotPlaced,0.8235499399187379,0,1
0.577763436407931,0.050554537486061424,-1.0852784214895703,1.2142535652005348,0.4707972584500104,0.8069893158657431,NotPlaced,-0.060598289632277744,0,1
1.0538694734040654,1.611519271292134,1.2717988986409308,2.337308212784562,1.4993637331675649,0.5587580241227753,Placed,2.4150167531105646,1,1
-0.057044612920247185,0.050554537486061424,0.09326023857568026,0.09119891761650768,-1.2006232629660154,-0.18593585110613037,NotPlaced,0.11623135627792522,0,1
1.529975510400197,0.050554537486061424,1.2717988986409308,1.2142535652005348,0.727938877129399,1.3034518993516808,Placed,1.3540388776493464,1,1
1.0538694734040654,1.611519271292134,1.2717988986409308,-1.0318557299675197,0.4707972584500104,0.5587580241227753,NotPlaced,0.8235499399187379,0,1
-1.0092566869125132,0.050554537486061424,-1.0852784214895703,-1.0318557299675197,-1.2006232629660154,-0.4341671428491004,NotPlaced,-1.121576165093496,0,1
1.2125714857361094,1.611519271292134,1.2717988986409308,1.2142535652005348,0.8565096864690933,-0.4341671428491004,Placed,1.8845278153799556,1,1
-0.057044612920247185,0.050554537486061424,1.2717988986409308,1.2142535652005348,1.4993637331675649,0.06229544063683744,Placed,1.3540388776493464,1,1
-1.6440647362406915,-1.5104101963200112,0.09326023857568026,-1.0318557299675197,0.0850848304309275,-0.18593585110613037,NotPlaced,-0.944746519183293,0,0
-0.21574662525229105,0.050554537486061424,-1.0852784214895703,-1.0318557299675197,-1.2006232629660154,-0.9306297263350372,NotPlaced,-1.121576165093496,0,1
0.10165739941179809,1.611519271292134,-1.0852784214895703,-1.0318557299675197,-0.0434859789087668,0.06229544063683744,NotPlaced,-0.5910872273628871,0,1
-0.5331506499163802,0.050554537486061424,0.09326023857568026,0.09119891761650768,-1.5863356909850983,-1.4270923098209738,NotPlaced,0.11623135627792522,0,1
0.8951674610720188,0.050554537486061424,1.2717988986409308,-1.0318557299675197,0.2136556397706218,1.0552206076087132,Placed,0.2930610021881282,1,1
0.736465448739975,0.050554537486061424,1.2717988986409308,1.2142535652005348,0.8565096864690933,1.0552206076087132,Placed,1.3540388776493464,1,1
-1.8027667485727352,1.611519271292134,1.2717988986409308,1.2142535652005348,0.2136556397706218,1.3034518993516808,NotPlaced,1.8845278153799556,0,1
0.736465448739975,1.611519271292134,1.2717988986409308,1.2142535652005348,1.2422221144881762,0.31052673237980744,Placed,1.8845278153799556,1,1
-1.8027667485727352,1.611519271292134,1.2717988986409308,1.2142535652005348,0.0850848304309275,-1.4270923098209738,Placed,1.8845278153799556,1,1
0.10165739941179809,1.611519271292134,0.09326023857568026,0.09119891761650768,-0.557769216267544,0.8069893158657431,NotPlaced,0.6467202940085345,0,1
-0.057044612920247185,1.611519271292134,0.09326023857568026,-1.0318557299675197,0.727938877129399,-0.4341671428491004,NotPlaced,0.11623135627792522,0,1
0.10165739941179809,0.050554537486061424,1.2717988986409308,2.337308212784562,1.2422221144881762,1.3034518993516808,NotPlaced,1.8845278153799556,0,1
-1.3266607115766023,1.611519271292134,1.2717988986409308,1.2142535652005348,0.727938877129399,1.3034518993516808,Placed,1.8845278153799556,1,1
-0.21574662525229105,0.050554537486061424,-1.0852784214895703,-1.0318557299675197,-0.1720567882484611,-0.18593585110613037,NotPlaced,-1.121576165093496,0,1
0.8951674610720188,-1.5104101963200112,1.2717988986409308,-1.0318557299675197,0.9850804958087876,-0.6823984345920682,Placed,-0.2374279355424807,1,0
0.736465448739975,1.611519271292134,0.09326023857568026,1.2142535652005348,-0.3006275975881554,0.06229544063683744,Placed,1.177209231739143,1,1
-1.167958699244557,-1.5104101963200112,1.2717988986409308,-1.0318557299675197,0.34222644911031613,-0.18593585110613037,Placed,-0.2374279355424807,1,0
2.0060815473963314,-1.5104101963200112,-1.0852784214895703,0.09119891761650768,1.4993637331675649,0.8069893158657431,Placed,-1.121576165093496,1,0
-0.21574662525229105,0.050554537486061424,0.09326023857568026,0.09119891761650768,0.4707972584500104,-0.6823984345920682,NotPlaced,0.11623135627792522,0,1
-0.5331506499163802,0.050554537486061424,0.09326023857568026,0.09119891761650768,-1.457764881645404,0.8069893158657431,NotPlaced,0.11623135627792522,0,1
-0.21574662525229105,-1.5104101963200112,0.09326023857568026,-1.0318557299675197,-1.3291940723057099,-0.4341671428491004,NotPlaced,-0.944746519183293,0,0
0.577763436407931,0.050554537486061424,1.2717988986409308,1.2142535652005348,0.0850848304309275,1.3034518993516808,Placed,1.3540388776493464,1,1
-1.4853627239086462,-1.5104101963200112,-1.0852784214895703,0.09119891761650768,-1.3291940723057099,0.06229544063683744,NotPlaced,-1.121576165093496,0,0
-0.3744486375843349,1.611519271292134,0.09326023857568026,0.09119891761650768,-0.0434859789087668,0.06229544063683744,NotPlaced,0.6467202940085345,0,1
-0.3744486375843349,0.050554537486061424,-1.0852784214895703,0.09119891761650768,-1.0720524536263212,0.5587580241227753,NotPlaced,-0.5910872273628871,0,1
1.529975510400197,1.611519271292134,1.2717988986409308,1.2142535652005348,1.2422221144881762,1.0552206076087132,Placed,1.8845278153799556,1,1
-1.8027667485727352,0.050554537486061424,-1.0852784214895703,0.09119891761650768,0.5993680677897048,-0.18593585110613037,NotPlaced,-0.5910872273628871,0,1
-0.057044612920247185,-1.5104101963200112,-1.0852784214895703,0.09119891761650768,0.34222644911031613,0.06229544063683744,NotPlaced,-1.121576165093496,0,0
0.4190614240758872,1.611519271292134,0.09326023857568026,1.2142535652005348,1.2422221144881762,1.3034518993516808,Placed,1.177209231739143,1,1
-0.3744486375843349,-1.5104101963200112,-1.0852784214895703,0.09119891761650768,-1.7149065003247927,-0.4341671428491004,NotPlaced,-1.121576165093496,0,0
0.10165739941179809,0.050554537486061424,1.2717988986409308,0.09119891761650768,0.4707972584500104,0.5587580241227753,NotPlaced,0.8235499399187379,0,1
-0.5331506499163802,0.050554537486061424,0.09326023857568026,2.337308212784562,1.4993637331675649,0.31052673237980744,Placed,1.177209231739143,1,1
-0.21574662525229105,-1.5104101963200112,-1.0852784214895703,0.09119891761650768,-1.0720524536263212,0.06229544063683744,NotPlaced,-1.121576165093496,0,0
0.8951674610720188,1.611519271292134,1.2717988986409308,2.337308212784562,0.34222644911031613,1.3034518993516808,Placed,2.4150167531105646,1,1
-1.6440647362406915,0.050554537486061424,-1.0852784214895703,1.2142535652005348,-1.457764881645404,-0.6823984345920682,NotPlaced,-0.060598289632277744,0,1
-0.3744486375843349,0.050554537486061424,-1.0852784214895703,-1.0318557299675197,-2.1006189283438754,-0.4341671428491004,NotPlaced,-1.121576165093496,0,1
0.577763436407931,1.611519271292134,1.2717988986409308,1.2142535652005348,0.4707972584500104,0.06229544063683744,Placed,1.8845278153799556,1,1
1.2125714857361094,1.611519271292134,1.2717988986409308,1.2142535652005348,0.0850848304309275,0.31052673237980744,NotPlaced,1.8845278153799556,0,1
0.260359411743842,0.050554537486061424,1.2717988986409308,0.09119891761650768,-1.0720524536263212,0.06229544063683744,NotPlaced,0.8235499399187379,0,1
-1.6440647362406915,0.050554537486061424,-1.0852784214895703,-1.0318557299675197,-0.1720567882484611,-1.1788610180780061,NotPlaced,-1.121576165093496,0,1
-1.3266607115766023,0.050554537486061424,-1.0852784214895703,-1.0318557299675197,-0.3006275975881554,-0.6823984345920682,NotPlaced,-1.121576165093496,0,1
-0.057044612920247185,0.050554537486061424,-1.0852784214895703,-1.0318557299675197,-2.1006189283438754,0.31052673237980744,NotPlaced,-1.121576165093496,0,1
-1.8027667485727352,-1.5104101963200112,-1.0852784214895703,0.09119891761650768,0.2136556397706218,-1.4270923098209738,Placed,-1.121576165093496,1,0
0.10165739941179809,-1.5104101963200112,-1.0852784214895703,-1.0318557299675197,-0.6863400256072383,0.06229544063683744,Placed,-1.6520651028241051,1,0
-0.057044612920247185,0.050554537486061424,-1.0852784214895703,1.2142535652005348,1.113651305148482,-0.4341671428491004,Placed,-0.060598289632277744,1,1
0.736465448739975,1.611519271292134,1.2717988986409308,1.2142535652005348,1.2422221144881762,1.3034518993516808,Placed,1.8845278153799556,1,1
0.10165739941179809,0.050554537486061424,1.2717988986409308,0.09119891761650768,-0.0434859789087668,-0.9306297263350372,NotPlaced,0.8235499399187379,0,1
-0.057044612920247185,0.050554537486061424,-1.0852784214895703,-1.0318557299675197,-0.557769216267544,0.06229544063683744,NotPlaced,-1.121576165093496,0,1
1.529975510400197,-1.5104101963200112,1.2717988986409308,1.2142535652005348,0.34222644911031613,-0.9306297263350372,Placed,0.8235499399187379,1,0
1.0538694734040654,0.050554537486061424,1.2717988986409308,1.2142535652005348,-0.557769216267544,1.0552206076087132,NotPlaced,1.3540388776493464,0,1
1.529975510400197,0.050554537486061424,0.09326023857568026,-1.0318557299675197,-0.1720567882484611,0.5587580241227753,Placed,-0.41425758145268365,1,1
-1.3266607115766023,-1.5104101963200112,0.09326023857568026,0.09119891761650768,-1.7149065003247927,1.3034518993516808,NotPlaced,-0.41425758145268365,0,0
-0.21574662525229105,0.050554537486061424,0.09326023857568026,0.09119891761650768,-0.3006275975881554,-2.1717861850498807,NotPlaced,0.11623135627792522,0,1
2.164783559728375,1.611519271292134,1.2717988986409308,-1.0318557299675197,1.4993637331675649,1.3034518993516808,Placed,0.8235499399187379,1,1
1.0538694734040654,1.611519271292134,1.2717988986409308,1.2142535652005348,0.4707972584500104,1.0552206076087132,Placed,1.8845278153799556,1,1
0.10165739941179809,0.050554537486061424,1.2717988986409308,1.2142535652005348,-0.0434859789087668,-0.4341671428491004,Placed,1.3540388776493464,1,1
-0.691852662248424,0.050554537486061424,0.09326023857568026,0.09119891761650768,-0.1720567882484611,-0.4341671428491004,NotPlaced,0.11623135627792522,0,1
0.10165739941179809,-1.5104101963200112,1.2717988986409308,-1.0318557299675197,-0.557769216267544,-0.18593585110613037,Placed,-0.2374279355424807,1,0
-1.4853627239086462,0.050554537486061424,1.2717988986409308,-1.0318557299675197,-0.557769216267544,0.5587580241227753,NotPlaced,0.2930610021881282,0,1
-0.057044612920247185,0.050554537486061424,-1.0852784214895703,-1.0318557299675197,-0.6863400256072383,0.06229544063683744,Placed,-1.121576165093496,1,1
-0.5331506499163802,-1.5104101963200112,1.2717988986409308,-1.0318557299675197,-0.1720567882484611,0.8069893158657431,NotPlaced,-0.2374279355424807,0,0
0.8951674610720188,0.050554537486061424,-1.0852784214895703,1.2142535652005348,1.3707929238278704,1.3034518993516808,Placed,-0.060598289632277744,1,1
0.736465448739975,1.611519271292134,0.09326023857568026,1.2142535652005348,0.0850848304309275,0.31052673237980744,NotPlaced,1.177209231739143,0,1
0.4190614240758872,0.050554537486061424,1.2717988986409308,-1.0318557299675197,0.5993680677897048,0.06229544063683744,NotPlaced,0.2930610021881282,0,1
1.688677522732241,0.050554537486061424,1.2717988986409308,1.2142535652005348,0.9850804958087876,1.0552206076087132,NotPlaced,1.3540388776493464,0,1
0.260359411743842,0.050554537486061424,1.2717988986409308,1.2142535652005348,1.4993637331675649,-0.6823984345920682,NotPlaced,1.3540388776493464,0,1
0.4190614240758872,-1.5104101963200112,0.09326023857568026,-1.0318557299675197,-1.2006232629660154,-0.6823984345920682,NotPlaced,-0.944746519183293,0,0
-1.8027667485727352,0.050554537486061424,0.09326023857568026,-1.0318557299675197,0.0850848304309275,0.5587580241227753,NotPlaced,-0.41425758145268365,0,1
-0.691852662248424,0.050554537486061424,-1.0852784214895703,0.09119891761650768,-2.1006189283438754,-0.6823984345920682,NotPlaced,-0.5910872273628871,0,1
-0.21574662525229105,0.050554537486061424,-1.0852784214895703,0.09119891761650768,1.4993637331675649,0.8069893158657431,Placed,-0.5910872273628871,1,1
-0.3744486375843349,0.050554537486061424,-1.0852784214895703,0.09119891761650768,0.5993680677897048,-0.6823984345920682,NotPlaced,-0.5910872273628871,0,1
-1.4853627239086462,1.611519271292134,1.2717988986409308,1.2142535652005348,0.4707972584500104,1.3034518993516808,Placed,1.8845278153799556,1,1
1.688677522732241,-1.5104101963200112,-1.0852784214895703,0.09119891761650768,0.34222644911031613,1.3034518993516808,NotPlaced,-1.121576165093496,0,0
0.4190614240758872,1.611519271292134,-1.0852784214895703,-1.0318557299675197,-0.6863400256072383,-0.18593585110613037,NotPlaced,-0.5910872273628871,0,1
-0.057044612920247185,0.050554537486061424,-1.0852784214895703,-1.0318557299675197,-0.557769216267544,0.5587580241227753,NotPlaced,-1.121576165093496,0,1
-0.21574662525229105,-1.5104101963200112,-1.0852784214895703,1.2142535652005348,-0.0434859789087668,0.8069893158657431,NotPlaced,-0.5910872273628871,0,0
0.8951674610720188,-1.5104101963200112,1.2717988986409308,1.2142535652005348,1.113651305148482,1.3034518993516808,Placed,0.8235499399187379,1,0
-1.8027667485727352,-1.5104101963200112,1.2717988986409308,0.09119891761650768,-0.4291984069278497,0.06229544063683744,Placed,0.2930610021881282,1,0
0.736465448739975,0.050554537486061424,0.09326023857568026,0.09119891761650768,-0.1720567882484611,-1.1788610180780061,NotPlaced,0.11623135627792522,0,1
-1.0092566869125132,0.050554537486061424,-1.0852784214895703,-1.0318557299675197,-2.3577605470232643,-2.4200174767928493,NotPlaced,-1.121576165093496,0,1
1.0538694734040654,1.611519271292134,1.2717988986409308,1.2142535652005348,1.4993637331675649,-0.18593585110613037,Placed,1.8845278153799556,1,1
-1.8027667485727352,0.050554537486061424,-1.0852784214895703,0.09119891761650768,0.5993680677897048,-0.4341671428491004,Placed,-0.5910872273628871,1,1
1.0538694734040654,-1.5104101963200112,1.2717988986409308,-1.0318557299675197,-0.4291984069278497,-0.18593585110613037,NotPlaced,-0.2374279355424807,0,0
1.3712734980681531,0.050554537486061424,-1.0852784214895703,-1.0318557299675197,0.2136556397706218,0.8069893158657431,NotPlaced,-1.121576165093496,0,1
-1.8027667485727352,0.050554537486061424,0.09326023857568026,1.2142535652005348,1.2422221144881762,1.0552206076087132,Placed,0.6467202940085341,1,1
-1.8027667485727352,-1.5104101963200112,-1.0852784214895703,-1.0318557299675197,-0.6863400256072383,-0.6823984345920682,NotPlaced,-1.6520651028241051,0,0
0.8951674610720188,0.050554537486061424,1.2717988986409308,-1.0318557299675197,0.9850804958087876,1.0552206076087132,Placed,0.2930610021881282,1,1
0.10165739941179809,0.050554537486061424,-1.0852784214895703,-1.0318557299675197,0.5993680677897048,-0.18593585110613037,NotPlaced,-1.121576165093496,0,1
-0.21574662525229105,0.050554537486061424,1.2717988986409308,-1.0318557299675197,0.5993680677897048,-0.18593585110613037,NotPlaced,0.2930610021881282,0,1
0.8951674610720188,0.050554537486061424,-1.0852784214895703,-1.0318557299675197,0.2136556397706218,-0.9306297263350372,NotPlaced,-1.121576165093496,0,1
0.10165739941179809,0.050554537486061424,0.09326023857568026,-1.0318557299675197,-0.1720567882484611,0.06229544063683744,NotPlaced,-0.41425758145268365,0,1
0.4190614240758872,1.611519271292134,1.2717988986409308,0.09119891761650768,1.4993637331675649,-0.6823984345920682,Placed,1.3540388776493464,1,1
0.10165739941179809,1.611519271292134,-1.0852784214895703,0.09119891761650768,-1.843477309664487,-0.18593585110613037,NotPlaced,-0.06059828963227817,0,1
-0.21574662525229105,-1.5104101963200112,0.09326023857568026,0.09119891761650768,-1.9720481190041814,-1.9235548933069118,NotPlaced,-0.41425758145268365,0,0
0.260359411743842,0.050554537486061424,1.2717988986409308,-1.0318557299675197,1.2422221144881762,1.3034518993516808,Placed,0.2930610021881282,1,1
1.3712734980681531,0.050554537486061424,1.2717988986409308,1.2142535652005348,1.2422221144881762,0.8069893158657431,Placed,1.3540388776493464,1,1
1.3712734980681531,1.611519271292134,1.2717988986409308,1.2142535652005348,1.4993637331675649,0.31052673237980744,Placed,1.8845278153799556,1,1
0.4190614240758872,0.050554537486061424,1.2717988986409308,1.2142535652005348,1.4993637331675649,0.8069893158657431,Placed,1.3540388776493464,1,1
1.0538694734040654,0.050554537486061424,1.2717988986409308,-1.0318557299675197,0.727938877129399,0.31052673237980744,Placed,0.2930610021881282,1,1
-0.5331506499163802,-1.5104101963200112,-1.0852784214895703,-1.0318557299675197,-2.3577605470232643,-2.6682487685358174,NotPlaced,-1.6520651028241051,0,0
2.0060815473963314,0.050554537486061424,1.2717988986409308,1.2142535652005348,0.5993680677897048,0.8069893158657431,Placed,1.3540388776493464,1,1
-1.6440647362406915,0.050554537486061424,-1.0852784214895703,0.09119891761650768,-1.3291940723057099,-0.6823984345920682,NotPlaced,-0.5910872273628871,0,1
0.10165739941179809,-1.5104101963200112,0.09326023857568026,-1.0318557299675197,-0.943481644286627,1.3034518993516808,NotPlaced,-0.944746519183293,0,0
-1.4853627239086462,-1.5104101963200112,-1.0852784214895703,0.09119891761650768,0.8565096864690933,-0.18593585110613037,Placed,-1.121576165093496,1,0
1.3712734980681531,0.050554537486061424,-1.0852784214895703,0.09119891761650768,0.34222644911031613,0.5587580241227753,NotPlaced,-0.5910872273628871,0,1
1.529975510400197,1.611519271292134,1.2717988986409308,2.337308212784562,1.3707929238278704,1.0552206076087132,Placed,2.4150167531105646,1,1
1.688677522732241,1.611519271292134,-1.0852784214895703,0.09119891761650768,-1.9720481190041814,-0.6823984345920682,NotPlaced,-0.06059828963227817,0,1
-1.167958699244557,0.050554537486061424,-1.0852784214895703,0.09119891761650768,-0.3006275975881554,1.3034518993516808,NotPlaced,-0.5910872273628871,0,1
0.4190614240758872,-1.5104101963200112,-1.0852784214895703,-1.0318557299675197,0.0850848304309275,0.31052673237980744,NotPlaced,-1.6520651028241051,0,0
-1.4853627239086462,0.050554537486061424,-1.0852784214895703,-1.0318557299675197,0.9850804958087876,1.3034518993516808,Placed,-1.121576165093496,1,1
-0.21574662525229105,-1.5104101963200112,0.09326023857568026,0.09119891761650768,-0.0434859789087668,-1.1788610180780061,NotPlaced,-0.41425758145268365,0,0
1.2125714857361094,1.611519271292134,-1.0852784214895703,1.2142535652005348,0.8565096864690933,-0.4341671428491004,Placed,0.46989064809833114,1,1
-0.3744486375843349,0.050554537486061424,0.09326023857568026,0.09119891761650768,-0.6863400256072383,0.5587580241227753,NotPlaced,0.11623135627792522,0,1
0.4190614240758872,-1.5104101963200112,-1.0852784214895703,-1.0318557299675197,-1.2006232629660154,-1.1788610180780061,NotPlaced,-1.6520651028241051,0,0
0.260359411743842,0.050554537486061424,1.2717988986409308,0.09119891761650768,1.4993637331675649,0.31052673237980744,Placed,0.8235499399187379,1,1
-1.8027667485727352,1.611519271292134,-1.0852784214895703,0.09119891761650768,-0.8149108349469326,-1.4270923098209738,NotPlaced,-0.06059828963227817,0,1
-1.8027667485727352,0.050554537486061424,-1.0852784214895703,-1.0318557299675197,0.0850848304309275,0.06229544063683744,NotPlaced,-1.121576165093496,0,1
1.0538694734040654,0.050554537486061424,0.09326023857568026,2.337308212784562,0.8565096864690933,0.8069893158657431,Placed,1.177209231739143,1,1
1.2125714857361094,0.050554537486061424,-1.0852784214895703,2.337308212784562,1.3707929238278704,0.31052673237980744,Placed,0.46989064809833114,1,1
-1.8027667485727352,1.611519271292134,-1.0852784214895703,1.2142535652005348,0.0850848304309275,0.31052673237980744,NotPlaced,0.46989064809833114,0,1
-1.4853627239086462,-1.5104101963200112,-1.0852784214895703,-1.0318557299675197,-1.3291940723057099,-1.9235548933069118,NotPlaced,-1.6520651028241051,0,0
-0.21574662525229105,0.050554537486061424,-1.0852784214895703,-1.0318557299675197,-0.8149108349469326,-0.18593585110613037,NotPlaced,-1.121576165093496,0,1
-0.3744486375843349,0.050554537486061424,1.2717988986409308,1.2142535652005348,1.4993637331675649,1.3034518993516808,Placed,1.3540388776493464,1,1
-0.5331506499163802,1.611519271292134,1.2717988986409308,-1.0318557299675197,1.4993637331675649,0.31052673237980744,Placed,0.8235499399187379,1,1
-1.0092566869125132,0.050554537486061424,0.09326023857568026,-1.0318557299675197,-1.457764881645404,0.06229544063683744,NotPlaced,-0.41425758145268365,0,1
0.736465448739975,1.611519271292134,0.09326023857568026,1.2142535652005348,1.4993637331675649,0.5587580241227753,Placed,1.177209231739143,1,1
0.577763436407931,0.050554537486061424,0.09326023857568026,-1.0318557299675197,-1.3291940723057099,0.5587580241227753,NotPlaced,-0.41425758145268365,0,1
1.529975510400197,1.611519271292134,1.2717988986409308,1.2142535652005348,1.3707929238278704,1.3034518993516808,NotPlaced,1.8845278153799556,0,1
-0.057044612920247185,0.050554537486061424,-1.0852784214895703,0.09119891761650768,0.0850848304309275,0.06229544063683744,NotPlaced,-0.5910872273628871,0,1
-0.057044612920247185,0.050554537486061424,0.09326023857568026,1.2142535652005348,-0.4291984069278497,-1.1788610180780061,NotPlaced,0.6467202940085341,0,1
-1.8027667485727352,0.050554537486061424,0.09326023857568026,-1.0318557299675197,0.2136556397706218,0.31052673237980744,NotPlaced,-0.41425758145268365,0,1
-0.21574662525229105,0.050554537486061424,-1.0852784214895703,0.09119891761650768,-2.3577605470232643,-2.916480060278785,NotPlaced,-0.5910872273628871,0,1
-0.21574662525229105,0.050554537486061424,0.09326023857568026,0.09119891761650768,0.4707972584500104,1.0552206076087132,NotPlaced,0.11623135627792522,0,1
-0.21574662525229105,0.050554537486061424,1.2717988986409308,-1.0318557299675197,-0.1720567882484611,0.5587580241227753,NotPlaced,0.2930610021881282,0,1
0.260359411743842,1.611519271292134,0.09326023857568026,1.2142535652005348,1.4993637331675649,1.3034518993516808,Placed,1.177209231739143,1,1
-1.8027667485727352,0.050554537486061424,-1.0852784214895703,0.09119891761650768,0.0850848304309275,0.31052673237980744,NotPlaced,-0.5910872273628871,0,1
0.10165739941179809,0.050554537486061424,1.2717988986409308,-1.0318557299675197,1.3707929238278704,0.8069893158657431,Placed,0.2930610021881282,1,1
-0.057044612920247185,1.611519271292134,0.09326023857568026,0.09119891761650768,0.727938877129399,1.3034518993516808,NotPlaced,0.6467202940085345,0,1
-0.3744486375843349,-1.5104101963200112,-1.0852784214895703,0.09119891761650768,-0.8149108349469326,-1.9235548933069118,NotPlaced,-1.121576165093496,0,0
0.736465448739975,1.611519271292134,1.2717988986409308,1.2142535652005348,0.5993680677897048,0.31052673237980744,Placed,1.8845278153799556,1,1
0.8951674610720188,-1.5104101963200112,-1.0852784214895703,-1.0318557299675197,-0.6863400256072383,1.3034518993516808,Placed,-1.6520651028241051,1,0
-0.057044612920247185,0.050554537486061424,0.09326023857568026,0.09119891761650768,1.4993637331675649,0.5587580241227753,NotPlaced,0.11623135627792522,0,1
1.8473795350642876,0.050554537486061424,1.2717988986409308,1.2142535652005348,1.2422221144881762,1.3034518993516808,Placed,1.3540388776493464,1,1
1.0538694734040654,1.611519271292134,-1.0852784214895703,1.2142535652005348,0.34222644911031613,1.3034518993516808,NotPlaced,0.46989064809833114,0,1
-0.8505546745804693,-1.5104101963200112,1.2717988986409308,1.2142535652005348,-0.557769216267544,0.5587580241227753,NotPlaced,0.8235499399187379,0,0
1.529975510400197,0.050554537486061424,1.2717988986409308,1.2142535652005348,1.2422221144881762,1.3034518993516808,Placed,1.3540388776493464,1,1
-1.8027667485727352,0.050554537486061424,1.2717988986409308,0.09119891761650768,-0.0434859789087668,-2.6682487685358174,NotPlaced,0.8235499399187379,0,1
0.736465448739975,0.050554537486061424,-1.0852784214895703,-1.0318557299675197,-2.3577605470232643,-1.4270923098209738,NotPlaced,-1.121576165093496,0,1
0.10165739941179809,0.050554537486061424,-1.0852784214895703,-1.0318557299675197,-0.557769216267544,-0.4341671428491004,NotPlaced,-1.121576165093496,0,1
1.2125714857361094,1.611519271292134,0.09326023857568026,1.2142535652005348,0.727938877129399,1.0552206076087132,Placed,1.177209231739143,1,1
-1.8027667485727352,0.050554537486061424,-1.0852784214895703,0.09119891761650768,-1.457764881645404,-1.4270923098209738,NotPlaced,-0.5910872273628871,0,1
-1.8027667485727352,0.050554537486061424,-1.0852784214895703,0.09119891761650768,-0.6863400256072383,-2.1717861850498807,NotPlaced,-0.5910872273628871,0,1
0.260359411743842,0.050554537486061424,1.2717988986409308,0.09119891761650768,1.2422221144881762,-0.6823984345920682,NotPlaced,0.8235499399187379,0,1
1.529975510400197,1.611519271292134,1.2717988986409308,0.09119891761650768,0.4707972584500104,0.5587580241227753,Placed,1.3540388776493464,1,1
0.4190614240758872,0.050554537486061424,1.2717988986409308,-1.0318557299675197,0.0850848304309275,-1.4270923098209738,NotPlaced,0.2930610021881282,0,1
1.2125714857361094,0.050554537486061424,-1.0852784214895703,1.2142535652005348,0.9850804958087876,1.0552206076087132,NotPlaced,-0.060598289632277744,0,1
0.8951674610720188,0.050554537486061424,-1.0852784214895703,1.2142535652005348,0.0850848304309275,1.0552206076087132,Placed,-0.060598289632277744,1,1
-0.057044612920247185,0.050554537486061424,0.09326023857568026,-1.0318557299675197,-0.1720567882484611,-0.18593585110613037,NotPlaced,-0.41425758145268365,0,1
0.8951674610720188,1.611519271292134,-1.0852784214895703,0.09119891761650768,1.4993637331675649,-0.6823984345920682,NotPlaced,-0.06059828963227817,0,1
1.2125714857361094,1.611519271292134,1.2717988986409308,1.2142535652005348,0.9850804958087876,0.06229544063683744,NotPlaced,1.8845278153799556,0,1
0.4190614240758872,0.050554537486061424,1.2717988986409308,1.2142535652005348,0.2136556397706218,1.3034518993516808,Placed,1.3540388776493464,1,1
1.2125714857361094,1.611519271292134,0.09326023857568026,-1.0318557299675197,0.0850848304309275,0.8069893158657431,Placed,0.11623135627792522,1,1
-1.167958699244557,0.050554537486061424,-1.0852784214895703,0.09119891761650768,-1.3291940723057099,0.31052673237980744,NotPlaced,-0.5910872273628871,0,1
0.10165739941179809,0.050554537486061424,-1.0852784214895703,1.2142535652005348,-0.3006275975881554,-0.6823984345920682,Placed,-0.060598289632277744,1,1
0.10165739941179809,0.050554537486061424,0.09326023857568026,1.2142535652005348,0.0850848304309275,1.3034518993516808,NotPlaced,0.6467202940085341,0,1
-1.167958699244557,0.050554537486061424,1.2717988986409308,0.09119891761650768,-0.0434859789087668,0.31052673237980744,NotPlaced,0.8235499399187379,0,1
-0.21574662525229105,0.050554537486061424,1.2717988986409308,-1.0318557299675197,0.5993680677897048,1.3034518993516808,Placed,0.2930610021881282,1,1
2.0060815473963314,0.050554537486061424,0.09326023857568026,0.09119891761650768,0.727938877129399,-0.4341671428491004,NotPlaced,0.11623135627792522,0,1
-1.8027667485727352,0.050554537486061424,-1.0852784214895703,-1.0318557299675197,-1.5863356909850983,-0.4341671428491004,NotPlaced,-1.121576165093496,0,1
1.3712734980681531,1.611519271292134,1.2717988986409308,-1.0318557299675197,0.9850804958087876,0.8069893158657431,Placed,0.8235499399187379,1,1
0.260359411743842,-1.5104101963200112,-1.0852784214895703,-1.0318557299675197,-0.557769216267544,0.5587580241227753,NotPlaced,-1.6520651028241051,0,0
1.688677522732241,0.050554537486061424,-1.0852784214895703,1.2142535652005348,0.34222644911031613,-0.4341671428491004,NotPlaced,-0.060598289632277744,0,1
-1.167958699244557,0.050554537486061424,0.09326023857568026,0.09119891761650768,-0.0434859789087668,0.5587580241227753,Placed,0.11623135627792522,1,1
-0.5331506499163802,1.611519271292134,1.2717988986409308,1.2142535652005348,1.4993637331675649,0.06229544063683744,NotPlaced,1.8845278153799556,0,1
-1.8027667485727352,0.050554537486061424,-1.0852784214895703,0.09119891761650768,-1.457764881645404,0.06229544063683744,NotPlaced,-0.5910872273628871,0,1
-0.5331506499163802,0.050554537486061424,1.2717988986409308,1.2142535652005348,-0.4291984069278497,-0.18593585110613037,NotPlaced,1.3540388776493464,0,1
0.8951674610720188,1.611519271292134,-1.0852784214895703,0.09119891761650768,-1.2006232629660154,0.5587580241227753,NotPlaced,-0.06059828963227817,0,1
2.0060815473963314,1.611519271292134,1.2717988986409308,1.2142535652005348,0.2136556397706218,0.31052673237980744,Placed,1.8845278153799556,1,1
0.736465448739975,0.050554537486061424,1.2717988986409308,1.2142535652005348,1.4993637331675649,0.5587580241227753,Placed,1.3540388776493464,1,1
1.688677522732241,1.611519271292134,1.2717988986409308,1.2142535652005348,0.34222644911031613,0.8069893158657431,Placed,1.8845278153799556,1,1
0.577763436407931,0.050554537486061424,1.2717988986409308,1.2142535652005348,1.113651305148482,0.8069893158657431,Placed,1.3540388776493464,1,1
1.3712734980681531,1.611519271292134,1.2717988986409308,1.2142535652005348,-0.0434859789087668,1.3034518993516808,Placed,1.8845278153799556,1,1
1.3712734980681531,-1.5104101963200112,0.09326023857568026,-1.0318557299675197,1.4993637331675649,0.31052673237980744,Placed,-0.944746519183293,1,0
0.736465448739975,-1.5104101963200112,0.09326023857568026,0.09119891761650768,-0.4291984069278497,-0.4341671428491004,Placed,-0.41425758145268365,1,0
-0.21574662525229105,0.050554537486061424,0.09326023857568026,0.09119891761650768,-1.7149065003247927,-0.4341671428491004,NotPlaced,0.11623135627792522,0,1
1.2125714857361094,-1.5104101963200112,-1.0852784214895703,1.2142535652005348,1.3707929238278704,1.3034518993516808,Placed,-0.5910872273628871,1,0
0.10165739941179809,0.050554537486061424,1.2717988986409308,-1.0318557299675197,-0.557769216267544,1.0552206076087132,Placed,0.2930610021881282,1,1
0.577763436407931,-1.5104101963200112,1.2717988986409308,1.2142535652005348,-0.557769216267544,1.0552206076087132,Placed,0.8235499399187379,1,0
-0.3744486375843349,-1.5104101963200112,-1.0852784214895703,-1.0318557299675197,-1.9720481190041814,-0.18593585110613037,NotPlaced,-1.6520651028241051,0,0
-0.057044612920247185,0.050554537486061424,-1.0852784214895703,0.09119891761650768,-1.9720481190041814,-1.1788610180780061,NotPlaced,-0.5910872273628871,0,1
-1.3266607115766023,0.050554537486061424,-1.0852784214895703,0.09119891761650768,-0.0434859789087668,-0.4341671428491004,NotPlaced,-0.5910872273628871,0,1
-0.057044612920247185,0.050554537486061424,1.2717988986409308,-1.0318557299675197,-1.2006232629660154,0.06229544063683744,Placed,0.2930610021881282,1,1
-0.057044612920247185,0.050554537486061424,1.2717988986409308,0.09119891761650768,-0.557769216267544,0.06229544063683744,Placed,0.8235499399187379,1,1
-1.8027667485727352,0.050554537486061424,-1.0852784214895703,-1.0318557299675197,-2.3577605470232643,-1.9235548933069118,NotPlaced,-1.121576165093496,0,1
-0.057044612920247185,0.050554537486061424,0.09326023857568026,-1.0318557299675197,-0.6863400256072383,0.31052673237980744,Placed,-0.41425758145268365,1,1
-1.8027667485727352,0.050554537486061424,-1.0852784214895703,-1.0318557299675197,1.2422221144881762,-0.9306297263350372,NotPlaced,-1.121576165093496,0,1
0.577763436407931,0.050554537486061424,-1.0852784214895703,1.2142535652005348,0.34222644911031613,-1.1788610180780061,Placed,-0.060598289632277744,1,1
-0.057044612920247185,0.050554537486061424,-1.0852784214895703,0.09119891761650768,0.4707972584500104,1.3034518993516808,Placed,-0.5910872273628871,1,1
1.3712734980681531,0.050554537486061424,1.2717988986409308,-1.0318557299675197,1.2422221144881762,0.8069893158657431,Placed,0.2930610021881282,1,1
0.4190614240758872,1.611519271292134,1.2717988986409308,2.337308212784562,0.4707972584500104,0.8069893158657431,Placed,2.4150167531105646,1,1
0.10165739941179809,0.050554537486061424,-1.0852784214895703,0.09119891761650768,-1.3291940723057099,-0.18593585110613037,NotPlaced,-0.5910872273628871,0,1
-0.3744486375843349,-1.5104101963200112,-1.0852784214895703,-1.0318557299675197,-0.1720567882484611,-1.1788610180780061,NotPlaced,-1.6520651028241051,0,0
0.10165739941179809,1.611519271292134,0.09326023857568026,-1.0318557299675197,1.4993637331675649,1.0552206076087132,Placed,0.11623135627792522,1,1
-0.057044612920247185,-1.5104101963200112,0.09326023857568026,0.09119891761650768,-0.4291984069278497,1.0552206076087132,NotPlaced,-0.41425758145268365,0,0
-0.057044612920247185,0.050554537486061424,-1.0852784214895703,-1.0318557299675197,0.0850848304309275,-0.6823984345920682,NotPlaced,-1.121576165093496,0,1
-1.6440647362406915,0.050554537486061424,-1.0852784214895703,-1.0318557299675197,-0.6863400256072383,0.8069893158657431,NotPlaced,-1.121576165093496,0,1
0.260359411743842,0.050554537486061424,-1.0852784214895703,-1.0318557299675197,-0.557769216267544,-1.1788610180780061,NotPlaced,-1.121576165093496,0,1
-0.057044612920247185,0.050554537486061424,1.2717988986409308,0.09119891761650768,-1.7149065003247927,-1.4270923098209738,NotPlaced,0.8235499399187379,0,1
-0.5331506499163802,-1.5104101963200112,-1.0852784214895703,-1.0318557299675197,-0.8149108349469326,-0.6823984345920682,NotPlaced,-1.6520651028241051,0,0
0.8951674610720188,0.050554537486061424,-1.0852784214895703,0.09119891761650768,-1.843477309664487,-1.4270923098209738,NotPlaced,-0.5910872273628871,0,1
1.2125714857361094,1.611519271292134,-1.0852784214895703,1.2142535652005348,1.4993637331675649,0.5587580241227753,Placed,0.46989064809833114,1,1
-1.8027667485727352,0.050554537486061424,0.09326023857568026,0.09119891761650768,-0.8149108349469326,0.31052673237980744,NotPlaced,0.11623135627792522,0,1
1.0538694734040654,0.050554537486061424,0.09326023857568026,0.09119891761650768,0.34222644911031613,0.8069893158657431,Placed,0.11623135627792522,1,1
0.10165739941179809,0.050554537486061424,0.09326023857568026,-1.0318557299675197,-0.3006275975881554,0.8069893158657431,NotPlaced,-0.41425758145268365,0,1
0.10165739941179809,1.611519271292134,-1.0852784214895703,-1.0318557299675197,0.2136556397706218,-1.1788610180780061,Placed,-0.5910872273628871,1,1
1.2125714857361094,-1.5104101963200112,0.09326023857568026,1.2142535652005348,0.2136556397706218,-0.4341671428491004,Placed,0.11623135627792522,1,0
-1.167958699244557,-1.5104101963200112,-1.0852784214895703,0.09119891761650768,-0.557769216267544,1.3034518993516808,NotPlaced,-1.121576165093496,0,0
0.736465448739975,0.050554537486061424,0.09326023857568026,1.2142535652005348,-0.0434859789087668,1.0552206076087132,NotPlaced,0.6467202940085341,0,1
-0.057044612920247185,-1.5104101963200112,1.2717988986409308,1.2142535652005348,-0.8149108349469326,0.8069893158657431,NotPlaced,0.8235499399187379,0,0
0.4190614240758872,1.611519271292134,-1.0852784214895703,-1.0318557299675197,1.2422221144881762,0.5587580241227753,NotPlaced,-0.5910872273628871,0,1
-0.057044612920247185,0.050554537486061424,0.09326023857568026,-1.0318557299675197,-1.7149065003247927,-2.4200174767928493,NotPlaced,-0.41425758145268365,0,1
-1.6440647362406915,0.050554537486061424,0.09326023857568026,0.09119891761650768,-1.2006232629660154,-1.6753236015639428,NotPlaced,0.11623135627792522,0,1
1.3712734980681531,0.050554537486061424,1.2717988986409308,0.09119891761650768,-0.8149108349469326,-0.4341671428491004,Placed,0.8235499399187379,1,1
-1.8027667485727352,0.050554537486061424,1.2717988986409308,1.2142535652005348,-0.4291984069278497,1.0552206076087132,NotPlaced,1.3540388776493464,0,1
1.8473795350642876,0.050554537486061424,1.2717988986409308,-1.0318557299675197,0.9850804958087876,0.8069893158657431,Placed,0.2930610021881282,1,1
-0.21574662525229105,0.050554537486061424,-1.0852784214895703,0.09119891761650768,-1.5863356909850983,0.31052673237980744,NotPlaced,-0.5910872273628871,0,1
-0.3744486375843349,-1.5104101963200112,0.09326023857568026,-1.0318557299675197,-0.6863400256072383,-1.4270923098209738,NotPlaced,-0.944746519183293,0,0
-0.3744486375843349,1.611519271292134,1.2717988986409308,0.09119891761650768,0.0850848304309275,0.31052673237980744,NotPlaced,1.3540388776493464,0,1
-0.21574662525229105,0.050554537486061424,-1.0852784214895703,-1.0318557299675197,-1.843477309664487,-1.9235548933069118,NotPlaced,-1.121576165093496,0,1
0.736465448739975,0.050554537486061424,1.2717988986409308,0.09119891761650768,1.2422221144881762,0.31052673237980744,Placed,0.8235499399187379,1,1
-0.5331506499163802,0.050554537486061424,0.09326023857568026,0.09119891761650768,-0.557769216267544,-0.9306297263350372,NotPlaced,0.11623135627792522,0,1
1.2125714857361094,1.611519271292134,1.2717988986409308,1.2142535652005348,1.3707929238278704,-0.4341671428491004,Placed,1.8845278153799556,1,1
-1.8027667485727352,0.050554537486061424,-1.0852784214895703,-1.0318557299675197,-2.3577605470232643,-0.9306297263350372,NotPlaced,-1.121576165093496,0,1
-1.8027667485727352,0.050554537486061424,-1.0852784214895703,0.09119891761650768,-0.4291984069278497,-1.6753236015639428,NotPlaced,-0.5910872273628871,0,1
0.260359411743842,1.611519271292134,1.2717988986409308,2.337308212784562,0.2136556397706218,0.31052673237980744,Placed,2.4150167531105646,1,1
-1.6440647362406915,0.050554537486061424,1.2717988986409308,1.2142535652005348,0.0850848304309275,0.8069893158657431,Placed,1.3540388776493464,1,1
0.10165739941179809,0.050554537486061424,0.09326023857568026,1.2142535652005348,0.2136556397706218,0.5587580241227753,Placed,0.6467202940085341,1,1
1.2125714857361094,0.050554537486061424,-1.0852784214895703,0.09119891761650768,-1.0720524536263212,1.3034518993516808,NotPlaced,-0.5910872273628871,0,1
-0.057044612920247185,-1.5104101963200112,-1.0852784214895703,0.09119891761650768,-0.3006275975881554,-1.1788610180780061,NotPlaced,-1.121576165093496,0,0
-0.3744486375843349,0.050554537486061424,1.2717988986409308,1.2142535652005348,-1.0720524536263212,0.31052673237980744,NotPlaced,1.3540388776493464,0,1
0.260359411743842,1.611519271292134,-1.0852784214895703,0.09119891761650768,-0.1720567882484611,-0.18593585110613037,NotPlaced,-0.06059828963227817,0,1
-0.057044612920247185,1.611519271292134,-1.0852784214895703,0.09119891761650768,-0.3006275975881554,-1.9235548933069118,NotPlaced,-0.06059828963227817,0,1
-1.3266607115766023,0.050554537486061424,-1.0852784214895703,0.09119891761650768,-1.5863356909850983,-0.4341671428491004,NotPlaced,-0.5910872273628871,0,1
-0.3744486375843349,0.050554537486061424,-1.0852784214895703,0.09119891761650768,-0.4291984069278497,-1.9235548933069118,NotPlaced,-0.5910872273628871,0,1
1.0538694734040654,0.050554537486061424,0.09326023857568026,0.09119891761650768,0.34222644911031613,-0.6823984345920682,NotPlaced,0.11623135627792522,0,1
-1.3266607115766023,0.050554537486061424,-1.0852784214895703,-1.0318557299675197,-0.6863400256072383,-1.4270923098209738,NotPlaced,-1.121576165093496,0,1
-0.3744486375843349,0.050554537486061424,0.09326023857568026,0.09119891761650768,-0.943481644286627,-0.6823984345920682,Placed,0.11623135627792522,1,1
-1.8027667485727352,0.050554537486061424,0.09326023857568026,-1.0318557299675197,-0.1720567882484611,-0.6823984345920682,NotPlaced,-0.41425758145268365,0,1
0.8951674610720188,1.611519271292134,0.09326023857568026,1.2142535652005348,-1.0720524536263212,-0.18593585110613037,NotPlaced,1.177209231739143,0,1
-1.0092566869125132,0.050554537486061424,-1.0852784214895703,0.09119891761650768,-1.2006232629660154,0.8069893158657431,NotPlaced,-0.5910872273628871,0,1
0.8951674610720188,-1.5104101963200112,1.2717988986409308,1.2142535652005348,0.0850848304309275,-0.9306297263350372,NotPlaced,0.8235499399187379,0,0
-1.6440647362406915,0.050554537486061424,-1.0852784214895703,0.09119891761650768,-1.5863356909850983,-0.9306297263350372,NotPlaced,-0.5910872273628871,0,1
-0.057044612920247185,0.050554537486061424,0.09326023857568026,-1.0318557299675197,-1.7149065003247927,1.3034518993516808,NotPlaced,-0.41425758145268365,0,1
-0.3744486375843349,-1.5104101963200112,1.2717988986409308,-1.0318557299675197,0.5993680677897048,-1.9235548933069118,Placed,-0.2374279355424807,1,0
-0.21574662525229105,-1.5104101963200112,-1.0852784214895703,0.09119891761650768,-1.0720524536263212,-0.9306297263350372,NotPlaced,-1.121576165093496,0,0
0.8951674610720188,-1.5104101963200112,1.2717988986409308,1.2142535652005348,-0.0434859789087668,0.5587580241227753,Placed,0.8235499399187379,1,0
1.529975510400197,0.050554537486061424,0.09326023857568026,0.09119891761650768,0.5993680677897048,0.8069893158657431,NotPlaced,0.11623135627792522,0,1
0.736465448739975,0.050554537486061424,1.2717988986409308,-1.0318557299675197,-1.2006232629660154,-0.9306297263350372,NotPlaced,0.2930610021881282,0,1
1.2125714857361094,0.050554537486061424,-1.0852784214895703,-1.0318557299675197,0.2136556397706218,0.8069893158657431,NotPlaced,-1.121576165093496,0,1
-0.057044612920247185,0.050554537486061424,-1.0852784214895703,1.2142535652005348,1.3707929238278704,1.3034518993516808,NotPlaced,-0.060598289632277744,0,1
-0.5331506499163802,0.050554537486061424,-1.0852784214895703,-1.0318557299675197,-1.5863356909850983,-1.4270923098209738,NotPlaced,-1.121576165093496,0,1
0.4190614240758872,-1.5104101963200112,1.2717988986409308,-1.0318557299675197,-0.4291984069278497,-1.6753236015639428,Placed,-0.2374279355424807,1,0
-0.3744486375843349,0.050554537486061424,-1.0852784214895703,0.09119891761650768,-1.7149065003247927,0.5587580241227753,NotPlaced,-0.5910872273628871,0,1
-0.21574662525229105,0.050554537486061424,1.2717988986409308,-1.0318557299675197,-0.0434859789087668,0.5587580241227753,NotPlaced,0.2930610021881282,0,1
0.4190614240758872,0.050554537486061424,-1.0852784214895703,-1.0318557299675197,-0.4291984069278497,0.06229544063683744,Placed,-1.121576165093496,1,1
-0.3744486375843349,0.050554537486061424,-1.0852784214895703,-1.0318557299675197,-2.22918973768357,-0.4341671428491004,Placed,-1.121576165093496,1,1
-0.8505546745804693,-1.5104101963200112,-1.0852784214895703,-1.0318557299675197,1.4993637331675649,0.5587580241227753,NotPlaced,-1.6520651028241051,0,0
1.0538694734040654,0.050554537486061424,0.09326023857568026,1.2142535652005348,0.4707972584500104,0.8069893158657431,Placed,0.6467202940085341,1,1
-0.21574662525229105,0.050554537486061424,-1.0852784214895703,-1.0318557299675197,0.34222644911031613,-1.6753236015639428,NotPlaced,-1.121576165093496,0,1
-1.167958699244557,0.050554537486061424,1.2717988986409308,1.2142535652005348,1.4993637331675649,1.3034518993516808,Placed,1.3540388776493464,1,1
-0.3744486375843349,0.050554537486061424,1.2717988986409308,-1.0318557299675197,0.34222644911031613,1.0552206076087132,Placed,0.2930610021881282,1,1
1.2125714857361094,1.611519271292134,1.2717988986409308,0.09119891761650768,0.5993680677897048,0.8069893158657431,Placed,1.3540388776493464,1,1
1.688677522732241,-1.5104101963200112,1.2717988986409308,-1.0318557299675197,0.8565096864690933,1.3034518993516808,Placed,-0.2374279355424807,1,0
-1.8027667485727352,-1.5104101963200112,-1.0852784214895703,-1.0318557299675197,-0.4291984069278497,0.5587580241227753,NotPlaced,-1.6520651028241051,0,0
0.577763436407931,1.611519271292134,1.2717988986409308,1.2142535652005348,1.113651305148482,0.31052673237980744,NotPlaced,1.8845278153799556,0,1
-1.4853627239086462,0.050554537486061424,-1.0852784214895703,-1.0318557299675197,-0.0434859789087668,-1.4270923098209738,NotPlaced,-1.121576165093496,0,1
-0.21574662525229105,0.050554537486061424,0.09326023857568026,0.09119891761650768,-1.457764881645404,-1.1788610180780061,NotPlaced,0.11623135627792522,0,1
-1.8027667485727352,-1.5104101963200112,1.2717988986409308,1.2142535652005348,0.8565096864690933,1.0552206076087132,Placed,0.8235499399187379,1,0
1.3712734980681531,0.050554537486061424,0.09326023857568026,0.09119891761650768,-0.3006275975881554,-1.1788610180780061,NotPlaced,0.11623135627792522,0,1
1.3712734980681531,1.611519271292134,0.09326023857568026,-1.0318557299675197,0.0850848304309275,-1.4270923098209738,NotPlaced,0.11623135627792522,0,1
1.0538694734040654,0.050554537486061424,1.2717988986409308,1.2142535652005348,1.3707929238278704,0.31052673237980744,Placed,1.3540388776493464,1,1
1.529975510400197,0.050554537486061424,1.2717988986409308,-1.0318557299675197,1.4993637331675649,1.3034518993516808,Placed,0.2930610021881282,1,1
-1.8027667485727352,0.050554537486061424,0.09326023857568026,0.09119891761650768,-0.3006275975881554,-0.4341671428491004,NotPlaced,0.11623135627792522,0,1
-0.3744486375843349,-1.5104101963200112,0.09326023857568026,-1.0318557299675197,0.8565096864690933,0.31052673237980744,NotPlaced,-0.944746519183293,0,0
2.0060815473963314,1.611519271292134,1.2717988986409308,-1.0318557299675197,1.4993637331675649,1.3034518993516808,Placed,0.8235499399187379,1,1
0.260359411743842,0.050554537486061424,1.2717988986409308,0.09119891761650768,0.2136556397706218,-0.18593585110613037,NotPlaced,0.8235499399187379,0,1
0.736465448739975,0.050554537486061424,1.2717988986409308,1.2142535652005348,0.4707972584500104,1.0552206076087132,Placed,1.3540388776493464,1,1
-1.8027667485727352,0.050554537486061424,0.09326023857568026,-1.0318557299675197,-1.7149065003247927,0.31052673237980744,NotPlaced,-0.41425758145268365,0,1
1.0538694734040654,-1.5104101963200112,1.2717988986409308,2.337308212784562,1.3707929238278704,1.3034518993516808,Placed,1.3540388776493464,1,0
-1.167958699244557,-1.5104101963200112,0.09326023857568026,1.2142535652005348,-0.4291984069278497,0.06229544063683744,NotPlaced,0.11623135627792522,0,0
1.0538694734040654,1.611519271292134,0.09326023857568026,0.09119891761650768,1.113651305148482,0.5587580241227753,NotPlaced,0.6467202940085345,0,1
-1.8027667485727352,0.050554537486061424,-1.0852784214895703,-1.0318557299675197,-0.4291984069278497,-2.4200174767928493,NotPlaced,-1.121576165093496,0,1
0.260359411743842,1.611519271292134,1.2717988986409308,1.2142535652005348,1.113651305148482,1.3034518993516808,NotPlaced,1.8845278153799556,0,1
0.8951674610720188,0.050554537486061424,0.09326023857568026,1.2142535652005348,0.2136556397706218,0.31052673237980744,Placed,0.6467202940085341,1,1
-1.6440647362406915,0.050554537486061424,-1.0852784214895703,-1.0318557299675197,-0.8149108349469326,-0.18593585110613037,NotPlaced,-1.121576165093496,0,1
-0.5331506499163802,0.050554537486061424,0.09326023857568026,1.2142535652005348,-0.4291984069278497,0.8069893158657431,Placed,0.6467202940085341,1,1
-1.8027667485727352,-1.5104101963200112,0.09326023857568026,-1.0318557299675197,0.34222644911031613,-1.4270923098209738,Placed,-0.944746519183293,1,0
0.4190614240758872,1.611519271292134,1.2717988986409308,0.09119891761650768,0.4707972584500104,-0.18593585110613037,NotPlaced,1.3540388776493464,0,1
1.2125714857361094,-1.5104101963200112,1.2717988986409308,1.2142535652005348,-0.4291984069278497,1.3034518993516808,NotPlaced,0.8235499399187379,0,0
0.577763436407931,1.611519271292134,1.2717988986409308,0.09119891761650768,-1.2006232629660154,-0.9306297263350372,NotPlaced,1.3540388776493464,0,1
1.2125714857361094,0.050554537486061424,1.2717988986409308,1.2142535652005348,1.4993637331675649,0.5587580241227753,Placed,1.3540388776493464,1,1
0.8951674610720188,-1.5104101963200112,-1.0852784214895703,-1.0318557299675197,-1.2006232629660154,1.3034518993516808,NotPlaced,-1.6520651028241051,0,0
0.736465448739975,0.050554537486061424,-1.0852784214895703,1.2142535652005348,-0.1720567882484611,1.3034518993516808,Placed,-0.060598289632277744,1,1
-0.057044612920247185,0.050554537486061424,0.09326023857568026,-1.0318557299675197,0.9850804958087876,1.0552206076087132,NotPlaced,-0.41425758145268365,0,1
-0.21574662525229105,0.050554537486061424,-1.0852784214895703,0.09119891761650768,-0.943481644286627,-0.6823984345920682,NotPlaced,-0.5910872273628871,0,1
-0.5331506499163802,0.050554537486061424,1.2717988986409308,-1.0318557299675197,0.2136556397706218,-0.18593585110613037,NotPlaced,0.2930610021881282,0,1
-1.167958699244557,0.050554537486061424,0.09326023857568026,0.09119891761650768,-0.557769216267544,-0.4341671428491004,NotPlaced,0.11623135627792522,0,1
-0.5331506499163802,-1.5104101963200112,-1.0852784214895703,-1.0318557299675197,-0.0434859789087668,-1.6753236015639428,NotPlaced,-1.6520651028241051,0,0
0.260359411743842,1.611519271292134,1.2717988986409308,-1.0318557299675197,-0.4291984069278497,0.5587580241227753,Placed,0.8235499399187379,1,1
-0.057044612920247185,0.050554537486061424,0.09326023857568026,-1.0318557299675197,0.9850804958087876,-0.6823984345920682,NotPlaced,-0.41425758145268365,0,1
-0.21574662525229105,1.611519271292134,-1.0852784214895703,0.09119891761650768,0.2136556397706218,0.06229544063683744,NotPlaced,-0.06059828963227817,0,1
-0.21574662525229105,0.050554537486061424,-1.0852784214895703,-1.0318557299675197,-1.5863356909850983,-0.4341671428491004,NotPlaced,-1.121576165093496,0,1
1.2125714857361094,-1.5104101963200112,1.2717988986409308,1.2142535652005348,1.113651305148482,-0.6823984345920682,Placed,0.8235499399187379,1,0
-0.5331506499163802,0.050554537486061424,-1.0852784214895703,0.09119891761650768,-0.0434859789087668,-0.18593585110613037,NotPlaced,-0.5910872273628871,0,1
0.577763436407931,-1.5104101963200112,1.2717988986409308,1.2142535652005348,0.0850848304309275,0.8069893158657431,Placed,0.8235499399187379,1,0
-0.21574662525229105,0.050554537486061424,0.09326023857568026,-1.0318557299675197,-0.557769216267544,0.8069893158657431,NotPlaced,-0.41425758145268365,0,1
0.577763436407931,0.050554537486061424,1.2717988986409308,-1.0318557299675197,0.9850804958087876,0.31052673237980744,NotPlaced,0.2930610021881282,0,1
-0.057044612920247185,0.050554537486061424,0.09326023857568026,1.2142535652005348,-0.1720567882484611,-0.6823984345920682,NotPlaced,0.6467202940085341,0,1
0.260359411743842,0.050554537486061424,0.09326023857568026,-1.0318557299675197,0.4707972584500104,-0.9306297263350372,NotPlaced,-0.41425758145268365,0,1
-1.6440647362406915,0.050554537486061424,-1.0852784214895703,-1.0318557299675197,-0.943481644286627,-0.4341671428491004,NotPlaced,-1.121576165093496,0,1
0.736465448739975,0.050554537486061424,1.2717988986409308,0.09119891761650768,1.4993637331675649,0.8069893158657431,Placed,0.8235499399187379,1,1
-0.21574662525229105,0.050554537486061424,-1.0852784214895703,1.2142535652005348,-0.4291984069278497,-0.6823984345920682,NotPlaced,-0.060598289632277744,0,1
-1.6440647362406915,-1.5104101963200112,-1.0852784214895703,0.09119891761650768,-0.8149108349469326,-0.9306297263350372,NotPlaced,-1.121576165093496,0,0
-1.3266607115766023,-1.5104101963200112,1.2717988986409308,0.09119891761650768,-0.557769216267544,0.5587580241227753,Placed,0.2930610021881282,1,0
0.736465448739975,0.050554537486061424,1.2717988986409308,1.2142535652005348,-0.4291984069278497,-0.9306297263350372,NotPlaced,1.3540388776493464,0,1
-0.3744486375843349,1.611519271292134,-1.0852784214895703,0.09119891761650768,0.2136556397706218,-0.4341671428491004,NotPlaced,-0.06059828963227817,0,1
0.10165739941179809,0.050554537486061424,-1.0852784214895703,-1.0318557299675197,-0.557769216267544,-0.6823984345920682,Placed,-1.121576165093496,1,1
1.3712734980681531,1.611519271292134,1.2717988986409308,2.337308212784562,0.0850848304309275,-0.4341671428491004,NotPlaced,2.4150167531105646,0,1
0.8951674610720188,1.611519271292134,-1.0852784214895703,1.2142535652005348,1.4993637331675649,1.3034518993516808,NotPlaced,0.46989064809833114,0,1
0.736465448739975,0.050554537486061424,0.09326023857568026,1.2142535652005348,-0.557769216267544,0.31052673237980744,Placed,0.6467202940085341,1,1
-1.8027667485727352,0.050554537486061424,-1.0852784214895703,0.09119891761650768,-0.8149108349469326,0.31052673237980744,NotPlaced,-0.5910872273628871,0,1
-1.0092566869125132,0.050554537486061424,0.09326023857568026,-1.0318557299675197,-1.457764881645404,-1.9235548933069118,NotPlaced,-0.41425758145268365,0,1
-0.21574662525229105,1.611519271292134,1.2717988986409308,1.2142535652005348,0.8565096864690933,0.06229544063683744,NotPlaced,1.8845278153799556,0,1
-0.21574662525229105,0.050554537486061424,-1.0852784214895703,-1.0318557299675197,-1.2006232629660154,-1.4270923098209738,NotPlaced,-1.121576165093496,0,1
-1.8027667485727352,0.050554537486061424,0.09326023857568026,0.09119891761650768,-0.0434859789087668,0.31052673237980744,NotPlaced,0.11623135627792522,0,1
-1.4853627239086462,-1.5104101963200112,-1.0852784214895703,0.09119891761650768,-0.4291984069278497,-2.6682487685358174,NotPlaced,-1.121576165093496,0,0
-1.8027667485727352,0.050554537486061424,0.09326023857568026,-1.0318557299675197,-1.3291940723057099,0.31052673237980744,Placed,-0.41425758145268365,1,1
0.736465448739975,0.050554537486061424,0.09326023857568026,1.2142535652005348,0.5993680677897048,1.3034518993516808,Placed,0.6467202940085341,1,1
-0.21574662525229105,0.050554537486061424,0.09326023857568026,0.09119891761650768,0.8565096864690933,1.3034518993516808,NotPlaced,0.11623135627792522,0,1
0.260359411743842,0.050554537486061424,-1.0852784214895703,-1.0318557299675197,-1.2006232629660154,1.0552206076087132,NotPlaced,-1.121576165093496,0,1
-0.3744486375843349,0.050554537486061424,0.09326023857568026,1.2142535652005348,0.8565096864690933,-1.9235548933069118,Placed,0.6467202940085341,1,1
-0.21574662525229105,-1.5104101963200112,1.2717988986409308,1.2142535652005348,1.4993637331675649,1.3034518993516808,Placed,0.8235499399187379,1,0
-1.167958699244557,0.050554537486061424,-1.0852784214895703,0.09119891761650768,-0.557769216267544,0.06229544063683744,NotPlaced,-0.5910872273628871,0,1
-0.5331506499163802,1.611519271292134,1.2717988986409308,1.2142535652005348,1.4993637331675649,-0.6823984345920682,Placed,1.8845278153799556,1,1
-0.3744486375843349,0.050554537486061424,-1.0852784214895703,-1.0318557299675197,0.2136556397706218,-0.4341671428491004,NotPlaced,-1.121576165093496,0,1
-0.21574662525229105,0.050554537486061424,-1.0852784214895703,1.2142535652005348,0.4707972584500104,0.5587580241227753,Placed,-0.060598289632277744,1,1
-0.5331506499163802,0.050554537486061424,-1.0852784214895703,0.09119891761650768,-1.457764881645404,-2.1717861850498807,NotPlaced,-0.5910872273628871,0,1
-1.8027667485727352,-1.5104101963200112,0.09326023857568026,1.2142535652005348,-0.557769216267544,0.06229544063683744,NotPlaced,0.11623135627792522,0,0
1.2125714857361094,0.050554537486061424,1.2717988986409308,0.09119891761650768,0.5993680677897048,-0.18593585110613037,Placed,0.8235499399187379,1,1
-0.5331506499163802,0.050554537486061424,-1.0852784214895703,1.2142535652005348,-0.943481644286627,-0.6823984345920682,NotPlaced,-0.060598289632277744,0,1
1.529975510400197,0.050554537486061424,1.2717988986409308,0.09119891761650768,1.4993637331675649,1.3034518993516808,NotPlaced,0.8235499399187379,0,1
-1.0092566869125132,-1.5104101963200112,-1.0852784214895703,-1.0318557299675197,-1.2006232629660154,0.31052673237980744,Placed,-1.6520651028241051,1,0
-0.3744486375843349,1.611519271292134,0.09326023857568026,1.2142535652005348,1.4993637331675649,-0.4341671428491004,Placed,1.177209231739143,1,1
-1.6440647362406915,0.050554537486061424,0.09326023857568026,-1.0318557299675197,0.34222644911031613,1.3034518993516808,NotPlaced,-0.41425758145268365,0,1
-1.4853627239086462,0.050554537486061424,-1.0852784214895703,-1.0318557299675197,-0.3006275975881554,0.8069893158657431,Placed,-1.121576165093496,1,1
-1.8027667485727352,-1.5104101963200112,-1.0852784214895703,-1.0318557299675197,-0.8149108349469326,-0.4341671428491004,NotPlaced,-1.6520651028241051,0,0
-0.3744486375843349,-1.5104101963200112,1.2717988986409308,1.2142535652005348,0.2136556397706218,0.31052673237980744,NotPlaced,0.8235499399187379,0,0
0.260359411743842,0.050554537486061424,0.09326023857568026,0.09119891761650768,-0.0434859789087668,1.3034518993516808,NotPlaced,0.11623135627792522,0,1
0.10165739941179809,0.050554537486061424,-1.0852784214895703,1.2142535652005348,-1.843477309664487,0.31052673237980744,NotPlaced,-0.060598289632277744,0,1
-0.3744486375843349,1.611519271292134,-1.0852784214895703,1.2142535652005348,-2.1006189283438754,1.0552206076087132,NotPlaced,0.46989064809833114,0,1
-0.21574662525229105,-1.5104101963200112,0.09326023857568026,-1.0318557299675197,-0.0434859789087668,0.31052673237980744,NotPlaced,-0.944746519183293,0,0
0.8951674610720188,0.050554537486061424,-1.0852784214895703,1.2142535652005348,-0.4291984069278497,0.06229544063683744,Placed,-0.060598289632277744,1,1
-0.21574662525229105,-1.5104101963200112,-1.0852784214895703,0.09119891761650768,-0.0434859789087668,-1.9235548933069118,NotPlaced,-1.121576165093496,0,0
0.10165739941179809,0.050554537486061424,-1.0852784214895703,0.09119891761650768,-1.843477309664487,-0.9306297263350372,NotPlaced,-0.5910872273628871,0,1
1.2125714857361094,0.050554537486061424,0.09326023857568026,1.2142535652005348,-0.6863400256072383,0.06229544063683744,Placed,0.6467202940085341,1,1
0.260359411743842,1.611519271292134,-1.0852784214895703,-1.0318557299675197,-1.0720524536263212,-1.9235548933069118,NotPlaced,-0.5910872273628871,0,1
-1.8027667485727352,-1.5104101963200112,-1.0852784214895703,-1.0318557299675197,-1.457764881645404,-1.4270923098209738,NotPlaced,-1.6520651028241051,0,0
-0.21574662525229105,-1.5104101963200112,-1.0852784214895703,-1.0318557299675197,-1.3291940723057099,-1.6753236015639428,NotPlaced,-1.6520651028241051,0,0
0.577763436407931,0.050554537486061424,-1.0852784214895703,-1.0318557299675197,-0.4291984069278497,-0.6823984345920682,NotPlaced,-1.121576165093496,0,1
0.736465448739975,0.050554537486061424,1.2717988986409308,1.2142535652005348,1.4993637331675649,-0.18593585110613037,Placed,1.3540388776493464,1,1
-0.3744486375843349,0.050554537486061424,-1.0852784214895703,-1.0318557299675197,1.113651305148482,-1.4270923098209738,NotPlaced,-1.121576165093496,0,1
-0.21574662525229105,1.611519271292134,1.2717988986409308,-1.0318557299675197,0.34222644911031613,-0.9306297263350372,NotPlaced,0.8235499399187379,0,1
1.2125714857361094,1.611519271292134,1.2717988986409308,1.2142535652005348,1.4993637331675649,0.8069893158657431,NotPlaced,1.8845278153799556,0,1
-1.3266607115766023,-1.5104101963200112,-1.0852784214895703,0.09119891761650768,-1.9720481190041814,-1.4270923098209738,NotPlaced,-1.121576165093496,0,0
0.577763436407931,1.611519271292134,1.2717988986409308,-1.0318557299675197,0.9850804958087876,1.3034518993516808,Placed,0.8235499399187379,1,1
1.688677522732241,0.050554537486061424,1.2717988986409308,1.2142535652005348,1.113651305148482,1.3034518993516808,Placed,1.3540388776493464,1,1
-0.5331506499163802,0.050554537486061424,-1.0852784214895703,0.09119891761650768,-1.0720524536263212,-0.9306297263350372,NotPlaced,-0.5910872273628871,0,1
1.0538694734040654,0.050554537486061424,0.09326023857568026,-1.0318557299675197,0.8565096864690933,0.8069893158657431,NotPlaced,-0.41425758145268365,0,1
-0.057044612920247185,-1.5104101963200112,0.09326023857568026,-1.0318557299675197,-1.2006232629660154,-0.18593585110613037,NotPlaced,-0.944746519183293,0,0
-0.3744486375843349,-1.5104101963200112,0.09326023857568026,0.09119891761650768,-1.7149065003247927,0.31052673237980744,NotPlaced,-0.41425758145268365,0,0
-0.057044612920247185,1.611519271292134,1.2717988986409308,1.2142535652005348,1.4993637331675649,1.0552206076087132,Placed,1.8845278153799556,1,1
0.260359411743842,-1.5104101963200112,0.09326023857568026,1.2142535652005348,1.4993637331675649,1.3034518993516808,Placed,0.11623135627792522,1,0
1.2125714857361094,-1.5104101963200112,1.2717988986409308,1.2142535652005348,1.2422221144881762,-1.4270923098209738,Placed,0.8235499399187379,1,0
-1.4853627239086462,-1.5104101963200112,-1.0852784214895703,-1.0318557299675197,-2.3577605470232643,-0.9306297263350372,NotPlaced,-1.6520651028241051,0,0
1.688677522732241,-1.5104101963200112,1.2717988986409308,0.09119891761650768,1.4993637331675649,0.8069893158657431,Placed,0.2930610021881282,1,0
0.260359411743842,0.050554537486061424,0.09326023857568026,0.09119891761650768,-1.3291940723057099,-0.9306297263350372,NotPlaced,0.11623135627792522,0,1
-1.4853627239086462,0.050554537486061424,-1.0852784214895703,0.09119891761650768,-1.5863356909850983,-1.6753236015639428,NotPlaced,-0.5910872273628871,0,1
-0.057044612920247185,-1.5104101963200112,-1.0852784214895703,-1.0318557299675197,0.4707972584500104,-0.9306297263350372,NotPlaced,-1.6520651028241051,0,0
0.577763436407931,0.050554537486061424,1.2717988986409308,-1.0318557299675197,0.5993680677897048,-0.4341671428491004,Placed,0.2930610021881282,1,1
-1.6440647362406915,1.611519271292134,-1.0852784214895703,-1.0318557299675197,-1.457764881645404,-0.9306297263350372,NotPlaced,-0.5910872273628871,0,1
0.260359411743842,0.050554537486061424,-1.0852784214895703,-1.0318557299675197,0.0850848304309275,-0.6823984345920682,NotPlaced,-1.121576165093496,0,1
-1.4853627239086462,0.050554537486061424,-1.0852784214895703,0.09119891761650768,-1.2006232629660154,-1.9235548933069118,NotPlaced,-0.5910872273628871,0,1
1.0538694734040654,0.050554537486061424,1.2717988986409308,0.09119891761650768,1.113651305148482,0.31052673237980744,Placed,0.8235499399187379,1,1
-0.3744486375843349,0.050554537486061424,1.2717988986409308,-1.0318557299675197,0.5993680677897048,1.0552206076087132,NotPlaced,0.2930610021881282,0,1
2.0060815473963314,-1.5104101963200112,-1.0852784214895703,1.2142535652005348,0.2136556397706218,1.3034518993516808,Placed,-0.5910872273628871,1,0
-0.3744486375843349,1.611519271292134,-1.0852784214895703,0.09119891761650768,-1.7149065003247927,-2.6682487685358174,NotPlaced,-0.06059828963227817,0,1
0.8951674610720188,0.050554537486061424,1.2717988986409308,1.2142535652005348,0.34222644911031613,1.3034518993516808,Placed,1.3540388776493464,1,1
0.10165739941179809,0.050554537486061424,0.09326023857568026,-1.0318557299675197,-0.0434859789087668,-0.9306297263350372,NotPlaced,-0.41425758145268365,0,1
-0.3744486375843349,0.050554537486061424,-1.0852784214895703,0.09119891761650768,0.2136556397706218,-0.18593585110613037,Placed,-0.5910872273628871,1,1
0.260359411743842,0.050554537486061424,-1.0852784214895703,1.2142535652005348,0.4707972584500104,-0.18593585110613037,NotPlaced,-0.060598289632277744,0,1
1.529975510400197,0.050554537486061424,1.2717988986409308,1.2142535652005348,1.4993637331675649,1.3034518993516808,NotPlaced,1.3540388776493464,0,1
-0.21574662525229105,1.611519271292134,1.2717988986409308,1.2142535652005348,1.4993637331675649,-0.4341671428491004,Placed,1.8845278153799556,1,1
1.688677522732241,1.611519271292134,1.2717988986409308,2.337308212784562,1.4993637331675649,1.0552206076087132,Placed,2.4150167531105646,1,1
-1.4853627239086462,0.050554537486061424,-1.0852784214895703,-1.0318557299675197,-2.3577605470232643,-1.4270923098209738,NotPlaced,-1.121576165093496,0,1
-1.8027667485727352,0.050554537486061424,0.09326023857568026,0.09119891761650768,-1.7149065003247927,0.8069893158657431,NotPlaced,0.11623135627792522,0,1
0.8951674610720188,0.050554537486061424,1.2717988986409308,-1.0318557299675197,0.2136556397706218,0.5587580241227753,Placed,0.2930610021881282,1,1
-0.21574662525229105,0.050554537486061424,-1.0852784214895703,2.337308212784562,0.0850848304309275,0.5587580241227753,NotPlaced,0.46989064809833114,0,1
-1.167958699244557,0.050554537486061424,-1.0852784214895703,-1.0318557299675197,-0.0434859789087668,0.06229544063683744,NotPlaced,-1.121576165093496,0,1
0.577763436407931,0.050554537486061424,-1.0852784214895703,0.09119891761650768,-0.0434859789087668,0.31052673237980744,NotPlaced,-0.5910872273628871,0,1
-1.8027667485727352,-1.5104101963200112,0.09326023857568026,0.09119891761650768,0.2136556397706218,-0.9306297263350372,NotPlaced,-0.41425758145268365,0,0
-0.21574662525229105,-1.5104101963200112,0.09326023857568026,-1.0318557299675197,-1.0720524536263212,-1.9235548933069118,Placed,-0.944746519183293,1,0
1.0538694734040654,0.050554537486061424,1.2717988986409308,1.2142535652005348,1.3707929238278704,1.3034518993516808,Placed,1.3540388776493464,1,1
-0.057044612920247185,0.050554537486061424,-1.0852784214895703,0.09119891761650768,-0.1720567882484611,-0.18593585110613037,NotPlaced,-0.5910872273628871,0,1
1.2125714857361094,0.050554537486061424,0.09326023857568026,0.09119891761650768,-0.1720567882484611,-0.6823984345920682,NotPlaced,0.11623135627792522,0,1
-1.0092566869125132,0.050554537486061424,-1.0852784214895703,0.09119891761650768,-0.557769216267544,0.31052673237980744,Placed,-0.5910872273628871,1,1
-1.8027667485727352,0.050554537486061424,1.2717988986409308,0.09119891761650768,0.0850848304309275,-0.18593585110613037,NotPlaced,0.8235499399187379,0,1
-1.3266607115766023,-1.5104101963200112,0.09326023857568026,-1.0318557299675197,-1.0720524536263212,-0.18593585110613037,NotPlaced,-0.944746519183293,0,0
-1.0092566869125132,-1.5104101963200112,-1.0852784214895703,0.09119891761650768,-1.9720481190041814,-0.9306297263350372,NotPlaced,-1.121576165093496,0,0
0.736465448739975,0.050554537486061424,1.2717988986409308,1.2142535652005348,1.3707929238278704,1.3034518993516808,Placed,1.3540388776493464,1,1
-1.8027667485727352,0.050554537486061424,-1.0852784214895703,-1.0318557299675197,1.2422221144881762,-0.6823984345920682,Placed,-1.121576165093496,1,1
-1.8027667485727352,-1.5104101963200112,0.09326023857568026,-1.0318557299675197,-0.0434859789087668,0.06229544063683744,Placed,-0.944746519183293,1,0
0.736465448739975,0.050554537486061424,0.09326023857568026,-1.0318557299675197,1.2422221144881762,0.8069893158657431,Placed,-0.41425758145268365,1,1
-0.5331506499163802,0.050554537486061424,-1.0852784214895703,-1.0318557299675197,0.2136556397706218,-1.1788610180780061,Placed,-1.121576165093496,1,1
-0.5331506499163802,-1.5104101963200112,-1.0852784214895703,-1.0318557299675197,-1.0720524536263212,0.31052673237980744,NotPlaced,-1.6520651028241051,0,0
-0.21574662525229105,0.050554537486061424,-1.0852784214895703,0.09119891761650768,0.0850848304309275,-1.6753236015639428,NotPlaced,-0.5910872273628871,0,1
-0.21574662525229105,-1.5104101963200112,1.2717988986409308,1.2142535652005348,-0.8149108349469326,1.0552206076087132,Placed,0.8235499399187379,1,0
-0.3744486375843349,-1.5104101963200112,-1.0852784214895703,-1.0318557299675197,-2.3577605470232643,-2.1717861850498807,NotPlaced,-1.6520651028241051,0,0
-0.21574662525229105,0.050554537486061424,1.2717988986409308,0.09119891761650768,-0.8149108349469326,0.31052673237980744,NotPlaced,0.8235499399187379,0,1
-0.21574662525229105,0.050554537486061424,-1.0852784214895703,0.09119891761650768,-1.7149065003247927,-0.9306297263350372,NotPlaced,-0.5910872273628871,0,1
1.0538694734040654,1.611519271292134,1.2717988986409308,-1.0318557299675197,1.113651305148482,1.3034518993516808,Placed,0.8235499399187379,1,1
-0.057044612920247185,0.050554537486061424,-1.0852784214895703,-1.0318557299675197,0.727938877129399,-0.4341671428491004,NotPlaced,-1.121576165093496,0,1
-0.057044612920247185,1.611519271292134,1.2717988986409308,-1.0318557299675197,-0.0434859789087668,1.3034518993516808,Placed,0.8235499399187379,1,1
-0.8505546745804693,1.611519271292134,-1.0852784214895703,0.09119891761650768,-0.1720567882484611,0.31052673237980744,Placed,-0.06059828963227817,1,1
-1.4853627239086462,0.050554537486061424,0.09326023857568026,2.337308212784562,-1.2006232629660154,0.8069893158657431,NotPlaced,1.177209231739143,0,1
-0.3744486375843349,0.050554537486061424,-1.0852784214895703,-1.0318557299675197,-1.7149065003247927,-1.4270923098209738,NotPlaced,-1.121576165093496,0,1
-1.0092566869125132,-1.5104101963200112,-1.0852784214895703,2.337308212784562,0.9850804958087876,-0.18593585110613037,NotPlaced,-0.06059828963227817,0,0
0.10165739941179809,-1.5104101963200112,-1.0852784214895703,-1.0318557299675197,-0.6863400256072383,-1.6753236015639428,NotPlaced,-1.6520651028241051,0,0
0.577763436407931,1.611519271292134,1.2717988986409308,0.09119891761650768,1.4993637331675649,1.3034518993516808,Placed,1.3540388776493464,1,1
-0.3744486375843349,0.050554537486061424,-1.0852784214895703,-1.0318557299675197,-0.557769216267544,-0.9306297263350372,NotPlaced,-1.121576165093496,0,1
-0.057044612920247185,-1.5104101963200112,-1.0852784214895703,-1.0318557299675197,-0.4291984069278497,-0.6823984345920682,NotPlaced,-1.6520651028241051,0,0
1.529975510400197,0.050554537486061424,-1.0852784214895703,1.2142535652005348,-0.1720567882484611,0.8069893158657431,Placed,-0.060598289632277744,1,1
-0.691852662248424,-1.5104101963200112,0.09326023857568026,-1.0318557299675197,0.4707972584500104,-0.9306297263350372,Placed,-0.944746519183293,1,0
1.529975510400197,-1.5104101963200112,1.2717988986409308,1.2142535652005348,0.8565096864690933,1.0552206076087132,Placed,0.8235499399187379,1,0
0.577763436407931,0.050554537486061424,0.09326023857568026,0.09119891761650768,0.2136556397706218,-2.1717861850498807,NotPlaced,0.11623135627792522,0,1
-0.057044612920247185,-1.5104101963200112,0.09326023857568026,-1.0318557299675197,-0.943481644286627,0.06229544063683744,NotPlaced,-0.944746519183293,0,0
0.4190614240758872,-1.5104101963200112,-1.0852784214895703,0.09119891761650768,-0.1720567882484611,-0.18593585110613037,NotPlaced,-1.121576165093496,0,0
-0.057044612920247185,0.050554537486061424,-1.0852784214895703,0.09119891761650768,0.8565096864690933,-0.4341671428491004,NotPlaced,-0.5910872273628871,0,1
-0.057044612920247185,0.050554537486061424,0.09326023857568026,-1.0318557299675197,0.2136556397706218,-0.6823984345920682,NotPlaced,-0.41425758145268365,0,1
-0.8505546745804693,-1.5104101963200112,-1.0852784214895703,0.09119891761650768,-1.2006232629660154,-1.4270923098209738,NotPlaced,-1.121576165093496,0,0
0.10165739941179809,-1.5104101963200112,-1.0852784214895703,-1.0318557299675197,-1.9720481190041814,-0.6823984345920682,Placed,-1.6520651028241051,1,0
-0.057044612920247185,0.050554537486061424,-1.0852784214895703,-1.0318557299675197,1.2422221144881762,-0.9306297263350372,NotPlaced,-1.121576165093496,0,1
-0.3744486375843349,0.050554537486061424,-1.0852784214895703,0.09119891761650768,0.9850804958087876,-0.18593585110613037,NotPlaced,-0.5910872273628871,0,1
-0.057044612920247185,0.050554537486061424,0.09326023857568026,0.09119891761650768,-2.22918973768357,-2.6682487685358174,NotPlaced,0.11623135627792522,0,1
-0.057044612920247185,0.050554537486061424,-2.2638170815548206,0.09119891761650768,-0.4291984069278497,1.3034518993516808,Placed,-1.298405811003699,1,1
0.10165739941179809,0.050554537486061424,1.2717988986409308,1.2142535652005348,0.9850804958087876,1.0552206076087132,Placed,1.3540388776493464,1,1
-1.4853627239086462,0.050554537486061424,-1.0852784214895703,0.09119891761650768,0.34222644911031613,0.5587580241227753,NotPlaced,-0.5910872273628871,0,1
-1.167958699244557,1.611519271292134,0.09326023857568026,1.2142535652005348,-0.8149108349469326,-1.4270923098209738,NotPlaced,1.177209231739143,0,1
0.577763436407931,-1.5104101963200112,0.09326023857568026,0.09119891761650768,-0.557769216267544,-0.4341671428491004,Placed,-0.41425758145268365,1,0
1.0538694734040654,0.050554537486061424,0.09326023857568026,1.2142535652005348,1.3707929238278704,0.8069893158657431,Placed,0.6467202940085341,1,1
-0.057044612920247185,0.050554537486061424,0.09326023857568026,0.09119891761650768,-0.557769216267544,-0.4341671428491004,Placed,0.11623135627792522,1,1
0.4190614240758872,1.611519271292134,1.2717988986409308,-1.0318557299675197,0.34222644911031613,0.8069893158657431,NotPlaced,0.8235499399187379,0,1
-0.057044612920247185,0.050554537486061424,0.09326023857568026,-1.0318557299675197,-1.0720524536263212,-2.1717861850498807,NotPlaced,-0.41425758145268365,0,1
0.10165739941179809,0.050554537486061424,0.09326023857568026,-1.0318557299675197,0.4707972584500104,0.31052673237980744,NotPlaced,-0.41425758145268365,0,1
-0.691852662248424,0.050554537486061424,0.09326023857568026,1.2142535652005348,0.4707972584500104,0.5587580241227753,NotPlaced,0.6467202940085341,0,1
1.0538694734040654,1.611519271292134,-1.0852784214895703,-1.0318557299675197,0.34222644911031613,0.06229544063683744,NotPlaced,-0.5910872273628871,0,1
-0.8505546745804693,0.050554537486061424,-1.0852784214895703,-1.0318557299675197,0.0850848304309275,0.8069893158657431,NotPlaced,-1.121576165093496,0,1
0.10165739941179809,-1.5104101963200112,1.2717988986409308,0.09119891761650768,-1.3291940723057099,0.31052673237980744,NotPlaced,0.2930610021881282,0,0
1.3712734980681531,0.050554537486061424,0.09326023857568026,0.09119891761650768,0.8565096864690933,-0.4341671428491004,Placed,0.11623135627792522,1,1
-1.3266607115766023,0.050554537486061424,1.2717988986409308,-1.0318557299675197,0.2136556397706218,-0.9306297263350372,NotPlaced,0.2930610021881282,0,1
1.3712734980681531,0.050554537486061424,1.2717988986409308,1.2142535652005348,-0.3006275975881554,1.3034518993516808,Placed,1.3540388776493464,1,1
0.10165739941179809,-1.5104101963200112,-1.0852784214895703,0.09119891761650768,-1.3291940723057099,-2.4200174767928493,NotPlaced,-1.121576165093496,0,0
0.736465448739975,1.611519271292134,1.2717988986409308,-1.0318557299675197,1.4993637331675649,0.31052673237980744,Placed,0.8235499399187379,1,1
-1.8027667485727352,-1.5104101963200112,0.09326023857568026,0.09119891761650768,-0.4291984069278497,-1.9235548933069118,NotPlaced,-0.41425758145268365,0,0
-0.5331506499163802,1.611519271292134,0.09326023857568026,-1.0318557299675197,-1.5863356909850983,-0.4341671428491004,NotPlaced,0.11623135627792522,0,1
1.0538694734040654,1.611519271292134,0.09326023857568026,1.2142535652005348,0.8565096864690933,1.3034518993516808,Placed,1.177209231739143,1,1
-0.3744486375843349,0.050554537486061424,0.09326023857568026,-1.0318557299675197,0.2136556397706218,-0.18593585110613037,NotPlaced,-0.41425758145268365,0,1
-1.8027667485727352,0.050554537486061424,-2.2638170815548206,-1.0318557299675197,1.2422221144881762,1.0552206076087132,Placed,-1.828894748734308,1,1
-0.3744486375843349,0.050554537486061424,-1.0852784214895703,0.09119891761650768,-1.0720524536263212,-0.6823984345920682,NotPlaced,-0.5910872273628871,0,1
-1.0092566869125132,-1.5104101963200112,0.09326023857568026,1.2142535652005348,-0.943481644286627,-0.18593585110613037,NotPlaced,0.11623135627792522,0,0
0.10165739941179809,0.050554537486061424,-1.0852784214895703,0.09119891761650768,-1.0720524536263212,0.06229544063683744,NotPlaced,-0.5910872273628871,0,1
1.529975510400197,-1.5104101963200112,1.2717988986409308,1.2142535652005348,1.2422221144881762,1.3034518993516808,Placed,0.8235499399187379,1,0
0.8951674610720188,1.611519271292134,1.2717988986409308,2.337308212784562,1.4993637331675649,1.3034518993516808,NotPlaced,2.4150167531105646,0,1
-0.057044612920247185,-1.5104101963200112,1.2717988986409308,-1.0318557299675197,0.2136556397706218,0.31052673237980744,NotPlaced,-0.2374279355424807,0,0
-0.21574662525229105,-1.5104101963200112,0.09326023857568026,0.09119891761650768,-1.2006232629660154,0.5587580241227753,NotPlaced,-0.41425758145268365,0,0
1.3712734980681531,0.050554537486061424,1.2717988986409308,-1.0318557299675197,-0.557769216267544,-0.6823984345920682,NotPlaced,0.2930610021881282,0,1
0.4190614240758872,0.050554537486061424,1.2717988986409308,1.2142535652005348,1.3707929238278704,1.3034518993516808,Placed,1.3540388776493464,1,1
-0.057044612920247185,0.050554537486061424,0.09326023857568026,-1.0318557299675197,0.9850804958087876,1.3034518993516808,Placed,-0.41425758145268365,1,1
-1.8027667485727352,-1.5104101963200112,-1.0852784214895703,-1.0318557299675197,-0.0434859789087668,-0.9306297263350372,NotPlaced,-1.6520651028241051,0,0
-0.21574662525229105,0.050554537486061424,-1.0852784214895703,-1.0318557299675197,-1.457764881645404,0.8069893158657431,NotPlaced,-1.121576165093496,0,1
-1.8027667485727352,0.050554537486061424,0.09326023857568026,-1.0318557299675197,0.2136556397706218,-1.1788610180780061,NotPlaced,-0.41425758145268365,0,1
0.260359411743842,0.050554537486061424,0.09326023857568026,1.2142535652005348,-1.3291940723057099,0.31052673237980744,NotPlaced,0.6467202940085341,0,1
-0.057044612920247185,0.050554537486061424,1.2717988986409308,-1.0318557299675197,0.4707972584500104,1.3034518993516808,Placed,0.2930610021881282,1,1
1.0538694734040654,0.050554537486061424,1.2717988986409308,1.2142535652005348,1.113651305148482,0.31052673237980744,Placed,1.3540388776493464,1,1
-0.21574662525229105,1.611519271292134,-1.0852784214895703,2.337308212784562,0.0850848304309275,-2.1717861850498807,NotPlaced,1.00037958582894,0,1
-0.057044612920247185,-1.5104101963200112,-1.0852784214895703,0.09119891761650768,-0.8149108349469326,0.31052673237980744,NotPlaced,-1.121576165093496,0,0
1.3712734980681531,0.050554537486061424,-1.0852784214895703,-1.0318557299675197,-0.4291984069278497,0.5587580241227753,NotPlaced,-1.121576165093496,0,1
1.0538694734040654,0.050554537486061424,1.2717988986409308,0.09119891761650768,1.113651305148482,0.5587580241227753,NotPlaced,0.8235499399187379,0,1
-0.057044612920247185,0.050554537486061424,0.09326023857568026,0.09119891761650768,-0.4291984069278497,-0.18593585110613037,NotPlaced,0.11623135627792522,0,1
0.4190614240758872,1.611519271292134,1.2717988986409308,1.2142535652005348,0.8565096864690933,0.31052673237980744,Placed,1.8845278153799556,1,1
-0.3744486375843349,1.611519271292134,1.2717988986409308,1.2142535652005348,0.2136556397706218,1.3034518993516808,NotPlaced,1.8845278153799556,0,1
0.8951674610720188,0.050554537486061424,1.2717988986409308,0.09119891761650768,0.9850804958087876,0.06229544063683744,Placed,0.8235499399187379,1,1
-0.057044612920247185,0.050554537486061424,0.09326023857568026,0.09119891761650768,-0.557769216267544,-0.6823984345920682,NotPlaced,0.11623135627792522,0,1
0.4190614240758872,0.050554537486061424,0.09326023857568026,0.09119891761650768,-1.9720481190041814,-0.18593585110613037,NotPlaced,0.11623135627792522,0,1
1.0538694734040654,-1.5104101963200112,1.2717988986409308,1.2142535652005348,0.5993680677897048,0.06229544063683744,Placed,0.8235499399187379,1,0
-1.3266607115766023,0.050554537486061424,0.09326023857568026,0.09119891761650768,-0.943481644286627,1.0552206076087132,NotPlaced,0.11623135627792522,0,1
-1.8027667485727352,1.611519271292134,0.09326023857568026,1.2142535652005348,1.113651305148482,1.0552206076087132,Placed,1.177209231739143,1,1
-1.8027667485727352,0.050554537486061424,-1.0852784214895703,0.09119891761650768,-0.557769216267544,-0.6823984345920682,NotPlaced,-0.5910872273628871,0,1
-1.3266607115766023,0.050554537486061424,-1.0852784214895703,-1.0318557299675197,-0.8149108349469326,-0.18593585110613037,NotPlaced,-1.121576165093496,0,1
1.2125714857361094,1.611519271292134,1.2717988986409308,1.2142535652005348,0.9850804958087876,0.31052673237980744,Placed,1.8845278153799556,1,1
-1.6440647362406915,-1.5104101963200112,-1.0852784214895703,-1.0318557299675197,-0.557769216267544,0.06229544063683744,Placed,-1.6520651028241051,1,0
-0.5331506499163802,0.050554537486061424,-1.0852784214895703,-1.0318557299675197,-0.3006275975881554,0.31052673237980744,NotPlaced,-1.121576165093496,0,1
0.260359411743842,0.050554537486061424,-1.0852784214895703,-1.0318557299675197,-1.0720524536263212,-0.6823984345920682,NotPlaced,-1.121576165093496,0,1
-0.5331506499163802,0.050554537486061424,-1.0852784214895703,-1.0318557299675197,0.34222644911031613,0.31052673237980744,NotPlaced,-1.121576165093496,0,1
-1.6440647362406915,0.050554537486061424,-1.0852784214895703,0.09119891761650768,-0.557769216267544,-1.6753236015639428,NotPlaced,-0.5910872273628871,0,1
-0.5331506499163802,-1.5104101963200112,-1.0852784214895703,-1.0318557299675197,-1.457764881645404,-1.6753236015639428,NotPlaced,-1.6520651028241051,0,0
1.529975510400197,0.050554537486061424,-1.0852784214895703,1.2142535652005348,-0.6863400256072383,-1.1788610180780061,NotPlaced,-0.060598289632277744,0,1
-1.6440647362406915,0.050554537486061424,0.09326023857568026,-1.0318557299675197,-0.943481644286627,-1.1788610180780061,NotPlaced,-0.41425758145268365,0,1
-1.0092566869125132,0.050554537486061424,-1.0852784214895703,1.2142535652005348,-0.4291984069278497,0.31052673237980744,NotPlaced,-0.060598289632277744,0,1
0.736465448739975,0.050554537486061424,-1.0852784214895703,-1.0318557299675197,-2.1006189283438754,-2.916480060278785,NotPlaced,-1.121576165093496,0,1
1.2125714857361094,0.050554537486061424,-1.0852784214895703,0.09119891761650768,-1.2006232629660154,-0.4341671428491004,NotPlaced,-0.5910872273628871,0,1
0.4190614240758872,1.611519271292134,1.2717988986409308,1.2142535652005348,1.113651305148482,0.5587580241227753,NotPlaced,1.8845278153799556,0,1
0.736465448739975,0.050554537486061424,0.09326023857568026,0.09119891761650768,1.2422221144881762,1.3034518993516808,Placed,0.11623135627792522,1,1
-1.8027667485727352,0.050554537486061424,1.2717988986409308,-1.0318557299675197,1.4993637331675649,0.8069893158657431,Placed,0.2930610021881282,1,1
0.260359411743842,0.050554537486061424,-1.0852784214895703,0.09119891761650768,1.4993637331675649,-0.9306297263350372,Placed,-0.5910872273628871,1,1
0.260359411743842,0.050554537486061424,-1.0852784214895703,-1.0318557299675197,-0.1720567882484611,-0.6823984345920682,Placed,-1.121576165093496,1,1
-0.21574662525229105,0.050554537486061424,-1.0852784214895703,-1.0318557299675197,-1.0720524536263212,-0.9306297263350372,NotPlaced,-1.121576165093496,0,1
0.577763436407931,0.050554537486061424,-1.0852784214895703,-1.0318557299675197,0.5993680677897048,1.0552206076087132,NotPlaced,-1.121576165093496,0,1
1.2125714857361094,0.050554537486061424,0.09326023857568026,1.2142535652005348,0.727938877129399,0.31052673237980744,Placed,0.6467202940085341,1,1
2.0060815473963314,-1.5104101963200112,1.2717988986409308,-1.0318557299675197,0.5993680677897048,1.3034518993516808,Placed,-0.2374279355424807,1,0
-1.6440647362406915,1.611519271292134,-1.0852784214895703,-1.0318557299675197,-2.3577605470232643,-0.4341671428491004,NotPlaced,-0.5910872273628871,0,1
0.577763436407931,0.050554537486061424,0.09326023857568026,0.09119891761650768,0.2136556397706218,-0.18593585110613037,NotPlaced,0.11623135627792522,0,1
0.4190614240758872,0.050554537486061424,-1.0852784214895703,-1.0318557299675197,-0.0434859789087668,-0.9306297263350372,NotPlaced,-1.121576165093496,0,1
0.577763436407931,1.611519271292134,1.2717988986409308,-1.0318557299675197,0.727938877129399,0.8069893158657431,NotPlaced,0.8235499399187379,0,1
2.0060815473963314,0.050554537486061424,1.2717988986409308,1.2142535652005348,0.34222644911031613,1.3034518993516808,Placed,1.3540388776493464,1,1
-1.8027667485727352,0.050554537486061424,-1.0852784214895703,-1.0318557299675197,0.727938877129399,-0.9306297263350372,NotPlaced,-1.121576165093496,0,1
1.3712734980681531,0.050554537486061424,1.2717988986409308,-1.0318557299675197,-0.557769216267544,0.06229544063683744,NotPlaced,0.2930610021881282,0,1
-0.057044612920247185,0.050554537486061424,0.09326023857568026,0.09119891761650768,-0.4291984069278497,-0.4341671428491004,NotPlaced,0.11623135627792522,0,1
0.4190614240758872,-1.5104101963200112,0.09326023857568026,-1.0318557299675197,0.2136556397706218,-0.18593585110613037,NotPlaced,-0.944746519183293,0,0
-1.167958699244557,1.611519271292134,-1.0852784214895703,1.2142535652005348,1.4993637331675649,1.3034518993516808,Placed,0.46989064809833114,1,1
1.2125714857361094,1.611519271292134,0.09326023857568026,1.2142535652005348,0.9850804958087876,1.3034518993516808,Placed,1.177209231739143,1,1
0.260359411743842,0.050554537486061424,-1.0852784214895703,-1.0318557299675197,0.5993680677897048,-1.1788610180780061,NotPlaced,-1.121576165093496,0,1
0.10165739941179809,0.050554537486061424,-1.0852784214895703,0.09119891761650768,1.4993637331675649,-0.4341671428491004,Placed,-0.5910872273628871,1,1
-0.21574662525229105,0.050554537486061424,1.2717988986409308,-1.0318557299675197,0.4707972584500104,1.0552206076087132,NotPlaced,0.2930610021881282,0,1
1.8473795350642876,-1.5104101963200112,1.2717988986409308,0.09119891761650768,1.4993637331675649,1.3034518993516808,Placed,0.2930610021881282,1,0
0.10165739941179809,0.050554537486061424,0.09326023857568026,-1.0318557299675197,-0.6863400256072383,1.3034518993516808,Placed,-0.41425758145268365,1,1
1.2125714857361094,-1.5104101963200112,1.2717988986409308,-1.0318557299675197,-0.4291984069278497,0.8069893158657431,Placed,-0.2374279355424807,1,0
-1.4853627239086462,0.050554537486061424,0.09326023857568026,-1.0318557299675197,0.4707972584500104,1.0552206076087132,Placed,-0.41425758145268365,1,1
-1.4853627239086462,0.050554537486061424,1.2717988986409308,0.09119891761650768,1.2422221144881762,0.06229544063683744,NotPlaced,0.8235499399187379,0,1
1.2125714857361094,0.050554537486061424,0.09326023857568026,1.2142535652005348,0.34222644911031613,-0.18593585110613037,Placed,0.6467202940085341,1,1
-1.167958699244557,-1.5104101963200112,-1.0852784214895703,0.09119891761650768,-0.6863400256072383,-1.9235548933069118,NotPlaced,-1.121576165093496,0,0
0.10165739941179809,1.611519271292134,1.2717988986409308,0.09119891761650768,1.3707929238278704,1.0552206076087132,Placed,1.3540388776493464,1,1
0.4190614240758872,0.050554537486061424,-1.0852784214895703,0.09119891761650768,0.9850804958087876,0.06229544063683744,NotPlaced,-0.5910872273628871,0,1
-1.3266607115766023,0.050554537486061424,0.09326023857568026,-1.0318557299675197,-1.3291940723057099,-0.4341671428491004,NotPlaced,-0.41425758145268365,0,1
-0.057044612920247185,0.050554537486061424,-1.0852784214895703,-1.0318557299675197,-0.8149108349469326,0.5587580241227753,NotPlaced,-1.121576165093496,0,1
0.260359411743842,1.611519271292134,1.2717988986409308,0.09119891761650768,0.0850848304309275,-0.9306297263350372,NotPlaced,1.3540388776493464,0,1
1.2125714857361094,0.050554537486061424,-1.0852784214895703,-1.0318557299675197,-0.8149108349469326,-1.9235548933069118,NotPlaced,-1.121576165093496,0,1
-1.4853627239086462,0.050554537486061424,-1.0852784214895703,0.09119891761650768,-1.9720481190041814,0.8069893158657431,NotPlaced,-0.5910872273628871,0,1
0.577763436407931,0.050554537486061424,0.09326023857568026,0.09119891761650768,0.5993680677897048,-0.6823984345920682,Placed,0.11623135627792522,1,1
0.4190614240758872,-1.5104101963200112,1.2717988986409308,1.2142535652005348,0.4707972584500104,0.31052673237980744,Placed,0.8235499399187379,1,0
0.10165739941179809,0.050554537486061424,0.09326023857568026,-1.0318557299675197,0.2136556397706218,-0.6823984345920682,NotPlaced,-0.41425758145268365,0,1
-1.6440647362406915,1.611519271292134,-1.0852784214895703,1.2142535652005348,1.4993637331675649,1.3034518993516808,NotPlaced,0.46989064809833114,0,1
-0.21574662525229105,0.050554537486061424,0.09326023857568026,-1.0318557299675197,0.2136556397706218,0.06229544063683744,NotPlaced,-0.41425758145268365,0,1
0.260359411743842,0.050554537486061424,1.2717988986409308,-1.0318557299675197,1.4993637331675649,0.8069893158657431,NotPlaced,0.2930610021881282,0,1
-1.8027667485727352,0.050554537486061424,0.09326023857568026,-1.0318557299675197,0.4707972584500104,-0.4341671428491004,NotPlaced,-0.41425758145268365,0,1
-1.167958699244557,0.050554537486061424,-1.0852784214895703,0.09119891761650768,-0.3006275975881554,0.31052673237980744,NotPlaced,-0.5910872273628871,0,1
1.2125714857361094,0.050554537486061424,0.09326023857568026,1.2142535652005348,0.9850804958087876,0.5587580241227753,Placed,0.6467202940085341,1,1
1.2125714857361094,0.050554537486061424,0.09326023857568026,2.337308212784562,-0.4291984069278497,-1.1788610180780061,NotPlaced,1.177209231739143,0,1
-1.3266607115766023,0.050554537486061424,0.09326023857568026,1.2142535652005348,0.727938877129399,-0.4341671428491004,Placed,0.6467202940085341,1,1
0.260359411743842,0.050554537486061424,1.2717988986409308,1.2142535652005348,0.5993680677897048,0.5587580241227753,Placed,1.3540388776493464,1,1
-1.8027667485727352,-1.5104101963200112,-1.0852784214895703,-1.0318557299675197,0.34222644911031613,-0.18593585110613037,NotPlaced,-1.6520651028241051,0,0
1.688677522732241,-1.5104101963200112,0.09326023857568026,0.09119891761650768,0.2136556397706218,1.3034518993516808,Placed,-0.41425758145268365,1,0
-0.3744486375843349,1.611519271292134,1.2717988986409308,1.2142535652005348,1.4993637331675649,0.8069893158657431,Placed,1.8845278153799556,1,1
-1.8027667485727352,-1.5104101963200112,-1.0852784214895703,-1.0318557299675197,-1.2006232629660154,0.31052673237980744,NotPlaced,-1.6520651028241051,0,0
0.577763436407931,0.050554537486061424,0.09326023857568026,0.09119891761650768,-0.6863400256072383,0.31052673237980744,Placed,0.11623135627792522,1,1
0.4190614240758872,0.050554537486061424,0.09326023857568026,-1.0318557299675197,1.4993637331675649,1.3034518993516808,Placed,-0.41425758145268365,1,1
0.10165739941179809,0.050554537486061424,0.09326023857568026,1.2142535652005348,0.34222644911031613,-0.6823984345920682,Placed,0.6467202940085341,1,1
0.8951674610720188,0.050554537486061424,0.09326023857568026,1.2142535652005348,1.4993637331675649,1.0552206076087132,NotPlaced,0.6467202940085341,0,1
-1.0092566869125132,0.050554537486061424,1.2717988986409308,0.09119891761650768,1.2422221144881762,1.3034518993516808,Placed,0.8235499399187379,1,1
-0.057044612920247185,0.050554537486061424,0.09326023857568026,-1.0318557299675197,-0.943481644286627,-1.9235548933069118,NotPlaced,-0.41425758145268365,0,1
0.577763436407931,1.611519271292134,-1.0852784214895703,-1.0318557299675197,-0.1720567882484611,0.5587580241227753,NotPlaced,-0.5910872273628871,0,1
-0.21574662525229105,-1.5104101963200112,1.2717988986409308,0.09119891761650768,-0.3006275975881554,0.31052673237980744,Placed,0.2930610021881282,1,0
-0.21574662525229105,0.050554537486061424,-1.0852784214895703,0.09119891761650768,-1.2006232629660154,-2.1717861850498807,NotPlaced,-0.5910872273628871,0,1
1.2125714857361094,-1.5104101963200112,1.2717988986409308,1.2142535652005348,0.9850804958087876,1.3034518993516808,Placed,0.8235499399187379,1,0
-0.3744486375843349,0.050554537486061424,-1.0852784214895703,-1.0318557299675197,0.34222644911031613,-0.9306297263350372,NotPlaced,-1.121576165093496,0,1
1.3712734980681531,-1.5104101963200112,0.09326023857568026,-1.0318557299675197,0.34222644911031613,-2.6682487685358174,NotPlaced,-0.944746519183293,0,0
-0.8505546745804693,0.050554537486061424,0.09326023857568026,-1.0318557299675197,0.2136556397706218,-1.9235548933069118,NotPlaced,-0.41425758145268365,0,1
-0.5331506499163802,0.050554537486061424,-1.0852784214895703,0.09119891761650768,-2.3577605470232643,-0.4341671428491004,NotPlaced,-0.5910872273628871,0,1
0.260359411743842,1.611519271292134,0.09326023857568026,1.2142535652005348,0.2136556397706218,1.3034518993516808,NotPlaced,1.177209231739143,0,1
-1.8027667485727352,0.050554537486061424,0.09326023857568026,1.2142535652005348,1.4993637331675649,1.3034518993516808,NotPlaced,0.6467202940085341,0,1
0.260359411743842,1.611519271292134,0.09326023857568026,1.2142535652005348,1.2422221144881762,0.06229544063683744,NotPlaced,1.177209231739143,0,1
0.260359411743842,1.611519271292134,0.09326023857568026,-1.0318557299675197,-0.6863400256072383,-0.18593585110613037,NotPlaced,0.11623135627792522,0,1
-1.167958699244557,-1.5104101963200112,-1.0852784214895703,-1.0318557299675197,-1.0720524536263212,0.06229544063683744,NotPlaced,-1.6520651028241051,0,0
0.577763436407931,0.050554537486061424,0.09326023857568026,-1.0318557299675197,1.2422221144881762,0.31052673237980744,Placed,-0.41425758145268365,1,1
1.0538694734040654,-1.5104101963200112,1.2717988986409308,1.2142535652005348,1.3707929238278704,0.5587580241227753,Placed,0.8235499399187379,1,0
0.260359411743842,0.050554537486061424,1.2717988986409308,0.09119891761650768,1.3707929238278704,0.8069893158657431,Placed,0.8235499399187379,1,1
0.10165739941179809,1.611519271292134,0.09326023857568026,0.09119891761650768,0.34222644911031613,1.3034518993516808,Placed,0.6467202940085345,1,1
1.8473795350642876,-1.5104101963200112,1.2717988986409308,-1.0318557299675197,1.4993637331675649,0.31052673237980744,NotPlaced,-0.2374279355424807,0,0
-0.057044612920247185,0.050554537486061424,0.09326023857568026,-1.0318557299675197,0.8565096864690933,0.8069893158657431,NotPlaced,-0.41425758145268365,0,1
0.10165739941179809,0.050554537486061424,0.09326023857568026,0.09119891761650768,-1.3291940723057099,0.5587580241227753,NotPlaced,0.11623135627792522,0,1
-0.057044612920247185,0.050554537486061424,1.2717988986409308,0.09119891761650768,-0.6863400256072383,0.06229544063683744,NotPlaced,0.8235499399187379,0,1
0.260359411743842,-1.5104101963200112,1.2717988986409308,2.337308212784562,-0.943481644286627,1.3034518993516808,Placed,1.3540388776493464,1,0
1.0538694734040654,-1.5104101963200112,1.2717988986409308,-1.0318557299675197,0.9850804958087876,0.06229544063683744,NotPlaced,-0.2374279355424807,0,0
0.260359411743842,-1.5104101963200112,0.09326023857568026,-1.0318557299675197,0.0850848304309275,0.06229544063683744,Placed,-0.944746519183293,1,0
-0.21574662525229105,-1.5104101963200112,-1.0852784214895703,-1.0318557299675197,-1.3291940723057099,-0.4341671428491004,NotPlaced,-1.6520651028241051,0,0
-1.0092566869125132,-1.5104101963200112,0.09326023857568026,0.09119891761650768,-1.843477309664487,1.0552206076087132,NotPlaced,-0.41425758145268365,0,0
1.3712734980681531,0.050554537486061424,1.2717988986409308,1.2142535652005348,0.4707972584500104,1.3034518993516808,Placed,1.3540388776493464,1,1
0.8951674610720188,-1.5104101963200112,0.09326023857568026,1.2142535652005348,0.0850848304309275,0.5587580241227753,NotPlaced,0.11623135627792522,0,0
0.577763436407931,0.050554537486061424,-1.0852784214895703,0.09119891761650768,-0.3006275975881554,-1.1788610180780061,NotPlaced,-0.5910872273628871,0,1
-0.3744486375843349,1.611519271292134,-1.0852784214895703,0.09119891761650768,-0.4291984069278497,0.31052673237980744,NotPlaced,-0.06059828963227817,0,1
-0.057044612920247185,0.050554537486061424,-1.0852784214895703,0.09119891761650768,0.5993680677897048,-0.18593585110613037,Placed,-0.5910872273628871,1,1
0.260359411743842,0.050554537486061424,-1.0852784214895703,1.2142535652005348,-0.557769216267544,-1.1788610180780061,NotPlaced,-0.060598289632277744,0,1
-1.8027667485727352,0.050554537486061424,1.2717988986409308,1.2142535652005348,1.4993637331675649,1.3034518993516808,Placed,1.3540388776493464,1,1
0.577763436407931,1.611519271292134,1.2717988986409308,-1.0318557299675197,-0.4291984069278497,0.31052673237980744,NotPlaced,0.8235499399187379,0,1
-0.3744486375843349,0.050554537486061424,0.09326023857568026,-1.0318557299675197,-1.3291940723057099,-1.1788610180780061,NotPlaced,-0.41425758145268365,0,1
0.8951674610720188,1.611519271292134,1.2717988986409308,1.2142535652005348,-0.0434859789087668,1.3034518993516808,Placed,1.8845278153799556,1,1
-0.21574662525229105,0.050554537486061424,-1.0852784214895703,0.09119891761650768,-0.6863400256072383,-1.6753236015639428,NotPlaced,-0.5910872273628871,0,1
-1.167958699244557,-1.5104101963200112,-1.0852784214895703,-1.0318557299675197,0.0850848304309275,1.3034518993516808,NotPlaced,-1.6520651028241051,0,0
-1.167958699244557,-1.5104101963200112,-1.0852784214895703,0.09119891761650768,-0.3006275975881554,-1.1788610180780061,NotPlaced,-1.121576165093496,0,0
1.3712734980681531,-1.5104101963200112,1.2717988986409308,1.2142535652005348,0.5993680677897048,0.5587580241227753,NotPlaced,0.8235499399187379,0,0
-1.6440647362406915,0.050554537486061424,1.2717988986409308,1.2142535652005348,0.34222644911031613,0.5587580241227753,NotPlaced,1.3540388776493464,0,1
-0.3744486375843349,0.050554537486061424,1.2717988986409308,-1.0318557299675197,0.34222644911031613,0.8069893158657431,NotPlaced,0.2930610021881282,0,1
-0.21574662525229105,0.050554537486061424,-1.0852784214895703,-1.0318557299675197,-0.6863400256072383,-0.6823984345920682,NotPlaced,-1.121576165093496,0,1
-1.167958699244557,-1.5104101963200112,1.2717988986409308,-1.0318557299675197,-0.3006275975881554,-1.1788610180780061,NotPlaced,-0.2374279355424807,0,0
-0.057044612920247185,0.050554537486061424,-1.0852784214895703,0.09119891761650768,-0.1720567882484611,0.5587580241227753,NotPlaced,-0.5910872273628871,0,1
-0.057044612920247185,0.050554537486061424,0.09326023857568026,-1.0318557299675197,0.4707972584500104,-0.18593585110613037,NotPlaced,-0.41425758145268365,0,1
0.260359411743842,0.050554537486061424,1.2717988986409308,-1.0318557299675197,0.34222644911031613,0.06229544063683744,Placed,0.2930610021881282,1,1
0.736465448739975,0.050554537486061424,1.2717988986409308,0.09119891761650768,1.3707929238278704,1.0552206076087132,Placed,0.8235499399187379,1,1
0.260359411743842,1.611519271292134,1.2717988986409308,1.2142535652005348,0.9850804958087876,1.3034518993516808,Placed,1.8845278153799556,1,1
-1.8027667485727352,0.050554537486061424,-1.0852784214895703,-1.0318557299675197,-1.5863356909850983,-0.18593585110613037,NotPlaced,-1.121576165093496,0,1
1.2125714857361094,0.050554537486061424,1.2717988986409308,-1.0318557299675197,0.4707972584500104,0.5587580241227753,Placed,0.2930610021881282,1,1
-0.8505546745804693,0.050554537486061424,-1.0852784214895703,2.337308212784562,0.5993680677897048,-0.18593585110613037,Placed,0.46989064809833114,1,1
-1.4853627239086462,0.050554537486061424,-1.0852784214895703,-1.0318557299675197,-1.5863356909850983,0.31052673237980744,NotPlaced,-1.121576165093496,0,1
0.260359411743842,-1.5104101963200112,-1.0852784214895703,0.09119891761650768,-0.1720567882484611,-0.4341671428491004,NotPlaced,-1.121576165093496,0,0
1.2125714857361094,1.611519271292134,-1.0852784214895703,1.2142535652005348,0.727938877129399,0.5587580241227753,NotPlaced,0.46989064809833114,0,1
-0.3744486375843349,-1.5104101963200112,-1.0852784214895703,-1.0318557299675197,-1.7149065003247927,-2.1717861850498807,NotPlaced,-1.6520651028241051,0,0
-0.21574662525229105,0.050554537486061424,-1.0852784214895703,-1.0318557299675197,0.727938877129399,-0.18593585110613037,NotPlaced,-1.121576165093496,0,1
-0.5331506499163802,0.050554537486061424,0.09326023857568026,-1.0318557299675197,0.4707972584500104,0.31052673237980744,NotPlaced,-0.41425758145268365,0,1
-1.0092566869125132,-1.5104101963200112,1.2717988986409308,2.337308212784562,-0.3006275975881554,0.5587580241227753,Placed,1.3540388776493464,1,0
